date,transaction_volume,transaction_value_usd,avg_transaction_value,digital_transaction_share,international_transaction_share,fed_funds_rate,inflation_rate,unemployment_rate,vix,sp500_index,day_of_week,month,quarter,is_weekend,is_month_end,is_quarter_end,is_holiday,target_next_day_volume
2019-01-01,879090,45019478.37,51.21,0.483,0.1084,1.8217640587309103,2.1181815787510105,3.838795283472944,15.280638451270285,2800.0,1,1,1,0,0,0,1,1040815.0
2019-01-02,1040815,49998974.29,48.04,0.4698,0.1159,1.797946929099212,2.3204524162428535,3.8453500650868024,16.43132206323616,2764.344080176643,2,1,1,0,0,0,0,1156659.0
2019-01-03,1156659,55642937.91,48.11,0.4879,0.1154,1.8309671069683864,2.1345289364374507,3.842178223868051,15.817043566071666,2748.545977287565,3,1,1,0,0,0,0,1097754.0
2019-01-04,1097754,51649358.52,47.05,0.4901,0.1043,1.8675628768825618,2.027756069743322,3.903749070499166,14.896852572886008,2746.2430044148978,4,1,1,0,0,0,0,1034090.0
2019-01-05,1034090,50475760.98,48.81,0.4613,0.1052,1.7988577148254843,2.101979078435254,3.8785513719852625,16.756124946783018,2780.9031822572474,5,1,1,1,0,0,0,924697.0
2019-01-06,924697,42856302.98,46.35,0.4681,0.111,1.8004405858554777,1.9690525559713659,3.8710416317564422,12.328754984385995,2780.441397706945,6,1,1,1,0,0,0,1043046.0
2019-01-07,1043046,53557617.12,51.35,0.4826,0.1208,1.8745568353300361,2.1062405769473145,3.79888304911862,17.66234038295923,2792.4324531894276,0,1,1,0,0,0,0,1010619.0
2019-01-08,1010619,50624598.22,50.09,0.4783,0.099,1.8436680118377151,2.0475806024510823,3.8459390599840484,13.185947803082342,2778.358294213342,1,1,1,0,0,0,0,1025830.0
2019-01-09,1025830,50891153.54,49.61,0.4816,0.1123,1.7957739857118116,2.188993061155872,3.912258281207416,14.51380486089344,2791.267041770485,2,1,1,0,0,0,0,1146071.0
2019-01-10,1146071,52792951.49,46.06,0.4734,0.1024,1.8378377370181131,2.073335577346032,3.8716859245128354,15.250399867384072,2834.442035637813,3,1,1,0,0,0,0,1037619.0
2019-01-11,1037619,50298270.62,48.47,0.4909,0.1069,1.7991810344695232,2.109494680499293,3.905273571296434,15.156871792505942,2860.6808156371085,4,1,1,0,0,0,0,1010428.0
2019-01-12,1010428,50518215.98,50.0,0.4901,0.1086,1.8006709888644155,2.069528661311683,3.9631382518768725,16.573448469954705,2859.3142356479652,5,1,1,1,0,0,0,876658.0
2019-01-13,876658,43034711.64,49.09,0.4832,0.1084,1.830561133750863,2.261018898232198,3.9292785243395043,14.129412754022848,2877.48599275232,6,1,1,1,0,0,0,1012351.0
2019-01-14,1012351,47290270.85,46.71,0.4941,0.1078,1.7459339211786122,2.097749023061981,3.8845617247398243,15.74474912035964,2893.2223573921365,0,1,1,0,0,0,0,1046385.0
2019-01-15,1046385,49450017.88,47.26,0.4877,0.1111,1.7550509270787222,2.2715908011358428,3.8569300973376652,14.77093335793804,2907.189738771502,1,1,1,0,0,0,0,1054791.0
2019-01-16,1054791,50178313.39,47.57,0.4746,0.1079,1.8031386671054632,2.1916562972251956,3.7573981181783194,15.851858612235507,2937.1850743483424,2,1,1,0,0,0,0,1100982.0
2019-01-17,1100982,52143783.43,47.36,0.4871,0.1024,1.7866994669850764,2.1666275246092486,3.8792728213078704,15.45280284982894,2967.291663831889,3,1,1,0,0,0,0,1077455.0
2019-01-18,1077455,54493450.88,50.58,0.4741,0.116,1.8413651614011082,2.159098966242365,3.874028472621718,15.674826978821423,2964.6629964228914,4,1,1,0,0,0,0,912961.0
2019-01-19,912961,41464844.93,45.42,0.4926,0.1159,1.7940568713008487,2.1626423105394545,3.9125051308827445,14.936099494367825,2982.6104575148056,5,1,1,1,0,0,0,929088.0
2019-01-20,929088,45803999.06,49.3,0.4836,0.1165,1.7754682595703875,1.9784630030967956,3.887970110583974,15.01656407750551,2973.114826705068,6,1,1,1,0,0,0,1040660.0
2019-01-21,1040660,48280580.7,46.39,0.4824,0.1023,1.8921689359147105,2.1119044775821876,3.8823456299973538,16.005921757304307,2949.28304329802,0,1,1,0,0,0,0,1010046.0
2019-01-22,1010046,47378560.36,46.91,0.4777,0.1134,1.8260945120607441,2.203366169780982,3.812115540978085,16.826125650383233,2942.9036469948455,1,1,1,0,0,0,0,1020798.0
2019-01-23,1020798,46294367.71,45.35,0.4969,0.1157,1.8394092697368827,2.133380170101696,3.856828927278489,15.008118517311845,2941.6503635574113,2,1,1,0,0,0,0,1110685.0
2019-01-24,1110685,52822745.17,47.56,0.4834,0.1055,1.7813007872774365,2.0264151858941837,3.9304230618626703,14.715829713931402,2898.7440805992824,3,1,1,0,0,0,0,970011.0
2019-01-25,970011,49145523.26,50.66,0.4809,0.1119,1.8180979717918406,2.136176449085763,3.995170575416732,16.526706402928006,2922.0401764681333,4,1,1,0,0,0,0,995807.0
2019-01-26,995807,48607893.65,48.81,0.4818,0.1112,1.8458927404433814,2.278235667055153,3.907305234684111,15.783655381830046,2850.9096365833625,5,1,1,1,0,0,0,904319.0
2019-01-27,904319,42172270.63,46.63,0.4909,0.123,1.7969986370427047,2.2431969592698398,3.9314001264698932,16.851262113473997,2922.1917208400496,6,1,1,1,0,0,0,1025895.0
2019-01-28,1025895,51268113.57,49.97,0.4894,0.1236,1.8596488285299335,2.1400236597460722,3.965483441298526,14.799606495381521,2962.737793482929,0,1,1,0,0,0,0,1099096.0
2019-01-29,1099096,55297435.82,50.31,0.4901,0.1021,1.822177869399431,2.222638229896892,3.88018682175359,13.783025802011672,2956.5649497116638,1,1,1,0,0,0,0,1126133.0
2019-01-30,1126133,54772085.23,48.64,0.4905,0.1271,1.836118154922021,2.1187399687075437,3.941966362873238,15.310423614162172,2957.5961607172967,2,1,1,0,0,0,0,1113751.0
2019-01-31,1113751,57413654.82,51.55,0.5078,0.1068,1.8253001042358379,2.0132889679895944,3.8895175870011514,15.06196411025533,2966.4559066945885,3,1,1,0,1,0,0,1086709.0
2019-02-01,1086709,54059928.56,49.75,0.4826,0.1182,1.9250419329888206,2.077179489131451,3.972722167580961,15.918478724473799,2951.5496610741648,4,2,1,0,0,0,0,985004.0
2019-02-02,985004,48811387.81,49.55,0.4817,0.1182,1.851993323755389,2.277705838236713,3.940012505208904,15.280123064843888,2957.4553858966187,5,2,1,1,0,0,0,853425.0
2019-02-03,853425,40402723.54,47.34,0.4789,0.1065,1.8118071501592432,2.1322931408207118,3.9503490363720832,16.964741270712125,2954.4101671974663,6,2,1,1,0,0,0,1041637.0
2019-02-04,1041637,51565615.45,49.5,0.4934,0.1155,1.8885997229957934,2.1362795884014796,3.8993034260492467,15.760791462622146,2952.6906553336585,0,2,1,0,0,0,0,1022644.0
2019-02-05,1022644,50012252.81,48.9,0.4988,0.112,1.8084464815164751,2.1333008259723765,3.976814832984037,16.318055433777232,2958.3057891862004,1,2,1,0,0,0,0,1113321.0
2019-02-06,1113321,54971061.03,49.38,0.4865,0.116,1.8672170313188552,2.3111562260952527,4.0487518001909155,16.357421357371287,2924.3206757678176,2,2,1,0,0,0,0,1044039.0
2019-02-07,1044039,49681070.57,47.59,0.4795,0.1141,1.7820578987591584,2.290439258568234,3.8971967194719994,16.432835646815004,2926.1455026655735,3,2,1,0,0,0,0,1098904.0
2019-02-08,1098904,53649358.93,48.82,0.4798,0.12,1.808899431341492,2.339402026431693,3.9337038456315243,16.200416269057712,2931.239081740769,4,2,1,0,0,0,0,953415.0
2019-02-09,953415,45210590.37,47.42,0.4948,0.1134,1.8714834429001668,2.1507128562285773,3.9653951335233795,16.872421951488356,2935.4287347345635,5,2,1,1,0,0,0,896777.0
2019-02-10,896777,40749990.86,45.44,0.4959,0.112,1.894729724618042,2.1886230872645465,3.9962816363095124,15.335089397065301,2930.5208172733396,6,2,1,1,0,0,0,1029652.0
2019-02-11,1029652,51662682.67,50.17,0.4941,0.1196,1.8736278056059321,2.0451781560562003,3.9321543091686393,17.999192294452918,2961.4839360290393,0,2,1,0,0,0,0,1120675.0
2019-02-12,1120675,52044238.83,46.44,0.4823,0.1166,1.8637290981951264,2.2862005096571583,3.8216742678676447,16.065898234065894,2952.8702539279016,1,2,1,0,0,0,0,1036358.0
2019-02-13,1036358,50647488.41,48.87,0.4914,0.1176,1.8578927761990651,2.07615933773943,4.034503406269852,14.805569844031936,2959.718422572538,2,2,1,0,0,0,0,1067172.0
2019-02-14,1067172,52532134.15,49.23,0.4905,0.1093,1.812377875549556,2.1884594309639906,4.007811505619625,16.634632294721523,2995.2893120230556,3,2,1,0,0,0,0,1034571.0
2019-02-15,1034571,50934057.82,49.23,0.4917,0.1071,1.8443067517922467,2.084868592488347,3.885905338335543,15.416869244474594,2993.9629869982,4,2,1,0,0,0,0,914968.0
2019-02-16,914968,44223816.52,48.33,0.4985,0.11,1.8562566652906913,2.127078569306295,3.945965165464136,17.26585130264538,3000.563332550149,5,2,1,1,0,0,0,915735.0
2019-02-17,915735,45037019.16,49.18,0.4922,0.1098,1.918548729433844,2.108741740746708,4.058068119095906,19.14795947363673,2998.778425284308,6,2,1,1,0,0,0,1030735.0
2019-02-18,1030735,51018293.16,49.5,0.4969,0.1183,1.8915901216990867,2.1286272203614502,4.055388840429679,15.581344502137314,3033.188089167398,0,2,1,0,0,0,0,1017817.0
2019-02-19,1017817,50798294.5,49.91,0.491,0.1195,1.8089052563312846,2.1356616043411276,4.033295798326402,16.952687798117946,3026.9880724951386,1,2,1,0,0,0,0,1085055.0
2019-02-20,1085055,55796587.82,51.42,0.4935,0.1128,1.8939716136747915,2.136463756995231,3.980947834967732,14.47565250628088,3062.991709465266,2,2,1,0,0,0,0,1019020.0
2019-02-21,1019020,50125557.22,49.19,0.4971,0.1224,1.867186273187556,2.2485254614055648,3.9973174943494483,17.15516842629195,3060.976983570684,3,2,1,0,0,0,0,1031413.0
2019-02-22,1031413,50488424.71,48.95,0.4764,0.1221,1.8570939082801103,2.095002848062197,3.990061632122039,15.575649773078485,3038.225973049602,4,2,1,0,0,0,0,890416.0
2019-02-23,890416,42304137.24,47.51,0.488,0.1154,1.9102189753506893,2.2025679312086495,4.05648496714989,15.916526760915854,3057.701200528101,5,2,1,1,0,0,0,930805.0
2019-02-24,930805,46112526.58,49.54,0.4867,0.1091,1.9285729490545234,2.2838937046287184,3.959771293757144,15.372400843680115,3050.169309515953,6,2,1,1,0,0,0,1098046.0
2019-02-25,1098046,54796386.64,49.9,0.4852,0.1235,1.926165123368993,2.146933215930713,3.966789371186783,17.599933385069136,3068.0979092257203,0,2,1,0,0,0,0,1122272.0
2019-02-26,1122272,54575969.54,48.63,0.489,0.1138,1.8569260714589957,2.132086951159225,4.06113464954013,17.95731200068829,2994.4776600056507,1,2,1,0,0,0,0,1026580.0
2019-02-27,1026580,51073505.65,49.75,0.5069,0.115,1.879707031715958,2.172609601875426,4.011970162151884,16.80358811112449,2995.447940867116,2,2,1,0,0,0,0,1157937.0
2019-02-28,1157937,56172972.79,48.51,0.4835,0.1123,1.9069067161942588,2.286960257672073,4.086704787294108,15.764973788130686,2983.9112099404615,3,2,1,0,1,0,0,1006047.0
2019-03-01,1006047,50274491.27,49.97,0.5021,0.109,1.9342585312874039,2.209641067769866,3.987824984374053,18.736251060755396,2956.315283370915,4,3,1,0,0,0,0,985758.0
2019-03-02,985758,49633395.92,50.35,0.4758,0.1056,1.8776501962824974,2.153145064762593,4.022306962578509,15.954643179486359,2942.451305942792,5,3,1,1,0,0,0,911399.0
2019-03-03,911399,45884619.57,50.35,0.4894,0.1183,1.8909711359089483,2.235881613817331,3.9825967472595782,14.286779579550643,2928.1144209009376,6,3,1,1,0,0,0,1021399.0
2019-03-04,1021399,50242400.18,49.19,0.4946,0.1099,1.8557243120387126,2.1105168931225564,4.03278339515674,17.457136036945855,2927.6681626123905,0,3,1,0,0,0,0,1034602.0
2019-03-05,1034602,49111254.58,47.47,0.499,0.133,1.8537095461652142,2.254737307007439,3.9622122454005138,15.606955197703137,2892.670835957731,1,3,1,0,0,0,0,1051300.0
2019-03-06,1051300,50595351.71,48.13,0.5005,0.1082,1.9356388255244268,2.2344448972422226,4.01550883609225,18.14439248111728,2901.7299383783534,2,3,1,0,0,0,0,1089034.0
2019-03-07,1089034,54400164.39,49.95,0.5015,0.1072,1.9589672539100806,2.178658874534024,3.9718554288708856,16.525832233719758,2938.454821722758,3,3,1,0,0,0,0,1088385.0
2019-03-08,1088385,57410932.46,52.75,0.4903,0.1179,1.9034169839515995,2.1377233888843454,4.082168714404062,17.732544223732106,2946.7225186804662,4,3,1,0,0,0,0,880138.0
2019-03-09,880138,42757084.65,48.58,0.4893,0.1241,1.948018313960624,2.1354019282771612,4.087133380750251,18.71453187820866,2969.0921004322727,5,3,1,1,0,0,0,893343.0
2019-03-10,893343,44479837.49,49.79,0.5027,0.1154,1.9239219187361387,2.2506473748988567,3.96864918254481,15.606493182567005,2999.331759720394,6,3,1,1,0,0,0,1021472.0
2019-03-11,1021472,49324802.16,48.29,0.4924,0.1185,1.885231034978099,2.307705438658615,4.125742168975194,16.402137851507344,3033.75347593509,0,3,1,0,0,0,0,1056463.0
2019-03-12,1056463,50368490.91,47.68,0.4818,0.1041,1.9270708618321577,2.1599268016464905,4.187831470128101,17.014338972785147,3086.1212228850604,1,3,1,0,0,0,0,1040406.0
2019-03-13,1040406,50083492.95,48.14,0.4834,0.1111,1.9757155750271576,2.2491061811062614,4.069201245973104,18.973828021800443,3073.1584397028623,2,3,1,0,0,0,0,1025101.0
2019-03-14,1025101,47200311.24,46.04,0.4857,0.1088,1.9143400051568205,2.0469962952337193,4.038812917496763,16.36206678150446,3054.2179473765923,3,3,1,0,0,0,0,1074567.0
2019-03-15,1074567,55032595.52,51.21,0.5001,0.104,1.9799375841944102,2.16871162671739,4.216080464345304,16.46181576779303,3076.7052605493477,4,3,1,0,0,0,0,1032177.0
2019-03-16,1032177,47329123.08,45.85,0.4967,0.1161,1.814140679221883,2.2145182836385535,4.012938522986827,17.771814773699045,3097.2626441438088,5,3,1,1,0,0,0,911468.0
2019-03-17,911468,44496410.64,48.82,0.5024,0.102,1.9533850804653061,2.145749630800141,4.083943100585886,16.527926410895383,3119.8509976086,6,3,1,1,0,0,0,1040862.0
2019-03-18,1040862,49401573.09,47.46,0.4914,0.1076,1.9255692087072318,2.1451244410406916,4.095997642850509,17.425912891406348,3174.2605459112397,0,3,1,0,0,0,0,1094802.0
2019-03-19,1094802,52460699.5,47.92,0.4975,0.1124,1.9117052237336356,2.1681425625695114,4.1583806902230105,15.403041296093546,3175.494644890356,1,3,1,0,0,0,0,1020534.0
2019-03-20,1020534,52378375.94,51.32,0.5023,0.1107,1.9289139839832024,2.246459638878638,4.113245170257125,19.9438072236983,3188.611827958542,2,3,1,0,0,0,0,1099821.0
2019-03-21,1099821,54525168.3,49.58,0.4932,0.1182,1.8473186722132282,2.2096164984335838,4.074489674567722,15.690803368203847,3161.5090346625616,3,3,1,0,0,0,0,1032871.0
2019-03-22,1032871,49414381.83,47.84,0.501,0.1177,1.9196122671794955,2.047062214649094,4.056053636388331,16.943109786829606,3223.7816448592976,4,3,1,0,0,0,0,1014670.0
2019-03-23,1014670,49130951.41,48.42,0.49,0.1213,1.9442611947870065,2.057981877018042,4.090741688157713,17.311107221673726,3214.9583199364884,5,3,1,1,0,0,0,932839.0
2019-03-24,932839,44936405.02,48.17,0.4932,0.1205,1.9906698356084054,2.180605121850356,4.061734873971406,19.66589195271409,3206.978151831409,6,3,1,1,0,0,0,1038132.0
2019-03-25,1038132,51148256.86,49.27,0.4932,0.1229,1.912400476962853,2.2672849692237325,4.118749608152536,15.801140759788707,3197.9099991293324,0,3,1,0,0,0,0,1024549.0
2019-03-26,1024549,50826926.31,49.61,0.4852,0.1161,1.9023685807634947,2.012384609109323,4.092454368133337,19.79139546596993,3180.3236681078256,1,3,1,0,0,0,0,1031807.0
2019-03-27,1031807,53868540.07,52.21,0.5022,0.118,1.9162149069625198,2.1937207731105435,4.050296953556251,18.339260356661303,3160.429888617547,2,3,1,0,0,0,0,1116358.0
2019-03-28,1116358,51916194.92,46.5,0.4929,0.1193,1.974477959216193,2.1931127744475316,4.192119724946175,17.950560688767407,3146.482590995307,3,3,1,0,0,0,0,1003645.0
2019-03-29,1003645,49521832.81,49.34,0.4979,0.1172,1.9525884240099178,2.347792254729962,4.108871421701635,16.28758210077187,3108.9465845123586,4,3,1,0,0,0,0,894745.0
2019-03-30,894745,43784869.24,48.94,0.5027,0.114,1.9198242932425935,2.207435319469919,4.07476993255874,18.17330401552114,3087.9500664112697,5,3,1,1,0,0,0,905055.0
2019-03-31,905055,46016119.46,50.84,0.5026,0.1145,1.9631215344864439,2.2703872062846715,4.134214744856678,16.638236068219044,3143.5098213491146,6,3,1,1,1,1,0,999986.0
2019-04-01,999986,49969804.21,49.97,0.5049,0.1116,1.9480498862513953,2.2525588617557,4.150526502420418,19.044590255056466,3165.3167271938914,0,4,2,0,0,0,0,1005261.0
2019-04-02,1005261,50603254.48,50.34,0.4975,0.1191,1.9844883397128206,2.0723223439772376,4.064294192735042,16.37718809456489,3192.7384019349784,1,4,2,0,0,0,0,941842.0
2019-04-03,941842,47078037.61,49.99,0.4944,0.1161,1.919235978203965,2.3057327691453837,4.17273898682926,17.424224993367503,3227.6910320729803,2,4,2,0,0,0,0,994871.0
2019-04-04,994871,47837344.6,48.08,0.498,0.1127,1.9357869813748243,2.263015588259873,4.108367354890189,16.91092489504554,3282.37701445877,3,4,2,0,0,0,0,1009305.0
2019-04-05,1009305,51790790.88,51.31,0.4821,0.1128,1.9347843071674087,2.287952170522682,4.250874943441303,16.409145135603286,3231.411765474763,4,4,2,0,0,0,0,841435.0
2019-04-06,841435,42667992.18,50.71,0.4847,0.1096,1.8935029995614043,2.5628956319131486,4.196149521024522,18.500357197535063,3196.7820141643388,5,4,2,1,0,0,0,908732.0
2019-04-07,908732,46253108.73,50.9,0.4861,0.1228,1.9654631682726582,2.083572629865762,4.154614292653543,18.26960328088208,3174.6777342404803,6,4,2,1,0,0,0,1039514.0
2019-04-08,1039514,53468050.47,51.44,0.4896,0.1175,1.9656351206630407,2.3897815493121355,4.142038584716433,19.093821075130116,3162.21888042899,0,4,2,0,0,0,0,1015081.0
2019-04-09,1015081,50937111.2,50.18,0.5037,0.1119,1.9569717908863442,2.230313259910232,4.178766231792971,15.522789533416457,3154.6093800551694,1,4,2,0,0,0,0,1010620.0
2019-04-10,1010620,52339555.32,51.79,0.4908,0.122,1.9489578977697952,2.277797698965354,4.219401838057282,18.95094823923434,3142.875572502274,2,4,2,0,0,0,0,895730.0
2019-04-11,895730,44919699.99,50.15,0.4963,0.1138,1.90330046893032,2.252671802401613,4.192265393675381,20.695456898064894,3150.0196114744667,3,4,2,0,0,0,0,991680.0
2019-04-12,991680,48857885.87,49.27,0.5132,0.1088,1.9446631836203878,2.223874330317901,4.187490148071107,17.161593021722023,3151.956934957836,4,4,2,0,0,0,0,911751.0
2019-04-13,911751,45223362.27,49.6,0.4968,0.1234,1.9493538935912245,2.2137261065838576,4.20610485276881,19.992052346600786,3132.4505103531774,5,4,2,1,0,0,0,859459.0
2019-04-14,859459,42619488.17,49.59,0.5079,0.1142,1.9325446384026184,2.2871719818172958,4.17786197360207,17.416058044440135,3072.6295410972807,6,4,2,1,0,0,0,983775.0
2019-04-15,983775,48066660.52,48.86,0.4914,0.115,1.9597573302209872,2.140934957076239,4.195793606909511,16.09860167477264,3046.2045238136134,0,4,2,0,0,0,0,1109818.0
2019-04-16,1109818,57821806.97,52.1,0.4988,0.1178,1.9839435944761892,2.3238517732439203,4.113593732894759,17.39203884829293,3032.090090731211,1,4,2,0,0,0,0,1080121.0
2019-04-17,1080121,54125679.11,50.11,0.4916,0.1244,2.0448015671745647,2.232005481210131,4.271529652130388,19.029608036564788,3026.2609114169927,2,4,2,0,0,0,0,1033089.0
2019-04-18,1033089,51470822.02,49.82,0.4978,0.1178,1.9779095813790935,2.1763900765454385,4.242773813456603,16.778576562547375,2996.5470245885854,3,4,2,0,0,0,0,1061045.0
2019-04-19,1061045,53345457.9,50.28,0.5098,0.1105,1.9828005864660199,2.232288171037822,4.194182376405702,17.07626512628067,2984.2355542384403,4,4,2,0,0,0,0,769047.0
2019-04-20,769047,41664996.61,54.18,0.4843,0.121,1.9710925978277503,2.3703536886586503,4.3328438826055855,18.520858708646887,2954.9017744975777,5,4,2,1,0,0,0,842460.0
2019-04-21,842460,40458086.06,48.02,0.5061,0.1149,1.8988912085400416,2.2284464613364268,4.247340701918115,17.82387873496209,2952.4464992577164,6,4,2,1,0,0,0,980633.0
2019-04-22,980633,47528731.14,48.47,0.5043,0.1292,1.976152881326241,2.3014400298817255,4.196296279951225,18.53300335835458,2924.951423185571,0,4,2,0,0,0,0,993817.0
2019-04-23,993817,47382879.47,47.68,0.4961,0.118,1.9811937778629218,2.2157766554682508,4.29608480159719,18.12775323229243,2903.566215081891,1,4,2,0,0,0,0,976582.0
2019-04-24,976582,48255987.2,49.41,0.4878,0.1046,2.078885138448901,2.3363752574785686,4.278325757823994,18.42846166348037,2870.436088729325,2,4,2,0,0,0,0,891841.0
2019-04-25,891841,44720281.02,50.14,0.5031,0.1202,1.974231648643896,2.3320694053425934,4.283358758552244,17.344353712963883,2867.3415247721136,3,4,2,0,0,0,0,1018029.0
2019-04-26,1018029,49975988.13,49.09,0.4972,0.1298,1.995558360457942,2.426603684441917,4.247579436534393,18.15104536222851,2845.9318296655356,4,4,2,0,0,0,0,905162.0
2019-04-27,905162,44346305.88,48.99,0.505,0.1277,1.9836781191960924,2.2661549585019007,4.296660553137292,16.769621891874454,2870.1242117708316,5,4,2,1,0,0,0,939537.0
2019-04-28,939537,47004253.02,50.03,0.5031,0.1293,1.9398893328400226,2.3351764498039254,4.266347540849444,19.4377382657416,2881.503172454359,6,4,2,1,0,0,0,972033.0
2019-04-29,972033,47703139.1,49.08,0.519,0.1122,2.033918969881383,2.291012344931319,4.3125633981559375,17.13928286514777,2880.5694096092407,0,4,2,0,0,0,0,957281.0
2019-04-30,957281,48158171.21,50.31,0.5008,0.1239,2.019852717618542,2.388318435924144,4.19488119646678,19.263469388880115,2860.8409043070087,1,4,2,0,1,0,0,877315.0
2019-05-01,877315,45204937.07,51.53,0.4931,0.1141,2.0229857467204067,2.228622719487005,4.273828102558199,17.63660833874988,2871.53204332564,2,5,2,0,0,0,0,980655.0
2019-05-02,980655,49899378.89,50.88,0.5053,0.1199,1.9565377741590528,2.347209208465362,4.387054187612519,18.167063393154447,2890.3218050910345,3,5,2,0,0,0,0,1038978.0
2019-05-03,1038978,53198489.88,51.2,0.5058,0.111,2.050593576756436,2.2735113188631058,4.268049052911472,17.338077851679127,2894.922400815631,4,5,2,0,0,0,0,846259.0
2019-05-04,846259,43601821.01,51.52,0.5174,0.1148,1.9399760197071458,2.285429204091736,4.281697873097545,16.71985366991867,2937.9096044555386,5,5,2,1,0,0,0,972494.0
2019-05-05,972494,48946869.55,50.33,0.5123,0.1147,2.021092327282372,2.2993804397822,4.295010483953508,15.851990091156416,2950.9942716183514,6,5,2,1,0,0,0,989088.0
2019-05-06,989088,49139785.34,49.68,0.5076,0.1242,2.086803970770252,2.3136942730861145,4.262218436752351,16.68560883662158,2976.273905325475,0,5,2,0,0,0,0,1006649.0
2019-05-07,1006649,49098573.6,48.77,0.5189,0.1236,1.9611317133247037,2.2856903264242576,4.218126354176524,17.569242838237123,2980.771594699889,1,5,2,0,0,0,0,933798.0
2019-05-08,933798,46090965.04,49.36,0.4925,0.1206,1.9796683936154613,2.313638111817847,4.322624204103642,18.217763995289282,2999.8777659999705,2,5,2,0,0,0,0,1000248.0
2019-05-09,1000248,49184694.46,49.17,0.4981,0.1109,2.0078732072476377,2.424181698534702,4.346591130511351,19.18117913425951,2979.362354699418,3,5,2,0,0,0,0,908267.0
2019-05-10,908267,46383500.38,51.07,0.4954,0.1171,1.9853146872007283,2.3782382057626545,4.342849065810224,17.438669076068134,2968.013654914122,4,5,2,0,0,0,0,902007.0
2019-05-11,902007,45554361.69,50.5,0.5009,0.1146,1.944993445226857,2.3704033463138883,4.343938093898719,16.919717962806697,2978.282593870582,5,5,2,1,0,0,0,907060.0
2019-05-12,907060,46297043.5,51.04,0.4912,0.1244,2.0113284764594073,2.2658953267049493,4.359073327040768,16.250944520626884,2988.3929279922777,6,5,2,1,0,0,0,1055173.0
2019-05-13,1055173,50930609.45,48.27,0.5115,0.1263,1.9676594873244666,2.2326654851848673,4.413834190950559,18.56204832933573,3003.008813342682,0,5,2,0,0,0,0,939243.0
2019-05-14,939243,48998452.45,52.17,0.503,0.1256,2.0306607124335954,2.381693802510282,4.35897222564671,19.649213338467067,3033.839960418533,1,5,2,0,0,0,0,994145.0
2019-05-15,994145,49103027.97,49.39,0.4907,0.1148,1.976505123626037,2.376817242438973,4.345624416348404,19.51202231055242,2996.1126779388173,2,5,2,0,0,0,0,1012376.0
2019-05-16,1012376,48993826.49,48.39,0.4954,0.1029,2.076844242964567,2.4260096201418575,4.366137880550944,18.84702948204824,2970.8773041454456,3,5,2,0,0,0,0,1012072.0
2019-05-17,1012072,49994588.54,49.4,0.5088,0.1088,1.9850812023535123,2.261338700049537,4.415058705980013,18.76368453802314,2977.9512351415005,4,5,2,0,0,0,0,815351.0
2019-05-18,815351,43861666.94,53.79,0.5142,0.128,2.0050930317344107,2.292753149941754,4.462621530597753,20.03654175770234,2959.525064090074,5,5,2,1,0,0,0,757120.0
2019-05-19,757120,37477167.23,49.5,0.5259,0.1171,2.0520800280082834,2.1814169010664917,4.36657342333404,18.399490109433494,3051.830715866168,6,5,2,1,0,0,0,1008132.0
2019-05-20,1008132,50008934.19,49.61,0.5352,0.1151,1.9718682997294508,2.28263522805066,4.408919325234407,18.777585810805643,3066.9894858930074,0,5,2,0,0,0,0,987819.0
2019-05-21,987819,49210116.5,49.82,0.5104,0.1295,2.0317644865387097,2.395214521991231,4.4269141301057235,17.618166425374337,3065.789806045613,1,5,2,0,0,0,0,977197.0
2019-05-22,977197,48756272.09,49.89,0.4964,0.1273,2.0765146973446926,2.2796238889905167,4.366422568421617,16.36917126236566,3052.5586688317335,2,5,2,0,0,0,0,1033586.0
2019-05-23,1033586,50600751.2,48.96,0.4852,0.1199,1.961492234622355,2.3696352061946957,4.423159116078392,17.18316070035668,3040.3518226541046,3,5,2,0,0,0,0,993257.0
2019-05-24,993257,50015697.56,50.36,0.5093,0.1181,2.0347391715562813,2.3046085339654887,4.354972919087099,17.99258493928074,3042.1346715457803,4,5,2,0,0,0,0,804882.0
2019-05-25,804882,41665087.49,51.77,0.4986,0.1191,2.039311056144912,2.34722395279714,4.345954000804774,18.07595554141845,3046.1626831268854,5,5,2,1,0,0,0,766254.0
2019-05-26,766254,38799333.17,50.64,0.5027,0.1213,2.0617502579317106,2.2309333273462633,4.458925272186792,20.31363497577291,3034.6258314820006,6,5,2,1,0,0,0,943550.0
2019-05-27,943550,45770110.78,48.51,0.5009,0.1296,1.9825605824175092,2.331013274123165,4.4276071616678445,18.09834566541402,3028.1319947436846,0,5,2,0,0,0,0,1099898.0
2019-05-28,1099898,54632026.32,49.67,0.5057,0.1226,1.9807812808132508,2.086352143521516,4.463159353975066,19.413789353335883,3065.9609716353866,1,5,2,0,0,0,0,1029103.0
2019-05-29,1029103,50807524.28,49.37,0.5179,0.1245,2.056037806727778,2.312136446854047,4.458426481672921,17.475092583446767,3105.3876612594595,2,5,2,0,0,0,0,1007050.0
2019-05-30,1007050,50643234.01,50.29,0.5089,0.1272,2.048599791676859,2.1980940055087017,4.416808558598175,17.620827087438425,3113.4275469680306,3,5,2,0,0,0,0,991802.0
2019-05-31,991802,51788139.59,52.22,0.5059,0.1132,2.048300038884174,2.4264537509885047,4.4697045788657315,16.397327688216688,3077.047840538082,4,5,2,0,1,0,0,843850.0
2019-06-01,843850,42199570.54,50.01,0.4973,0.1248,2.05369783045683,2.393607693740725,4.416682330233482,17.09828884160638,3092.9809206620316,5,6,2,1,0,0,0,900470.0
2019-06-02,900470,45123068.99,50.11,0.491,0.1186,2.0141981451146815,2.370188283225449,4.55428744695322,18.618053784526836,3137.5505451829035,6,6,2,1,0,0,0,957984.0
2019-06-03,957984,50696808.76,52.92,0.503,0.1053,2.052248166074895,2.4559731774432128,4.42337303816724,17.99099127184095,3177.4830349149083,0,6,2,0,0,0,0,1003303.0
2019-06-04,1003303,51749480.9,51.58,0.5074,0.1077,2.056239451261389,2.259815999882714,4.4878462690060585,19.109338929454214,3199.5767985718167,1,6,2,0,0,0,0,963536.0
2019-06-05,963536,49272169.89,51.14,0.5258,0.1144,2.0175006773054287,2.476953579620947,4.4520171363231285,18.190862829874767,3241.8367957229148,2,6,2,0,0,0,0,1067907.0
2019-06-06,1067907,56837986.62,53.22,0.5095,0.1237,2.122263541356208,2.4131736034759608,4.539178116052791,17.545612563036762,3244.433161151685,3,6,2,0,0,0,0,1002544.0
2019-06-07,1002544,51161822.27,51.03,0.5182,0.1213,2.0681433474537245,2.321106154624224,4.5006429386331055,20.5413672179925,3263.871554774295,4,6,2,0,0,0,0,907971.0
2019-06-08,907971,42972608.15,47.33,0.5034,0.1218,2.0030950009000876,2.4323110258362717,4.4978696760317645,17.84523726210376,3244.9761335650846,5,6,2,1,0,0,0,818889.0
2019-06-09,818889,42228119.05,51.57,0.4967,0.1324,2.078566033415022,2.254387299259593,4.573082593101357,19.347691609541624,3254.56837205238,6,6,2,1,0,0,0,1033504.0
2019-06-10,1033504,49547321.8,47.94,0.499,0.1131,2.014873006304271,2.2783575358537407,4.538544489455205,17.464468438679535,3294.8054886119135,0,6,2,0,0,0,0,962851.0
2019-06-11,962851,49122339.86,51.02,0.5015,0.1206,2.0868996747259443,2.297057894438407,4.569586504675091,18.790929929682623,3278.4290880706367,1,6,2,0,0,0,0,980310.0
2019-06-12,980310,46838589.66,47.78,0.5302,0.1227,2.1033157622808925,2.3048517669022917,4.5014001219557445,19.04618441675495,3254.1588075579593,2,6,2,0,0,0,0,1055898.0
2019-06-13,1055898,52435917.34,49.66,0.5008,0.1165,2.0256999236799693,2.2640687838992255,4.4869684543937876,18.175577131171508,3258.0668384205214,3,6,2,0,0,0,0,945146.0
2019-06-14,945146,47091784.88,49.82,0.5175,0.1211,2.0986171652993355,2.4478619458425532,4.569343258494751,15.092496626353363,3252.4782998436467,4,6,2,0,0,0,0,859955.0
2019-06-15,859955,42331761.93,49.23,0.5002,0.1114,2.078147885023029,2.330727339907009,4.554844704066665,17.931938929815114,3272.5947214394682,5,6,2,1,0,0,0,861478.0
2019-06-16,861478,42959805.65,49.87,0.5186,0.1295,2.096073203945661,2.3810549601634743,4.608943443257606,19.37842069726039,3260.3279221960784,6,6,2,1,0,0,0,1000089.0
2019-06-17,1000089,51954334.43,51.95,0.5133,0.117,2.1406162859259448,2.3086437964922735,4.580491421869406,18.526353562334233,3312.2180362036925,0,6,2,0,0,0,0,960326.0
2019-06-18,960326,47382384.41,49.34,0.508,0.1334,2.0564824282219454,2.210039450345324,4.601636111149767,18.419568932321695,3275.0583572893524,1,6,2,0,0,0,0,1085989.0
2019-06-19,1085989,55644358.5,51.24,0.5092,0.121,2.0377015073987006,2.378706570305095,4.517138996936869,15.808720113262268,3313.299041667288,2,6,2,0,0,0,0,929520.0
2019-06-20,929520,45529785.57,48.98,0.5032,0.1274,2.0338229904734324,2.2055343027591636,4.699685940946715,17.001431670528888,3291.640900714911,3,6,2,0,0,0,0,1044478.0
2019-06-21,1044478,52386835.59,50.16,0.5143,0.121,2.0383233802312315,2.3544351414994598,4.604038065226484,18.349842242606893,3239.9185080108505,4,6,2,0,0,0,0,904302.0
2019-06-22,904302,46061221.4,50.94,0.5054,0.1212,2.06942355522766,2.2518702650947953,4.654145589134071,18.338597299235943,3247.921499897977,5,6,2,1,0,0,0,925765.0
2019-06-23,925765,45329798.36,48.96,0.4978,0.1179,2.087705140296926,2.521725583230585,4.584507641457443,19.29335378656168,3241.545916683955,6,6,2,1,0,0,0,907583.0
2019-06-24,907583,44019054.97,48.5,0.4973,0.1222,2.0866777344315115,2.437058981753644,4.6487885121522465,17.651224986344634,3210.384798437834,0,6,2,0,0,0,0,937893.0
2019-06-25,937893,48035350.09,51.22,0.5119,0.1234,2.1102480747618713,2.3740151471545383,4.575351275078976,18.3010638646156,3163.204888802354,1,6,2,0,0,0,0,1044591.0
2019-06-26,1044591,54498812.26,52.17,0.5261,0.1169,2.079231061745524,2.4680546707804476,4.670231998838188,17.82243572388379,3164.0034632964457,2,6,2,0,0,0,0,901369.0
2019-06-27,901369,45409573.96,50.38,0.512,0.1209,2.1384021871000893,2.300654557652626,4.636994484029833,16.606872320223523,3192.9610478102954,3,6,2,0,0,0,0,920886.0
2019-06-28,920886,45878796.58,49.82,0.5093,0.118,2.07122398305243,2.4132382857845105,4.6634466694907495,15.07237988305071,3210.8692592390425,4,6,2,0,0,0,0,822643.0
2019-06-29,822643,41748212.61,50.75,0.5134,0.1355,2.1921660475956215,2.3871432640497035,4.7041090604895235,18.28437961934142,3213.564709056072,5,6,2,1,0,0,0,857430.0
2019-06-30,857430,43392502.62,50.61,0.5237,0.1212,2.109934589337698,2.393676917870222,4.614835697522139,17.96345962552079,3228.50627456452,6,6,2,1,1,1,0,1042493.0
2019-07-01,1042493,53060530.16,50.9,0.5129,0.1311,2.052169795379405,2.475738855532028,4.649519497661882,17.00018835799317,3228.779286021451,0,7,3,0,0,0,0,969053.0
2019-07-02,969053,45303130.05,46.75,0.5067,0.1207,2.045168185411313,2.4339435841221944,4.71392056078283,15.785990712749642,3188.5506215719497,1,7,3,0,0,0,0,934908.0
2019-07-03,934908,45761334.33,48.95,0.522,0.1234,2.1088501529107266,2.3998341196555675,4.803304445643258,18.47141452793451,3149.0745628916093,2,7,3,0,0,0,0,815783.0
2019-07-04,815783,40211544.39,49.29,0.5153,0.114,2.082159696911532,2.245735607021119,4.69885691104268,17.3830848575761,3144.360914893427,3,7,3,0,0,0,1,985723.0
2019-07-05,985723,50069563.15,50.79,0.5264,0.1193,2.1212047589609417,2.302711632423321,4.742713985010134,18.356638034328913,3140.8570161634875,4,7,3,0,0,0,0,846015.0
2019-07-06,846015,43024809.98,50.86,0.513,0.1233,2.1131203517008674,2.371085708667217,4.715233114017738,19.91118822230322,3166.0533436800742,5,7,3,1,0,0,0,841576.0
2019-07-07,841576,43374654.03,51.54,0.499,0.1316,2.0928233721852227,2.3897576482057583,4.825146691047752,15.090301493659837,3188.7633247272406,6,7,3,1,0,0,0,886976.0
2019-07-08,886976,45218310.85,50.98,0.4976,0.1234,2.063410034206283,2.293255337285122,4.648154122261237,16.805937976600084,3207.241873545624,0,7,3,0,0,0,0,925657.0
2019-07-09,925657,45034293.36,48.65,0.5279,0.1305,2.0382327182602453,2.577987882945147,4.747754974484541,17.379405468568148,3200.224987544154,1,7,3,0,0,0,0,1021921.0
2019-07-10,1021921,53938042.2,52.78,0.5287,0.126,2.082510401388168,2.5077457182320804,4.6692832081328435,19.36140690267281,3161.7570987885715,2,7,3,0,0,0,0,985599.0
2019-07-11,985599,51770136.7,52.53,0.5098,0.132,2.1361709092010446,2.435982430328953,4.632795935064095,15.636658508610626,3174.5616983459117,3,7,3,0,0,0,0,941555.0
2019-07-12,941555,45890910.25,48.74,0.5078,0.1219,2.1120222287204826,2.3949530052299233,4.780589178265538,19.907874815011148,3190.6653305898844,4,7,3,0,0,0,0,888426.0
2019-07-13,888426,45428645.18,51.13,0.5263,0.1367,2.0551720107459768,2.373588745951309,4.780309824401546,17.732146550222865,3123.850538459807,5,7,3,1,0,0,0,788378.0
2019-07-14,788378,39221480.79,49.75,0.5007,0.1195,2.1134714411281115,2.3157857044586465,4.766739079084946,17.437980761028392,3101.517152389475,6,7,3,1,0,0,0,957760.0
2019-07-15,957760,48710589.4,50.86,0.5029,0.1178,2.1234990985980056,2.3995096459460936,4.7833441773616965,17.299362056329567,3083.31803093031,0,7,3,0,0,0,0,975176.0
2019-07-16,975176,50941539.27,52.24,0.5183,0.1152,2.074273860251909,2.415301731425747,4.951268602778595,16.99716656814183,3087.6373469452565,1,7,3,0,0,0,0,942897.0
2019-07-17,942897,50785542.51,53.86,0.508,0.1365,2.117318469072732,2.2967093016019358,4.791171242189191,18.761873219359956,3066.4207906475795,2,7,3,0,0,0,0,977436.0
2019-07-18,977436,50631711.28,51.8,0.512,0.1275,2.115038671425552,2.4241511713259816,4.837339026130229,16.205167986263803,3066.396872737029,3,7,3,0,0,0,0,958087.0
2019-07-19,958087,48980801.77,51.12,0.5105,0.1206,2.0685319172255965,2.386361530502283,4.787143635848115,17.88496515601096,3061.6198798499545,4,7,3,0,0,0,0,779132.0
2019-07-20,779132,39095943.75,50.18,0.5155,0.1301,2.130102176489148,2.2475211277450375,4.842178649609231,16.992347603387415,3058.2653797891126,5,7,3,1,0,0,0,851093.0
2019-07-21,851093,43379471.3,50.97,0.5263,0.1268,2.1397615604451508,2.332676686407256,4.823336368538237,16.521532072706925,3039.632906544025,6,7,3,1,0,0,0,892047.0
2019-07-22,892047,47049107.4,52.74,0.5132,0.1345,2.1621912687115508,2.3697790719134035,4.822578855781837,20.521825278844187,3023.2204488980005,0,7,3,0,0,0,0,967915.0
2019-07-23,967915,49018431.34,50.64,0.5188,0.1135,2.1625598808456843,2.5552408224842926,4.941931935782573,17.903922338893366,2994.9792797109785,1,7,3,0,0,0,0,1025650.0
2019-07-24,1025650,50655129.49,49.39,0.4919,0.1212,2.0668391419247527,2.4501066188052136,4.917753790287548,18.119237498407127,3006.2556357487356,2,7,3,0,0,0,0,950887.0
2019-07-25,950887,45923061.06,48.29,0.512,0.12,2.0859705689442296,2.3000986616124965,4.873664509867628,18.73076701985741,3022.768068941681,3,7,3,0,0,0,0,923168.0
2019-07-26,923168,47544087.42,51.5,0.5041,0.111,2.1456221690727983,2.4471731637356253,4.759574113829392,15.641797478499955,3002.891006336413,4,7,3,0,0,0,0,823568.0
2019-07-27,823568,42091921.4,51.11,0.5004,0.1293,2.1471089161439014,2.2858572659182004,4.8647164723295475,19.43202475808587,3045.30068647586,5,7,3,1,0,0,0,812477.0
2019-07-28,812477,40442013.9,49.78,0.5038,0.1213,2.148695635102271,2.4976064407447467,5.02592501292022,14.300265659429892,3037.7191202790136,6,7,3,1,0,0,0,997068.0
2019-07-29,997068,52137443.44,52.29,0.5093,0.1274,2.283738764585624,2.3746489986531882,4.887271516149849,16.370125566130817,3080.887334530488,0,7,3,0,0,0,0,963694.0
2019-07-30,963694,48305807.08,50.13,0.5219,0.1372,2.154000428417353,2.40619412911845,4.962020488296923,16.723338039969207,3064.1734636253136,1,7,3,0,0,0,0,1038000.0
2019-07-31,1038000,52484269.28,50.56,0.4995,0.1209,2.178122260308715,2.521093044658969,4.987035563914549,17.953683511645465,3009.8141738183467,2,7,3,0,1,0,0,1010822.0
2019-08-01,1010822,51295451.68,50.75,0.5131,0.1206,2.1723940536025776,2.313398747466128,4.933989072744798,17.499434493835885,3021.755990085295,3,8,3,0,0,0,0,954942.0
2019-08-02,954942,47986964.96,50.25,0.508,0.1238,2.161823501100718,2.3059431260160697,4.889075599230114,17.018078910372907,3029.5537573974125,4,8,3,0,0,0,0,863194.0
2019-08-03,863194,44141724.67,51.14,0.5096,0.1291,2.124690466854573,2.372363606756006,4.8175500071882755,17.185080197015616,3031.5241269797566,5,8,3,1,0,0,0,814526.0
2019-08-04,814526,42776712.46,52.52,0.523,0.1198,2.169192906646509,2.5034590536173624,4.981695631212356,16.007015859650956,3015.07997055873,6,8,3,1,0,0,0,972257.0
2019-08-05,972257,47720701.54,49.08,0.5184,0.1194,2.109453544022656,2.3001764693465927,4.914944183287143,15.365087056873723,3015.170736444492,0,8,3,0,0,0,0,942181.0
2019-08-06,942181,48555197.57,51.53,0.5264,0.1296,2.1324257347057367,2.1964853311810506,4.972706442526756,18.014668406476623,3002.3541181246565,1,8,3,0,0,0,0,990786.0
2019-08-07,990786,50595736.48,51.07,0.5115,0.1256,2.124015373037305,2.3882969044943816,4.909647018156412,17.95636675907267,2995.2191922188154,2,8,3,0,0,0,0,1013186.0
2019-08-08,1013186,51717564.38,51.04,0.5061,0.1111,2.1482358241223483,2.469858918561595,4.967137203485403,19.006364650368983,3019.0260740386148,3,8,3,0,0,0,0,995875.0
2019-08-09,995875,51912323.62,52.13,0.5109,0.116,2.239077650456116,2.5230688400629475,4.990367756897443,16.1380006807863,3025.0715105846516,4,8,3,0,0,0,0,868617.0
2019-08-10,868617,44211890.7,50.9,0.5156,0.1324,2.073330653005457,2.3913214376716025,5.010415629853353,17.89845811054607,3042.766356458665,5,8,3,1,0,0,0,872839.0
2019-08-11,872839,44995842.83,51.55,0.515,0.1258,2.1770011229608426,2.3967848626662547,4.949570152459761,16.707710591526844,3037.4652495205182,6,8,3,1,0,0,0,976074.0
2019-08-12,976074,50668064.33,51.91,0.5024,0.1189,2.0865710348982374,2.5233338896958575,5.073503022682775,18.457839123891592,3029.169869383172,0,8,3,0,0,0,0,904990.0
2019-08-13,904990,45326520.78,50.09,0.5142,0.1225,2.133730847331246,2.2827635269800344,4.992179586475873,18.236778384743864,2998.9162362333745,1,8,3,0,0,0,0,1034594.0
2019-08-14,1034594,53070253.5,51.3,0.5156,0.1236,2.1976940939367755,2.402580422456899,4.946688071518005,17.24508369063311,2989.973840976754,2,8,3,0,0,0,0,1041342.0
2019-08-15,1041342,52562761.98,50.48,0.5385,0.128,2.1582347128640778,2.4502134040099253,5.033367688697082,16.56547329224426,2902.925159689796,3,8,3,0,0,0,0,942279.0
2019-08-16,942279,47734220.21,50.66,0.5321,0.1154,2.1140806550483315,2.472232583082389,5.048964761255285,18.107385387188295,2888.540911271873,4,8,3,0,0,0,0,808919.0
2019-08-17,808919,40752717.77,50.38,0.5048,0.1186,2.1301047219670797,2.396824324176071,5.063722145821119,17.712002486058235,2887.408882780664,5,8,3,1,0,0,0,858796.0
2019-08-18,858796,44291451.55,51.57,0.5105,0.1253,2.1874266926647947,2.4416760940546416,5.1322652329257075,16.095944879586995,2903.096027273966,6,8,3,1,0,0,0,995421.0
2019-08-19,995421,50761091.86,50.99,0.4988,0.1231,2.1325535161054257,2.2411647551923677,5.060821084356368,15.305590562204978,2897.0852183586508,0,8,3,0,0,0,0,952049.0
2019-08-20,952049,49000738.47,51.47,0.5075,0.1272,2.1719514080273234,2.3888793753901414,5.075166144641253,16.534517950054575,2907.1695904687153,1,8,3,0,0,0,0,892725.0
2019-08-21,892725,45399800.94,50.86,0.5166,0.1164,2.1666403036274877,2.4791264226393084,5.034509900719173,18.681209134322444,2851.6789078186766,2,8,3,0,0,0,0,967388.0
2019-08-22,967388,46898960.7,48.48,0.5255,0.1259,2.1402772623535915,2.3655668503605707,5.139236887847109,18.220613015016404,2851.2078665114013,3,8,3,0,0,0,0,988127.0
2019-08-23,988127,50332943.55,50.94,0.5062,0.1304,2.253622364826117,2.450171926442162,5.115982559290848,15.49232642108973,2809.408085062242,4,8,3,0,0,0,0,867145.0
2019-08-24,867145,44216066.22,50.99,0.507,0.1268,2.194744164047277,2.482503970560553,5.0943411117554165,15.40829115612157,2779.9862748957125,5,8,3,1,0,0,0,839501.0
2019-08-25,839501,43035597.05,51.26,0.4921,0.1247,2.089903976641091,2.4206493804748077,5.028701349050664,18.321905947317614,2776.2710821993364,6,8,3,1,0,0,0,952277.0
2019-08-26,952277,47626280.66,50.01,0.5119,0.1233,2.1798896028554764,2.4629877267138065,5.204765164318406,15.41242728275464,2809.3202099693713,0,8,3,0,0,0,0,1002792.0
2019-08-27,1002792,49251715.98,49.11,0.5029,0.1189,2.147481193196725,2.3736274890028284,5.079786600846344,17.369485008424117,2819.7018320910147,1,8,3,0,0,0,0,965456.0
2019-08-28,965456,50057694.57,51.85,0.5083,0.1235,2.2095706762364644,2.435410820079232,5.120249001957921,16.00243634447746,2821.146187799196,2,8,3,0,0,0,0,928071.0
2019-08-29,928071,46872600.67,50.51,0.5048,0.1315,2.145292672075783,2.502048801705873,5.176388372163295,18.665833826028177,2821.632960682552,3,8,3,0,0,0,0,956020.0
2019-08-30,956020,48925810.48,51.18,0.5127,0.1233,2.173923668619165,2.467079286651127,5.107317113952195,15.784811482410072,2804.546075269148,4,8,3,0,0,0,0,744847.0
2019-08-31,744847,37615730.4,50.5,0.496,0.1187,2.200231706191108,2.408887044371175,5.1011586804044775,18.065596175210516,2791.822751810114,5,8,3,1,1,0,0,816479.0
2019-09-01,816479,41573540.86,50.92,0.4989,0.1211,2.216180973843173,2.475033107626687,5.078340916665847,16.89995043854425,2803.56046699785,6,9,3,1,0,0,0,984793.0
2019-09-02,984793,49492591.1,50.26,0.5349,0.1253,2.1350569213383253,2.5155489798030386,5.2293069067015026,16.965645338200463,2769.7895749618124,0,9,3,0,0,0,0,986193.0
2019-09-03,986193,48798963.84,49.48,0.5007,0.1219,2.171206198448288,2.295667446273609,5.174730812916096,14.283883831209325,2785.586650604359,1,9,3,0,0,0,0,1034766.0
2019-09-04,1034766,53443916.03,51.65,0.5027,0.127,2.1671053626397425,2.553669375400973,5.357100661644594,13.990369572798969,2776.835195665273,2,9,3,0,0,0,0,946613.0
2019-09-05,946613,47365074.96,50.04,0.532,0.1273,2.1614863881643447,2.435321921370335,5.169780061189325,16.355184768611295,2798.5238039800174,3,9,3,0,0,0,0,974575.0
2019-09-06,974575,49888705.02,51.19,0.5427,0.1295,2.2597535628787937,2.4975384930593747,5.182199203033408,16.902554570702154,2823.825034270909,4,9,3,0,0,0,0,866299.0
2019-09-07,866299,44669088.79,51.56,0.5019,0.1328,2.2068499491760325,2.5605541970423946,5.208788981321142,15.242856945634182,2782.5988280704787,5,9,3,1,0,0,0,940495.0
2019-09-08,940495,47090850.03,50.07,0.5099,0.1302,2.1417300599630598,2.356313838159501,5.258014824658793,15.273931770516144,2769.0438245410414,6,9,3,1,0,0,0,959159.0
2019-09-09,959159,47140403.48,49.15,0.517,0.1187,2.23039408161382,2.410563889869798,5.231159620948454,17.241862139409022,2748.7700491468686,0,9,3,0,0,0,0,903139.0
2019-09-10,903139,49307305.05,54.6,0.5309,0.1189,2.2800794836795575,2.445504855242479,5.294109972938635,17.231732476008094,2705.239632395034,1,9,3,0,0,0,0,994667.0
2019-09-11,994667,49899935.36,50.17,0.5037,0.1238,2.238004923045251,2.4071561942584716,5.2233990368807515,16.37973061843078,2681.15975371385,2,9,3,0,0,0,0,1033978.0
2019-09-12,1033978,53660312.73,51.9,0.5111,0.1216,2.1374440338589697,2.6099172707849236,5.212095122814781,17.470495383610764,2741.685146639436,3,9,3,0,0,0,0,950131.0
2019-09-13,950131,51187007.74,53.87,0.5213,0.1175,2.1803614308078236,2.4038445893428793,5.200121017785219,15.114984865092362,2757.7374813254323,4,9,3,0,0,0,0,866330.0
2019-09-14,866330,45180678.5,52.15,0.5179,0.1217,2.2519186405769958,2.4292047696920602,5.187720518518769,16.087241410808833,2806.7260167747095,5,9,3,1,0,0,0,871904.0
2019-09-15,871904,44047462.35,50.52,0.5098,0.1215,2.174446254852537,2.491259932643349,5.2818733037851855,18.48273430864316,2828.745489824428,6,9,3,1,0,0,0,1002761.0
2019-09-16,1002761,51011480.81,50.87,0.5122,0.1204,2.2220160857793165,2.3799952888282276,5.301614949286694,16.578788848402088,2810.9141039392757,0,9,3,0,0,0,0,961162.0
2019-09-17,961162,47793807.01,49.73,0.4998,0.1225,2.23675838061174,2.4457693774630167,5.293988629705449,16.640522991664156,2802.2622524276153,1,9,3,0,0,0,0,910939.0
2019-09-18,910939,47640861.06,52.3,0.5111,0.1315,2.170204942422782,2.5040748215196293,5.396636213982569,19.248875726616923,2818.138195053614,2,9,3,0,0,0,0,960746.0
2019-09-19,960746,49793106.58,51.83,0.5108,0.1257,2.2064097211991953,2.45330259733099,5.404781422507188,14.795989100881236,2830.2576187943655,3,9,3,0,0,0,0,974701.0
2019-09-20,974701,48938238.76,50.21,0.5158,0.1393,2.0806480457021794,2.473711493078606,5.335561910575622,17.425066162205418,2816.586334247302,4,9,3,0,0,0,0,858376.0
2019-09-21,858376,42419834.28,49.42,0.5079,0.1255,2.170830665594403,2.4400850282341953,5.271535924575537,18.46099580022124,2779.552388392821,5,9,3,1,0,0,0,845061.0
2019-09-22,845061,41409594.28,49.0,0.5181,0.1228,2.2032103035954744,2.3625212716312727,5.341834027049605,16.069980439703954,2864.042823191489,6,9,3,1,0,0,0,934109.0
2019-09-23,934109,49008222.53,52.47,0.5235,0.1246,2.164907985626705,2.5106517965529216,5.349122503706634,17.487722598905535,2861.421521457164,0,9,3,0,0,0,0,982612.0
2019-09-24,982612,50277888.31,51.17,0.5149,0.1261,2.281621471566495,2.626562573332657,5.355207709038618,15.274879089998569,2854.0578917230064,1,9,3,0,0,0,0,999615.0
2019-09-25,999615,51291254.72,51.31,0.5169,0.1272,2.160624492452857,2.488881791306933,5.36213558986381,15.627164921463368,2857.985374372603,2,9,3,0,0,0,0,970191.0
2019-09-26,970191,48272357.16,49.76,0.5139,0.1371,2.2017329163410397,2.506670669451605,5.373311261006122,16.911972861524937,2852.7623881037425,3,9,3,0,0,0,0,911749.0
2019-09-27,911749,44489708.92,48.8,0.5133,0.1195,2.226068285640265,2.5453053864714463,5.395625584571048,17.407914396210483,2856.9309431733627,4,9,3,0,0,0,0,811420.0
2019-09-28,811420,42547948.01,52.44,0.506,0.1298,2.2799929777895747,2.3895772999527765,5.392148852219084,17.795255311050802,2891.2424185944124,5,9,3,1,0,0,0,856808.0
2019-09-29,856808,43745768.69,51.06,0.5164,0.1259,2.1664103592413197,2.6285592345096234,5.443319847380953,18.33508302218503,2889.031822210929,6,9,3,1,0,0,0,891296.0
2019-09-30,891296,46664256.72,52.36,0.5122,0.1152,2.2718736082743254,2.509776837351263,5.459904133728914,16.372914619797537,2859.97626671825,0,9,3,0,1,1,0,899515.0
2019-10-01,899515,45350583.62,50.42,0.5341,0.1293,2.2272580058306053,2.6253697080482694,5.405339166401951,17.88945555189607,2856.8369129856032,1,10,4,0,0,0,0,1073996.0
2019-10-02,1073996,54388483.57,50.64,0.5289,0.1323,2.1890893733251127,2.4374072908615383,5.5234137398609935,16.050600593943678,2845.9363895140364,2,10,4,0,0,0,0,1017799.0
2019-10-03,1017799,52993915.39,52.07,0.517,0.1196,2.248334303573222,2.642721811865189,5.419849321877723,17.54911994657747,2883.6711402978117,3,10,4,0,0,0,0,1028302.0
2019-10-04,1028302,53570849.95,52.1,0.5054,0.1247,2.2393124054122167,2.560514379674542,5.396956858473222,16.721865075609713,2915.2670187412805,4,10,4,0,0,0,0,821026.0
2019-10-05,821026,42853305.46,52.19,0.5019,0.1144,2.208840601742497,2.54396838508771,5.505882309455409,17.01500966597832,2919.13260522565,5,10,4,1,0,0,0,902844.0
2019-10-06,902844,45644322.6,50.56,0.5249,0.1172,2.237140024232694,2.519668530137805,5.454971153761092,16.99679828674362,2886.762080927088,6,10,4,1,0,0,0,1024711.0
2019-10-07,1024711,53204196.23,51.92,0.5156,0.1311,2.220433464248903,2.4822838390248676,5.520905497458074,14.572436117599116,2856.1091413052736,0,10,4,0,0,0,0,936605.0
2019-10-08,936605,49324710.83,52.66,0.5177,0.122,2.241884171040826,2.5994263766335233,5.393657634780727,15.159755583062784,2857.5207546991182,1,10,4,0,0,0,0,1064147.0
2019-10-09,1064147,54104108.04,50.84,0.4954,0.1181,2.265325573677001,2.5158285116073955,5.592464346629063,16.64352350177251,2867.2102162493034,2,10,4,0,0,0,0,1020004.0
2019-10-10,1020004,51234537.63,50.23,0.5221,0.1262,2.3037772877160094,2.348448188234683,5.565456612531554,14.508689107575982,2858.5838029829697,3,10,4,0,0,0,0,981638.0
2019-10-11,981638,52040673.11,53.01,0.5173,0.1217,2.1923196609603512,2.417651056467798,5.46581797691155,17.545031915993672,2847.2779533680696,4,10,4,0,0,0,0,847622.0
2019-10-12,847622,42396576.13,50.02,0.5016,0.122,2.3286486777825486,2.4933686905181283,5.475901839684661,17.608830877466197,2833.144074609431,5,10,4,1,0,0,0,778871.0
2019-10-13,778871,40457658.86,51.94,0.5079,0.1293,2.166738287318327,2.5342448171518352,5.642451469283005,16.97221029407914,2833.564800478222,6,10,4,1,0,0,0,1034498.0
2019-10-14,1034498,52668233.42,50.91,0.5153,0.1179,2.240244245211208,2.5061245399003673,5.530964799084404,15.252169825348565,2774.442816527853,0,10,4,0,0,0,0,1001766.0
2019-10-15,1001766,48321998.98,48.24,0.5131,0.1194,2.2713415787963687,2.6093741776947468,5.5351178671639945,18.272931831740394,2748.0661165735005,1,10,4,0,0,0,0,982375.0
2019-10-16,982375,51762922.25,52.69,0.5096,0.1258,2.260541197192274,2.356971438232138,5.472515066503801,19.081988181424105,2733.584101488362,2,10,4,0,0,0,0,1057060.0
2019-10-17,1057060,49535319.34,46.86,0.5114,0.1307,2.2258855626782013,2.525747874908212,5.577266117884851,16.835760167734147,2764.4479494057823,3,10,4,0,0,0,0,937233.0
2019-10-18,937233,45007212.96,48.02,0.5099,0.1323,2.243960062118088,2.370021936905097,5.5924027467939945,17.29523165398736,2745.262371513003,4,10,4,0,0,0,0,840586.0
2019-10-19,840586,43532132.89,51.79,0.5139,0.1209,2.2340557097217686,2.5774348784494703,5.648542969273292,16.94941187449473,2750.715535204039,5,10,4,1,0,0,0,829208.0
2019-10-20,829208,42941896.79,51.79,0.527,0.1305,2.231691336771973,2.5102970051507425,5.55178941063742,17.369946240585378,2757.3231982995912,6,10,4,1,0,0,0,987229.0
2019-10-21,987229,49399716.18,50.04,0.4866,0.1202,2.290739574499915,2.5526164979620116,5.554698982054672,16.617678195645073,2790.7271398087246,0,10,4,0,0,0,0,1003951.0
2019-10-22,1003951,51418222.63,51.22,0.5098,0.1359,2.2725250559269576,2.451129254507022,5.662225954477729,16.748811138662134,2823.638075311553,1,10,4,0,0,0,0,1012096.0
2019-10-23,1012096,47766784.36,47.2,0.5139,0.1181,2.232016379529846,2.623787473246236,5.69897287645504,17.907809093980838,2823.1960016196676,2,10,4,0,0,0,0,967949.0
2019-10-24,967949,50384001.55,52.05,0.515,0.1329,2.2972044648853367,2.60595683843179,5.579030890430581,19.667903034753277,2812.1557193115073,3,10,4,0,0,0,0,966451.0
2019-10-25,966451,49641932.78,51.37,0.5083,0.121,2.2749995356103563,2.570489198487928,5.720609466451564,15.206846929922085,2796.4147941139017,4,10,4,0,0,0,0,944698.0
2019-10-26,944698,48104745.78,50.92,0.4943,0.137,2.296708501530018,2.5146292689802037,5.677348759840797,16.797733956711102,2791.36323251519,5,10,4,1,0,0,0,982157.0
2019-10-27,982157,50108702.75,51.02,0.5151,0.1285,2.290865008273437,2.572562434857174,5.738992022595151,15.542756741254792,2781.486396960998,6,10,4,1,0,0,0,996653.0
2019-10-28,996653,51552977.86,51.73,0.5291,0.1189,2.23400526653419,2.4708038620839967,5.689812536833836,18.908388979912228,2796.391822497711,0,10,4,0,0,0,0,967303.0
2019-10-29,967303,49275604.72,50.94,0.4964,0.1218,2.246242411038756,2.5969793513659205,5.576122697268604,16.332998054453036,2808.006377749398,1,10,4,0,0,0,0,1069460.0
2019-10-30,1069460,51517776.4,48.17,0.5203,0.1297,2.300025354585346,2.6616712204735844,5.703542027261413,15.348467056064226,2824.024957209176,2,10,4,0,0,0,0,925925.0
2019-10-31,925925,50255062.27,54.28,0.5083,0.1313,2.2960317495578444,2.6165376667853333,5.773041680087388,17.889881581505332,2857.248414678703,3,10,4,0,1,0,0,982512.0
2019-11-01,982512,51857284.74,52.78,0.5109,0.1246,2.272263573347336,2.47369492393495,5.684231093607283,19.26272913715936,2906.6098938162477,4,11,4,0,0,0,0,840584.0
2019-11-02,840584,41230375.31,49.05,0.5009,0.1253,2.2792747989989097,2.562149036687923,5.718393385832589,18.013145689188583,2910.9284334149884,5,11,4,1,0,0,0,823684.0
2019-11-03,823684,41560861.29,50.46,0.508,0.1295,2.3271697332549754,2.430955091710114,5.737847053435119,17.51165607469535,2940.9425037854194,6,11,4,1,0,0,0,991603.0
2019-11-04,991603,50193704.2,50.62,0.5243,0.1258,2.2538810816351345,2.581366642075415,5.610528502555832,17.80775981504647,2932.713741608366,0,11,4,0,0,0,0,956409.0
2019-11-05,956409,50296392.45,52.59,0.517,0.1172,2.300907997031885,2.5727909342777404,5.847909934560669,19.067336747007293,2965.2354158254825,1,11,4,0,0,0,0,1014355.0
2019-11-06,1014355,48414389.1,47.73,0.5284,0.1201,2.2724159239499366,2.388322844364694,5.728099538798369,16.375094318957604,2994.787708955691,2,11,4,0,0,0,0,1008463.0
2019-11-07,1008463,50642146.39,50.22,0.5228,0.1264,2.273275272691631,2.4461291847015882,5.807267784452811,17.34641336536328,3023.190059715567,3,11,4,0,0,0,0,978478.0
2019-11-08,978478,47282166.97,48.32,0.5153,0.1323,2.327411847041649,2.5175827758520377,5.786445083204673,16.995811419907454,3026.851174095488,4,11,4,0,0,0,0,863276.0
2019-11-09,863276,43623767.67,50.53,0.5283,0.1347,2.317955039299261,2.517325362250959,5.862446170168732,16.197946075258628,3009.793408828611,5,11,4,1,0,0,0,865390.0
2019-11-10,865390,43484952.42,50.25,0.5152,0.1297,2.3189557422729825,2.445794505120351,5.828638562913583,17.267635543408076,2973.336250781098,6,11,4,1,0,0,0,1030777.0
2019-11-11,1030777,52646341.69,51.07,0.519,0.1267,2.3401108386189193,2.5748277442649186,5.8053450556905855,19.055230097656935,2973.3474551287795,0,11,4,0,0,0,0,992141.0
2019-11-12,992141,49651345.37,50.04,0.5077,0.1295,2.290207526406839,2.56498239323948,5.781155510107297,18.472164259102183,3015.7536661083077,1,11,4,0,0,0,0,1034206.0
2019-11-13,1034206,51526631.68,49.82,0.5112,0.121,2.3181205338250637,2.5304763099143854,5.874447787294925,18.63370908141379,3008.4517080800715,2,11,4,0,0,0,0,1028728.0
2019-11-14,1028728,53365593.42,51.88,0.5035,0.1241,2.2799061416897723,2.4867061385285965,5.749590674701088,18.10663930089923,3030.889812066658,3,11,4,0,0,0,0,1021342.0
2019-11-15,1021342,52726418.25,51.62,0.5203,0.1201,2.3067572167190082,2.6322159337054423,5.8842477560877455,18.631245289020264,3055.1127215594634,4,11,4,0,0,0,0,935856.0
2019-11-16,935856,48445937.6,51.77,0.4985,0.1175,2.2900579437453454,2.681900129617144,5.805674006709065,17.11701083414879,3048.434367569113,5,11,4,1,0,0,0,822003.0
2019-11-17,822003,41651399.17,50.67,0.518,0.127,2.300615959415633,2.5119291357949924,5.9318954564317465,17.782861783115074,3085.890289144415,6,11,4,1,0,0,0,977327.0
2019-11-18,977327,48939540.88,50.07,0.5082,0.1261,2.3220142072970438,2.5027854971278267,5.885982804453173,18.463341984980293,3007.2539520431874,0,11,4,0,0,0,0,1075989.0
2019-11-19,1075989,54607148.76,50.75,0.5217,0.1291,2.2669502539659927,2.5921985669882655,5.918741599098286,18.646744314205502,2975.427823933023,1,11,4,0,0,0,0,983103.0
2019-11-20,983103,50803840.86,51.68,0.5174,0.1283,2.384845075886911,2.5254010191634366,5.899232968046695,18.780879799469318,2952.087392605959,2,11,4,0,0,0,0,873137.0
2019-11-21,873137,41610542.85,47.66,0.528,0.1264,2.262378740720318,2.544031327168405,5.8160928258282,18.315736688697932,2931.459943881072,3,11,4,0,0,0,0,990084.0
2019-11-22,990084,50998116.98,51.51,0.517,0.1283,2.2555210891665536,2.6154934123679534,5.8692329150418265,18.11608527195639,2941.4203202982767,4,11,4,0,0,0,0,854762.0
2019-11-23,854762,43915531.74,51.38,0.4939,0.1247,2.351881611925153,2.4047090590902305,5.954425574480434,22.44775622829974,2950.187304893642,5,11,4,1,0,0,0,739618.0
2019-11-24,739618,37722739.75,51.0,0.5088,0.1274,2.3386915727046174,2.6640564523963555,5.937654176581288,19.838208299303872,2961.7504350680556,6,11,4,1,0,0,0,1051929.0
2019-11-25,1051929,53313556.16,50.68,0.4977,0.1206,2.3334570892997393,2.5655397688144883,5.996864204427419,19.3396806895291,2978.7721757174954,0,11,4,0,0,0,0,964156.0
2019-11-26,964156,45365762.83,47.05,0.5041,0.1272,2.3350926914393817,2.5279372816739207,5.966449307404919,18.66011179815309,2954.4909795531207,1,11,4,0,0,0,0,1012399.0
2019-11-27,1012399,50860317.89,50.24,0.5243,0.129,2.310934916467018,2.5548477590325716,5.906398402503672,18.49678580674716,2923.3465531805355,2,11,4,0,0,0,0,815777.0
2019-11-28,815777,43706877.65,53.58,0.5155,0.1209,2.2769998697881704,2.560108955595533,5.9233547564819995,18.9818113116373,2934.867422447551,3,11,4,0,0,0,1,935907.0
2019-11-29,935907,47644897.3,50.91,0.502,0.1253,2.31738682430282,2.4257449824472643,5.976704348461563,19.59293565721302,2919.337399957411,4,11,4,0,0,0,0,824834.0
2019-11-30,824834,41590514.75,50.42,0.4988,0.1212,2.2887321100214395,2.684960994248066,5.864232341031872,17.090040035236104,2879.4203084674405,5,11,4,1,1,0,0,840089.0
2019-12-01,840089,42764350.2,50.9,0.5091,0.1218,2.3562866426360447,2.569795211938352,6.0719577543763625,17.57057569441612,2905.7682061336677,6,12,4,1,0,0,0,1055839.0
2019-12-02,1055839,54277115.04,51.41,0.4965,0.1182,2.312862170311003,2.603050939330524,6.018698663579537,18.7991290000485,2943.5623554508106,0,12,4,0,0,0,0,994606.0
2019-12-03,994606,51578155.19,51.86,0.5019,0.1325,2.2871865265819356,2.644854746650118,6.066262774764283,19.923768226252484,2986.200693658498,1,12,4,0,0,0,0,983542.0
2019-12-04,983542,49689940.6,50.52,0.5116,0.1313,2.3088122654500327,2.488156159499524,5.934154118191372,19.502157735783808,2992.3289938320886,2,12,4,0,0,0,0,950118.0
2019-12-05,950118,48928349.78,51.5,0.5199,0.1281,2.339645576911623,2.6088437006181193,6.083658896572166,21.6793893003565,3010.338527043131,3,12,4,0,0,0,0,1064957.0
2019-12-06,1064957,56836378.0,53.37,0.5143,0.1367,2.302039290409616,2.550669862085965,6.1412244614668365,18.245400750519003,3048.8016027697613,4,12,4,0,0,0,0,942148.0
2019-12-07,942148,49329811.55,52.36,0.4852,0.1237,2.293158743844733,2.6409364267707534,5.971796530835685,19.243570078130045,3032.366075895722,5,12,4,1,0,0,0,917786.0
2019-12-08,917786,49885978.02,54.35,0.5111,0.1431,2.3372536678577878,2.404128607995689,6.08457302796191,22.092475957015843,3063.9555369351033,6,12,4,1,0,0,0,1021471.0
2019-12-09,1021471,50924154.48,49.85,0.5086,0.1235,2.3387627937919744,2.567489722771786,6.054191983938653,20.551161407013343,3072.6883034483526,0,12,4,0,0,0,0,1009020.0
2019-12-10,1009020,53828949.31,53.35,0.5119,0.1264,2.310143686547862,2.5283005146947843,5.985018904016502,21.58334925809908,3099.19961291321,1,12,4,0,0,0,0,931204.0
2019-12-11,931204,46226771.67,49.64,0.5238,0.1224,2.3130364942785344,2.612214545755997,6.094958968806347,23.11301729598549,3105.5364072197513,2,12,4,0,0,0,0,989897.0
2019-12-12,989897,50833875.23,51.35,0.4869,0.1271,2.3426159665367274,2.616342836485876,6.120038671637601,19.951195388050603,3143.1346220020823,3,12,4,0,0,0,0,969436.0
2019-12-13,969436,50328622.1,51.92,0.5015,0.1298,2.2768658668066575,2.5232334780869192,6.05631499624451,20.799072950506222,3150.6230142913582,4,12,4,0,0,0,0,787475.0
2019-12-14,787475,39408951.67,50.04,0.5132,0.1241,2.2799452891002923,2.523972352321187,6.152648538194951,20.728068648412552,3109.9679005375424,5,12,4,1,0,0,0,926234.0
2019-12-15,926234,47179531.88,50.94,0.4914,0.1354,2.3089599983318245,2.5731942146601674,6.018964011162054,18.848431699337578,3152.0335988577845,6,12,4,1,0,0,0,967134.0
2019-12-16,967134,50450291.6,52.16,0.5218,0.1262,2.3306131350443136,2.5114157269356543,6.035481430430511,20.962650121304407,3126.418894072199,0,12,4,0,0,0,0,1040767.0
2019-12-17,1040767,51754844.49,49.73,0.5106,0.1264,2.3530399038319127,2.6516039474785367,6.124933257409921,22.53579219554528,3163.041308353909,1,12,4,0,0,0,0,1028592.0
2019-12-18,1028592,54814649.3,53.29,0.5153,0.1193,2.401069755499131,2.555805315811014,6.12722340255612,22.27281098488124,3161.6376997904313,2,12,4,0,0,0,0,1017162.0
2019-12-19,1017162,49539625.68,48.7,0.501,0.1272,2.377813122247581,2.353877975204687,6.097942324818977,22.51476901873371,3196.455900650153,3,12,4,0,0,0,0,1021626.0
2019-12-20,1021626,54844873.31,53.68,0.5147,0.1239,2.3385597508854485,2.5575449177181326,6.182033200518842,21.471187521611157,3230.4584841778783,4,12,4,0,0,0,0,838464.0
2019-12-21,838464,43826490.73,52.27,0.5171,0.1211,2.34564652219319,2.5055393424446284,6.175845803138907,21.28655641982529,3244.1842267915354,5,12,4,1,0,0,0,938799.0
2019-12-22,938799,47528507.5,50.63,0.5086,0.12,2.3077551974184396,2.4592114729574033,6.199920290282662,23.751181376731584,3260.2679352248338,6,12,4,1,0,0,0,996067.0
2019-12-23,996067,49953713.56,50.15,0.5085,0.1407,2.3485643705506476,2.4918086293654182,6.158532917343312,21.787601675595138,3273.8993872594533,0,12,4,0,0,0,0,999586.0
2019-12-24,999586,49967082.46,49.99,0.5088,0.1231,2.339206396348009,2.600643200552266,6.202458821567155,22.895672741078247,3216.282223305398,1,12,4,0,0,0,0,784865.0
2019-12-25,784865,39665430.22,50.54,0.4973,0.1159,2.365108651611239,2.6992680996854976,6.157650543572953,22.899229054935567,3220.897094170976,2,12,4,0,0,0,1,934604.0
2019-12-26,934604,47348947.23,50.66,0.5043,0.1204,2.320557159591377,2.619116458353898,6.290189941354989,24.61977741881978,3189.8830519394355,3,12,4,0,0,0,0,1001166.0
2019-12-27,1001166,52672075.76,52.61,0.5041,0.1243,2.3758660663602846,2.546624861044081,6.154399881419613,24.19591169608343,3195.9804618959092,4,12,4,0,0,0,0,868335.0
2019-12-28,868335,46606922.13,53.67,0.5094,0.1279,2.417846890582083,2.6326994723246253,6.307781938162366,21.642389149261067,3164.441150621449,5,12,4,1,0,0,0,824788.0
2019-12-29,824788,42074846.32,51.01,0.5154,0.1279,2.3536313757162484,2.560580497848138,6.211712614650394,21.940072092460664,3132.028874424376,6,12,4,1,0,0,0,914711.0
2019-12-30,914711,45221724.18,49.44,0.4947,0.1286,2.3754940169735783,2.5428188689008686,6.14860459888815,24.23018740944905,3178.770739039557,0,12,4,0,0,0,0,925035.0
2019-12-31,925035,46141568.02,49.88,0.5039,0.1207,2.3884743925714687,2.5071156591018573,6.293156335567906,23.630541637807173,3210.6994117132363,1,12,4,0,1,1,0,882215.0
2020-01-01,882215,44479100.61,50.42,0.5198,0.1266,2.34626221676951,2.4603947491259843,6.238379485462091,23.335649974696928,3211.7654796664715,2,1,1,0,0,0,1,958432.0
2020-01-02,958432,47096952.45,49.14,0.4974,0.1192,2.3727164551525304,2.570422153922546,6.2819320186247785,25.27654219860748,3218.2991759884385,3,1,1,0,0,0,0,973974.0
2020-01-03,973974,47635976.95,48.91,0.4965,0.1208,2.365697489219132,2.6153339508696867,6.307818884983322,24.46045969316978,3212.3126713242236,4,1,1,0,0,0,0,925263.0
2020-01-04,925263,49793418.2,53.82,0.5066,0.119,2.3705411911041168,2.596032032598597,6.270732549556173,24.477926369122137,3230.023582559783,5,1,1,1,0,0,0,805847.0
2020-01-05,805847,41191681.21,51.12,0.5129,0.1173,2.3371534260575118,2.5715554687050473,6.231389351384401,25.531951164161434,3211.6165555378743,6,1,1,1,0,0,0,958915.0
2020-01-06,958915,47374871.29,49.4,0.5044,0.1308,2.3704932105304106,2.530242686040697,6.316911156647732,24.328874910038262,3241.6665936152735,0,1,1,0,0,0,0,941909.0
2020-01-07,941909,48858194.42,51.87,0.5174,0.1285,2.3908710368952972,2.6556302744731832,6.275244364910452,26.84570496739374,3235.4866357447618,1,1,1,0,0,0,0,1064056.0
2020-01-08,1064056,52001635.73,48.87,0.5126,0.1302,2.4304344664330815,2.5026669032170545,6.316537127091003,24.20388560522953,3224.4755309421535,2,1,1,0,0,0,0,1069804.0
2020-01-09,1069804,52406142.04,48.99,0.5123,0.1246,2.4121964868991235,2.671185246247275,6.181551438155106,26.125457372183348,3226.298019007249,3,1,1,0,0,0,0,1008668.0
2020-01-10,1008668,49846434.65,49.42,0.5093,0.129,2.461389198432562,2.529989895899271,6.318536408701443,27.246834470130715,3210.3651957053958,4,1,1,0,0,0,0,898559.0
2020-01-11,898559,47710139.81,53.1,0.5269,0.1137,2.346003558133353,2.5510353800128973,6.271162556284543,24.064018126363234,3221.066575531039,5,1,1,1,0,0,0,828658.0
2020-01-12,828658,41620985.48,50.23,0.5014,0.1295,2.4130251605884983,2.494949032094536,6.392616568292214,25.496704074951086,3206.71166430292,6,1,1,1,0,0,0,1062006.0
2020-01-13,1062006,49845720.71,46.94,0.4833,0.1253,2.386900203502914,2.5732400402043196,6.347918954641734,27.472634106293604,3221.452949504235,0,1,1,0,0,0,0,981800.0
2020-01-14,981800,51450960.97,52.4,0.5192,0.128,2.4685921421829256,2.6924362991000663,6.3355247872558085,27.68525109401995,3258.1069477163396,1,1,1,0,0,0,0,1018231.0
2020-01-15,1018231,51035368.96,50.12,0.4984,0.1265,2.350100908207598,2.656719375478288,6.35456807653808,26.286575485856225,3238.2797923774983,2,1,1,0,0,0,0,977358.0
2020-01-16,977358,46716274.1,47.8,0.5039,0.1183,2.3502760936639824,2.6947994685914303,6.287004129975371,25.807762999928332,3235.6729457201423,3,1,1,0,0,0,0,958420.0
2020-01-17,958420,48006301.36,50.09,0.5158,0.1152,2.3613207020153015,2.659352429578875,6.424715078798543,28.034618982098117,3250.3372873585495,4,1,1,0,0,0,0,916310.0
2020-01-18,916310,47040460.7,51.34,0.4865,0.1199,2.301771331901175,2.5303415308199524,6.449698872277031,28.506954909457285,3238.8098938465764,5,1,1,1,0,0,0,877074.0
2020-01-19,877074,44864648.58,51.15,0.4899,0.1275,2.3671270254273864,2.593224845223657,6.376305731440616,25.88931370937677,3253.5761341230145,6,1,1,1,0,0,0,1047658.0
2020-01-20,1047658,55772426.44,53.24,0.4862,0.1282,2.359221297471696,2.5583237037942332,6.442661100979717,26.043381014853505,3271.0899828896813,0,1,1,0,0,0,0,981196.0
2020-01-21,981196,48323544.35,49.25,0.4941,0.1159,2.397031045103739,2.728236072374564,6.341115108560575,27.960445932921292,3304.359167281271,1,1,1,0,0,0,0,931615.0
2020-01-22,931615,47130272.79,50.59,0.5063,0.1182,2.4061135343275697,2.5270962393973604,6.3360987353231994,28.648261760414655,3287.60258986661,2,1,1,0,0,0,0,943211.0
2020-01-23,943211,46652482.28,49.46,0.507,0.1197,2.468917442343137,2.6953832126831188,6.384332418017467,27.737804263990242,3261.031625043737,3,1,1,0,0,0,0,967681.0
2020-01-24,967681,46630849.79,48.19,0.5044,0.1218,2.433314187507488,2.696370599219806,6.41031444662915,29.116200344219873,3253.220331603637,4,1,1,0,0,0,0,812352.0
2020-01-25,812352,42096557.95,51.82,0.4873,0.1158,2.373647024604017,2.772349633853674,6.37509830015575,27.65388106254136,3226.20199625158,5,1,1,1,0,0,0,801205.0
2020-01-26,801205,41003977.68,51.18,0.4782,0.1154,2.3622118324055323,2.594249664874227,6.427864889682187,26.17397963774393,3243.834344223324,6,1,1,1,0,0,0,1020851.0
2020-01-27,1020851,51960403.91,50.9,0.5017,0.119,2.419249746076963,2.6850537965877153,6.422422990629658,28.40899939118765,3211.2822274696105,0,1,1,0,0,0,0,938322.0
2020-01-28,938322,47952294.44,51.1,0.4963,0.1244,2.3481875223875046,2.8116424698237656,6.363262991483163,29.200060704143105,3280.636480450534,1,1,1,0,0,0,0,971110.0
2020-01-29,971110,47998439.02,49.43,0.5054,0.1168,2.4756783842310095,2.580740166010276,6.445140162158967,29.00003831619368,3320.352005815433,2,1,1,0,0,0,0,984337.0
2020-01-30,984337,48169922.12,48.94,0.5077,0.1231,2.4510201328300107,2.508388346521835,6.468346064788351,28.147878162854372,3321.95672215184,3,1,1,0,0,0,0,949812.0
2020-01-31,949812,47957652.14,50.49,0.5019,0.1301,2.386497307812577,2.4818297294441,6.439658816386335,27.566798830409248,3349.230201427307,4,1,1,0,1,0,0,908679.0
2020-02-01,908679,47403335.74,52.17,0.508,0.116,2.338160070152082,2.690285370815661,6.494579609273619,29.336193403837164,3301.47487872125,5,2,1,1,0,0,0,785870.0
2020-02-02,785870,41515751.11,52.83,0.5025,0.1225,2.4622607752733643,2.4836531896415703,6.381884626295911,31.237882375539503,3378.560204691683,6,2,1,1,0,0,0,973209.0
2020-02-03,973209,50216486.86,51.6,0.5053,0.1298,2.4049440271252283,2.605555412238417,6.47190531294559,31.87572641032575,3361.904689752323,0,2,1,0,0,0,0,969732.0
2020-02-04,969732,48912787.8,50.44,0.4928,0.1212,2.460457325762704,2.6713606650758197,6.3956917054481615,32.00106278391113,3359.503416946993,1,2,1,0,0,0,0,969474.0
2020-02-05,969474,49239910.27,50.79,0.4979,0.1202,2.3485859310994566,2.6522232812605533,6.404144207246856,29.804079635724076,3305.0768303158497,2,2,1,0,0,0,0,913158.0
2020-02-06,913158,46016687.86,50.39,0.5015,0.1306,2.389805712635725,2.672477421388134,6.433888469118787,29.605858166170847,3320.801732023804,3,2,1,0,0,0,0,999286.0
2020-02-07,999286,48791525.58,48.83,0.5076,0.1217,2.415407449713615,2.657256591635126,6.423862557766422,31.79309483940461,3289.1167341641653,4,2,1,0,0,0,0,860209.0
2020-02-08,860209,43347639.25,50.39,0.4953,0.1302,2.4184932258651552,2.742813227437536,6.44903977536168,32.16569566809771,3293.345307210845,5,2,1,1,0,0,0,799698.0
2020-02-09,799698,38659330.87,48.34,0.5043,0.1261,2.400026996031227,2.5653482107681715,6.47114911958438,32.0897577075375,3278.4648077159018,6,2,1,1,0,0,0,1003506.0
2020-02-10,1003506,50323923.0,50.15,0.4962,0.1214,2.444358537531031,2.5884024800924106,6.529074127555393,29.39811380208851,3248.019499281885,0,2,1,0,0,0,0,982564.0
2020-02-11,982564,51857636.76,52.78,0.4976,0.1263,2.3781539611815505,2.5817769280734253,6.476460552171461,30.979541178088272,3225.7839385891957,1,2,1,0,0,0,0,899694.0
2020-02-12,899694,46376909.57,51.55,0.5069,0.1253,2.4165771500682154,2.7110316553146387,6.418481289502137,32.188286431907336,3233.5412486044474,2,2,1,0,0,0,0,913023.0
2020-02-13,913023,44663085.09,48.92,0.4785,0.1295,2.4284970190792325,2.717673869875476,6.55995164859156,33.011902044356475,3197.643892515483,3,2,1,0,0,0,0,1001082.0
2020-02-14,1001082,50237423.01,50.18,0.4853,0.1201,2.4456749249988254,2.682764738240868,6.466220686283868,33.55047246193498,3177.341036528418,4,2,1,0,0,0,0,835021.0
2020-02-15,835021,40940589.94,49.03,0.4832,0.1236,2.4549734583419713,2.7423700051389615,6.510207011954225,33.00432643790639,3197.546727689307,5,2,1,1,0,0,0,798867.0
2020-02-16,798867,40084227.43,50.18,0.4746,0.1229,2.3829339851729725,2.554470122500109,6.5404782548624985,33.42865529415437,3274.534971842896,6,2,1,1,0,0,0,912677.0
2020-02-17,912677,47295696.1,51.82,0.4909,0.1275,2.367965221998966,2.7831132937972596,6.53308055859799,33.33293831683808,3289.8560420493254,0,2,1,0,0,0,0,920833.0
2020-02-18,920833,47172154.43,51.23,0.505,0.1171,2.4818462963656414,2.7726155324048323,6.582697495190829,34.25203906162384,3264.0150806863653,1,2,1,0,0,0,0,927349.0
2020-02-19,927349,50042841.74,53.96,0.4945,0.1293,2.44544053365312,2.7106263970455657,6.5567666910783275,34.00166006439572,3254.4509892980445,2,2,1,0,0,0,0,909938.0
2020-02-20,909938,47330145.42,52.01,0.4992,0.1259,2.403616576780378,2.7953398734206467,6.494518274962688,33.90067978147224,3256.5795230147273,3,2,1,0,0,0,0,872395.0
2020-02-21,872395,44074066.6,50.52,0.5079,0.1152,2.4970094980963604,2.5212845685239946,6.65121795866475,33.693891634761876,3247.5539204109823,4,2,1,0,0,0,0,869438.0
2020-02-22,869438,44531934.14,51.22,0.5101,0.1303,2.4409971014419343,2.6128761917930103,6.5566511712483875,34.3061083698447,3275.265813189169,5,2,1,1,0,0,0,857513.0
2020-02-23,857513,42780023.39,49.89,0.496,0.1364,2.4849480170055585,2.5970245487608974,6.544150367211058,34.981096365631075,3282.8950735402386,6,2,1,1,0,0,0,885359.0
2020-02-24,885359,42930597.86,48.49,0.5101,0.129,2.4418821994846405,2.7145831320904725,6.604234446910528,34.909907752630815,3311.051078890212,0,2,1,0,0,0,0,948312.0
2020-02-25,948312,49433534.45,52.13,0.4973,0.1315,2.5230160252740266,2.5738686775943838,6.572969125639118,35.233521296516,3302.913562074206,1,2,1,0,0,0,0,892719.0
2020-02-26,892719,46127860.93,51.67,0.4878,0.1234,2.5122037079635953,2.7194939016831303,6.584853688799936,36.573549408080716,3343.7860417319926,2,2,1,0,0,0,0,927069.0
2020-02-27,927069,46153682.97,49.78,0.4901,0.1129,2.4334347927403335,2.7695507490900066,6.693834175254817,35.464314655439686,3340.012391201456,3,2,1,0,0,0,0,928767.0
2020-02-28,928767,46944828.62,50.55,0.481,0.1118,2.483658800066364,2.716536884787889,6.5597382968982885,34.54915605461125,3312.1678936279845,4,2,1,0,0,0,0,786003.0
2020-02-29,786003,40859646.04,51.98,0.4868,0.1243,2.4720129228226364,2.6846327698340477,6.561812119217683,36.56804117252934,3378.959668923781,5,2,1,1,1,0,0,912004.0
2020-03-01,912004,46859123.17,51.38,0.4919,0.1192,2.502344389960008,2.583914108406026,6.587670997944866,34.045877610180234,3325.140975691245,6,3,1,1,0,0,0,930636.0
2020-03-02,930636,44581501.23,47.9,0.5033,0.1172,2.410402752628426,2.5962064513851466,6.639495604989996,34.5629880089943,3304.3254755812463,0,3,1,0,0,0,0,901182.0
2020-03-03,901182,45466866.3,50.45,0.5123,0.1223,2.4778416340018734,2.7649338720939904,6.51460638909315,36.436757795547074,3286.9430936371946,1,3,1,0,0,0,0,901994.0
2020-03-04,901994,44940585.97,49.82,0.4811,0.1263,2.494135761386626,2.728321401767885,6.495603848525555,36.82408607480064,3363.229066291201,2,3,1,0,0,0,0,996401.0
2020-03-05,996401,51546291.95,51.73,0.4987,0.1139,2.38284773114897,2.663860345326503,6.568409430280194,34.87855378779373,3419.62881393177,3,3,1,0,0,0,0,869909.0
2020-03-06,869909,44885049.47,51.6,0.4842,0.1199,2.4072648218164177,2.634556885171987,6.519887327459174,36.07890068907667,3467.1954216033664,4,3,1,0,0,0,0,782601.0
2020-03-07,782601,40708211.75,52.02,0.4992,0.1316,2.374423050614355,2.506932090428314,6.5840946577969515,35.97403463938241,3458.1670619479232,5,3,1,1,0,0,0,877862.0
2020-03-08,877862,42444230.94,48.35,0.4929,0.116,2.446612564113271,2.584334940718336,6.634148169801646,36.27769126604827,3535.811449066933,6,3,1,1,0,0,0,939905.0
2020-03-09,939905,45902987.47,48.84,0.4758,0.1276,2.4874863525532604,2.823922430668415,6.568106658262794,38.151629729517815,3548.860025488542,0,3,1,0,0,0,0,942559.0
2020-03-10,942559,48704671.01,51.67,0.5032,0.1195,2.5202740950187312,2.5695775961572522,6.544857396925509,38.02189937063902,3581.530306003279,1,3,1,0,0,0,0,1031592.0
2020-03-11,1031592,50652994.57,49.1,0.4877,0.1256,2.464538081286902,2.6881769474901187,6.623153672033325,37.303027541048564,3588.648659198504,2,3,1,0,0,0,0,945950.0
2020-03-12,945950,45116691.94,47.69,0.4882,0.1289,2.5281127163082915,2.7546179946269294,6.666235300954567,36.81973333156966,3588.372363205162,3,3,1,0,0,0,0,913702.0
2020-03-13,913702,46382310.33,50.76,0.4826,0.1267,2.409157168630423,2.5746319865929608,6.5417137576863675,36.00118610738903,3581.5684957252756,4,3,1,0,0,0,0,782739.0
2020-03-14,782739,38456523.2,49.13,0.4866,0.1277,2.397618390714657,2.69080538286889,6.67076111286055,39.4677639902686,3576.13320779021,5,3,1,1,0,0,0,602315.0
2020-03-15,602315,31695945.09,52.62,0.4973,0.1153,2.464923571337075,2.752063967689339,6.673834402084727,38.61368840449326,3597.0946566405414,6,3,1,1,0,0,0,823064.0
2020-03-16,823064,41458045.24,50.37,0.4909,0.1288,2.483899218766827,2.679032298597781,6.683825261622946,37.19152816152544,3610.3298397222575,0,3,1,0,0,0,0,781524.0
2020-03-17,781524,39196306.98,50.15,0.4959,0.117,2.46861926377217,2.908505687263592,6.700129032483868,39.03613736003714,3610.6350156290982,1,3,1,0,0,0,0,816279.0
2020-03-18,816279,40280561.97,49.35,0.4961,0.1236,2.388619154829712,2.5465460673744644,6.752321623674189,38.218083288365676,3661.368745236941,2,3,1,0,0,0,0,816600.0
2020-03-19,816600,42686748.46,52.27,0.5055,0.1235,2.4691411555334826,2.7657323446072644,6.627363916005891,38.084141484902055,3566.2115904632683,3,3,1,0,0,0,0,741577.0
2020-03-20,741577,37384639.49,50.41,0.4887,0.1249,2.4219156294427937,2.6682094798083162,6.653526173526777,39.073777924205935,3583.9312798219185,4,3,1,0,0,0,0,614138.0
2020-03-21,614138,30245515.26,49.25,0.4771,0.1239,2.502269098770941,2.7447863038621834,6.630036038834449,37.78105129161512,3608.4826041655856,5,3,1,1,0,0,0,652416.0
2020-03-22,652416,31744770.21,48.66,0.5024,0.1168,2.4915332499821154,2.719335866063506,6.653698268420325,38.374085980433435,3647.2640147175834,6,3,1,1,0,0,0,721070.0
2020-03-23,721070,35855214.99,49.73,0.4882,0.1137,2.4406605889520216,2.6263769441182925,6.732915474235676,39.044458505807356,3646.473874961309,0,3,1,0,0,0,0,769890.0
2020-03-24,769890,37228446.37,48.36,0.5025,0.127,2.459086901926228,2.704346854524884,6.591624197061549,38.40779106990316,3654.6451258452807,1,3,1,0,0,0,0,809842.0
2020-03-25,809842,41587052.72,51.35,0.495,0.1228,2.4386581749285563,2.538392301356804,6.618356112030111,39.91472868276163,3688.57240464177,2,3,1,0,0,0,0,741224.0
2020-03-26,741224,34898977.95,47.08,0.4897,0.1286,2.4799040291104606,2.7362810768154757,6.732731706581097,41.45561944170746,3739.780277382008,3,3,1,0,0,0,0,767665.0
2020-03-27,767665,38055276.92,49.57,0.4943,0.1214,2.522000704095553,2.712870412214312,6.717268774255925,38.40466883398588,3731.046615241033,4,3,1,0,0,0,0,655566.0
2020-03-28,655566,33226577.14,50.68,0.5101,0.1131,2.445749129858086,2.7411066194016818,6.650434721222602,37.404893299378465,3741.3937787115906,5,3,1,1,0,0,0,695286.0
2020-03-29,695286,34950838.89,50.27,0.5112,0.1273,2.506722536036297,2.775658969689328,6.7135656694099755,37.090260899185004,3799.7371828224695,6,3,1,1,0,0,0,727697.0
2020-03-30,727697,35413842.78,48.67,0.4909,0.1193,2.466732218780251,2.7214144294962,6.690090389246391,39.39714138964738,3729.1565004423214,0,3,1,0,0,0,0,661029.0
2020-03-31,661029,33526305.79,50.72,0.4917,0.1235,2.457608803868443,2.7048469893536096,6.750156973374676,38.863270540069735,3707.4275319036406,1,3,1,0,1,1,0,738045.0
2020-04-01,738045,35710499.56,48.39,0.5006,0.1175,2.4864230431189025,2.623509031328488,6.680911847747613,39.98584059777604,3758.0377496227593,2,4,2,0,0,0,0,761468.0
2020-04-02,761468,37819860.68,49.67,0.4812,0.1312,2.4506744528844444,2.6380111828096786,6.730440444757833,39.96880648349331,3796.5616917970906,3,4,2,0,0,0,0,742333.0
2020-04-03,742333,37610020.73,50.66,0.4928,0.116,2.4713174109506593,2.790921656490416,6.813161123290946,37.95502001614961,3815.8512631640992,4,4,2,0,0,0,0,588341.0
2020-04-04,588341,29633218.44,50.37,0.4891,0.1192,2.4469268551983863,2.8118834738656253,6.7127962690194325,37.76609070261582,3801.8667971357277,5,4,2,1,0,0,0,554960.0
2020-04-05,554960,26996935.26,48.65,0.4923,0.1218,2.5748089155666825,2.678921286856707,6.687117480262637,40.35999491706146,3773.19272596307,6,4,2,1,0,0,0,736469.0
2020-04-06,736469,37885086.1,51.44,0.4806,0.1146,2.4990077445661467,2.7026435620122347,6.722462046868131,40.22414071845517,3754.5413305748057,0,4,2,0,0,0,0,725424.0
2020-04-07,725424,36098084.74,49.76,0.4729,0.1231,2.4709848285943887,2.62758716715498,6.669693038313604,39.60319981570396,3808.607442598002,1,4,2,0,0,0,0,714949.0
2020-04-08,714949,36270648.85,50.73,0.4679,0.1307,2.5089090472822604,2.7947696085206943,6.808901506497827,38.17394764513068,3788.5104629303687,2,4,2,0,0,0,0,793381.0
2020-04-09,793381,41174010.45,51.9,0.4772,0.118,2.497232087660574,2.755174933766935,6.699981273240942,40.77229245310113,3793.3551197172897,3,4,2,0,0,0,0,663202.0
2020-04-10,663202,33999324.17,51.27,0.4836,0.1233,2.4942611426854358,2.858231307428102,6.6787341247411,41.77275326693616,3769.0859975521525,4,4,2,0,0,0,0,686901.0
2020-04-11,686901,35207224.19,51.26,0.4851,0.1044,2.529040671299317,2.6336602031166456,6.65192779366486,40.61563714597529,3799.169066508896,5,4,2,1,0,0,0,612570.0
2020-04-12,612570,30536480.68,49.85,0.5072,0.1206,2.5361477493539364,2.674677380796956,6.749833010323878,39.29639536132731,3782.172495086205,6,4,2,1,0,0,0,630979.0
2020-04-13,630979,32014238.2,50.74,0.4987,0.1189,2.486000195159595,2.7244254911346077,6.739519357175242,40.39384396295937,3780.229912838109,0,4,2,0,0,0,0,711914.0
2020-04-14,711914,35490759.4,49.85,0.4779,0.1158,2.485559675464122,2.7586206407229468,6.672408413425251,38.7237656838191,3724.746688303167,1,4,2,0,0,0,0,751464.0
2020-04-15,751464,35847733.14,47.7,0.4908,0.1272,2.4989618666227194,2.6906395974343944,6.727142940514664,41.65107514745277,3672.390606413749,2,4,2,0,0,0,0,699505.0
2020-04-16,699505,34945564.8,49.96,0.483,0.1187,2.4192579842330195,2.639047536929828,6.623864853467129,40.493850559780505,3673.9819074634784,3,4,2,0,0,0,0,655351.0
2020-04-17,655351,32684675.98,49.87,0.4841,0.1195,2.4520974530675654,2.780388341866283,6.709441443598235,38.283658608383305,3631.746497158405,4,4,2,0,0,0,0,598654.0
2020-04-18,598654,30142290.76,50.35,0.4886,0.1182,2.568749700953306,2.768557798293951,6.7236589321951135,40.05014306379397,3702.5556733962017,5,4,2,1,0,0,0,564834.0
2020-04-19,564834,27828228.27,49.27,0.4927,0.109,2.581242445033099,2.638556200056916,6.787143699475463,40.96811897661231,3635.815040319464,6,4,2,1,0,0,0,735467.0
2020-04-20,735467,35525414.26,48.3,0.483,0.1136,2.5068506742794754,2.821284654826386,6.663920221258971,40.00941023273999,3611.038067541538,0,4,2,0,0,0,0,747894.0
2020-04-21,747894,37705466.3,50.42,0.4968,0.1261,2.5412421485006518,2.8074561887118623,6.639155309134091,40.070616183329484,3612.893562256389,1,4,2,0,0,0,0,671721.0
2020-04-22,671721,31870597.62,47.45,0.4746,0.1076,2.53199700666499,2.725575046401399,6.658841122737771,38.92075587366352,3602.348657701868,2,4,2,0,0,0,0,676806.0
2020-04-23,676806,34916154.55,51.59,0.4859,0.1156,2.644068741377929,2.7221901784956697,6.63725145672326,41.0539715482049,3568.023535093453,3,4,2,0,0,0,0,748696.0
2020-04-24,748696,36715671.24,49.04,0.5116,0.1178,2.56706239379219,2.761137997174426,6.771307876507742,39.57579431071848,3538.678601630706,4,4,2,0,0,0,0,579003.0
2020-04-25,579003,28799672.99,49.74,0.4877,0.1306,2.518527963419814,2.6488681738217714,6.782229856826451,37.74182600427297,3508.5408957857135,5,4,2,1,0,0,0,560465.0
2020-04-26,560465,28132435.26,50.19,0.4996,0.1247,2.4867877023825997,2.72119801461642,6.721059357120962,39.8554419910962,3500.7679156969466,6,4,2,1,0,0,0,659317.0
2020-04-27,659317,33116254.49,50.23,0.486,0.1167,2.462115505065151,2.5475959373695263,6.766291665936638,41.44552946498881,3564.102026306753,0,4,2,0,0,0,0,730561.0
2020-04-28,730561,34492478.12,47.21,0.4907,0.1278,2.5358753279020116,2.7908942600004814,6.712030989447911,39.76686549419291,3567.8951512745252,1,4,2,0,0,0,0,722196.0
2020-04-29,722196,36505798.47,50.55,0.4841,0.1155,2.498845565776549,2.596849615729331,6.700611413663351,42.27565147506877,3607.3881955526404,2,4,2,0,0,0,0,681279.0
2020-04-30,681279,33894937.21,49.75,0.4828,0.1259,2.473571650683064,2.843034017702999,6.688676832579986,40.659605019262564,3625.19731980894,3,4,2,0,1,0,0,707304.0
2020-05-01,707304,34183470.12,48.33,0.4765,0.1116,2.5059604793886088,2.697342289573058,6.689698696758775,40.50204235166052,3663.0466572064247,4,5,2,0,0,0,0,672056.0
2020-05-02,672056,32354490.68,48.14,0.4885,0.1262,2.4899224643954105,2.7078101269937345,6.627645545534716,39.888090614340115,3573.184111311817,5,5,2,1,0,0,0,557337.0
2020-05-03,557337,27170650.12,48.75,0.4755,0.1172,2.602030435717255,2.6755164993735976,6.717993617154541,39.902841796468856,3564.694550522503,6,5,2,1,0,0,0,621346.0
2020-05-04,621346,29382611.99,47.29,0.4904,0.1135,2.571170144286137,2.7036839811900792,6.702437357515524,39.607310160161106,3608.1811021745752,0,5,2,0,0,0,0,728395.0
2020-05-05,728395,37734472.13,51.8,0.4945,0.1183,2.536944831919984,2.8412016459858935,6.741323226984152,39.49538288302125,3590.958643734286,1,5,2,0,0,0,0,702965.0
2020-05-06,702965,36157386.03,51.44,0.4871,0.1212,2.5978200885392515,2.5296866762611154,6.708260517773598,40.42592845412574,3649.6902441479374,2,5,2,0,0,0,0,680281.0
2020-05-07,680281,33924652.39,49.87,0.4804,0.1165,2.5430750445475767,2.831861028350353,6.694906380612274,38.592807780828316,3700.0930512483687,3,5,2,0,0,0,0,744389.0
2020-05-08,744389,36356423.35,48.84,0.4876,0.1227,2.506886339318869,2.7577383180463504,6.658867269074903,38.34782922595387,3685.8319355695717,4,5,2,0,0,0,0,646872.0
2020-05-09,646872,31609211.58,48.86,0.4798,0.1158,2.6036194735155713,2.6351275784016157,6.705348136443862,38.210388789538584,3670.5006653931114,5,5,2,1,0,0,0,494735.0
2020-05-10,494735,24876305.61,50.28,0.492,0.123,2.565607125222536,2.6466574332116104,6.73789416172237,41.92860088868963,3638.4789150207207,6,5,2,1,0,0,0,677407.0
2020-05-11,677407,35066854.46,51.77,0.4642,0.1219,2.503916502450213,2.8677872402013325,6.642985525567383,40.02213987483824,3619.222654415515,0,5,2,0,0,0,0,814547.0
2020-05-12,814547,39308822.71,48.26,0.479,0.1188,2.5391478408711374,2.6590288951459176,6.703624770308304,39.659402910810705,3580.583127496022,1,5,2,0,0,0,0,744121.0
2020-05-13,744121,35287878.63,47.42,0.4622,0.1164,2.5130911136039775,2.643395341574269,6.709930358848361,37.9297016513204,3595.7208448495758,2,5,2,0,0,0,0,738015.0
2020-05-14,738015,37937326.27,51.4,0.467,0.1199,2.494157728795284,2.827642787284038,6.6613307158351605,39.84791392934302,3550.1838126992157,3,5,2,0,0,0,0,763812.0
2020-05-15,763812,35430808.3,46.39,0.4954,0.1223,2.5878701149805883,2.764736415302523,6.666725597920378,38.85773378086661,3570.8086873594348,4,5,2,0,0,0,0,737260.0
2020-05-16,737260,35048704.59,47.54,0.4906,0.1313,2.6285523967214783,2.6636130354634724,6.706462232812792,39.14892758696773,3592.339697526776,5,5,2,1,0,0,0,781731.0
2020-05-17,781731,38043738.31,48.67,0.4742,0.1245,2.4975851714036836,2.7569723263472645,6.637002845712147,37.61093357191181,3540.3004258552482,6,5,2,1,0,0,0,901765.0
2020-05-18,901765,42094392.33,46.68,0.4662,0.1247,2.577398214586546,2.658577725962832,6.709841332986718,38.862861138889635,3591.31512557164,0,5,2,0,0,0,0,896586.0
2020-05-19,896586,45432870.98,50.67,0.4514,0.1373,2.5302047429293197,2.829699645754848,6.646177844087725,38.046367507465966,3609.2473202745905,1,5,2,0,0,0,0,859674.0
2020-05-20,859674,43219769.25,50.27,0.4754,0.1218,2.53809586306169,2.8275400004704467,6.742617953808303,37.51749484666228,3634.983709629722,2,5,2,0,0,0,0,873985.0
2020-05-21,873985,42048559.61,48.11,0.5049,0.1215,2.5352349886596603,2.7861876200500584,6.80482578481274,39.195311397601245,3611.5409185266662,3,5,2,0,0,0,0,855798.0
2020-05-22,855798,43540552.19,50.88,0.4849,0.1228,2.525720418939967,2.7735572366695878,6.643285244260722,36.34425013481335,3633.1266565291585,4,5,2,0,0,0,0,737591.0
2020-05-23,737591,37702587.46,51.12,0.4747,0.1124,2.563569658232267,2.88651707144957,6.711351864334363,38.73937313849329,3671.4571195556427,5,5,2,1,0,0,0,688446.0
2020-05-24,688446,33566088.21,48.76,0.4848,0.1158,2.529738973569394,2.7465950547140308,6.646552609778542,38.752260887806216,3669.5109263264603,6,5,2,1,0,0,0,845614.0
2020-05-25,845614,40787514.07,48.23,0.4644,0.1153,2.575142880553518,2.653068818235998,6.733115646526229,36.741703272999686,3737.5589986202817,0,5,2,0,0,0,0,867606.0
2020-05-26,867606,45361660.0,52.28,0.4768,0.1222,2.5636621591135578,2.7845757490413825,6.615913406452157,36.67651141818267,3740.375918818201,1,5,2,0,0,0,0,832143.0
2020-05-27,832143,41573969.55,49.96,0.4806,0.1172,2.5574602867729617,2.916501191038241,6.701244372564151,37.25420682307205,3780.324246919807,2,5,2,0,0,0,0,855340.0
2020-05-28,855340,42122861.42,49.25,0.4786,0.119,2.532061639049826,2.6694367773146808,6.631534780250304,37.71858670545918,3791.6574198318913,3,5,2,0,0,0,0,872530.0
2020-05-29,872530,44404601.84,50.89,0.4872,0.1246,2.5466387634880854,2.722701159081396,6.662734851975092,37.052468637831794,3813.048806551275,4,5,2,0,0,0,0,762823.0
2020-05-30,762823,37594473.79,49.28,0.4825,0.1232,2.6012701538132035,2.7859350563848233,6.6193635071549295,37.60943973951143,3757.459316496107,5,5,2,1,0,0,0,780458.0
2020-05-31,780458,37505686.71,48.06,0.4856,0.117,2.5924355398660928,2.749308742927088,6.7097940034238714,39.05560308112078,3771.3694974626437,6,5,2,1,1,0,0,851624.0
2020-06-01,851624,41660265.31,48.92,0.4719,0.1139,2.534640452310359,2.676039181836387,6.624520378496303,36.179297094652725,3747.837068635387,0,6,2,0,0,0,0,935927.0
2020-06-02,935927,47114824.83,50.34,0.4875,0.1247,2.5790592288967304,2.8453750294070996,6.691591925810997,34.57661307197152,3720.7175806733517,1,6,2,0,0,0,0,901793.0
2020-06-03,901793,41282203.86,45.78,0.4947,0.1224,2.606484163730893,2.942233201847043,6.644344726261008,37.47002692338486,3780.924231691782,2,6,2,0,0,0,0,882918.0
2020-06-04,882918,42660851.51,48.32,0.4685,0.1081,2.5109946799373306,2.7733246298275205,6.653313725011263,38.3408796585024,3774.9960230675233,3,6,2,0,0,0,0,874985.0
2020-06-05,874985,44456680.24,50.81,0.4692,0.1158,2.6008469842912367,2.6863134600930585,6.6638448638408425,36.632178356781985,3742.3889113240684,4,6,2,0,0,0,0,764707.0
2020-06-06,764707,36667658.89,47.95,0.4912,0.1186,2.5539487874653153,2.635727547878442,6.6157177814703925,34.69355973596499,3731.634247764757,5,6,2,1,0,0,0,794473.0
2020-06-07,794473,40534582.26,51.02,0.4758,0.1222,2.604618324420484,2.78128860672755,6.661611756694328,35.686314220588216,3689.519704609095,6,6,2,1,0,0,0,932713.0
2020-06-08,932713,47388773.59,50.81,0.4916,0.1229,2.5526041327361844,2.849967541063598,6.724827177119764,34.327086579344254,3738.7639982827372,0,6,2,0,0,0,0,930783.0
2020-06-09,930783,45208883.28,48.57,0.4729,0.1191,2.5122788206288433,2.800678300984884,6.606555646798051,36.27335179987964,3716.7422059013097,1,6,2,0,0,0,0,884954.0
2020-06-10,884954,42300833.59,47.8,0.4917,0.1209,2.520711500030918,2.7634808192258906,6.701133951940036,33.711346046715185,3735.8096724525913,2,6,2,0,0,0,0,902130.0
2020-06-11,902130,43487654.79,48.21,0.4783,0.1177,2.5890751784617403,2.717540372416929,6.714464743617363,34.80214644711934,3783.020000031489,3,6,2,0,0,0,0,944268.0
2020-06-12,944268,49684731.77,52.62,0.4794,0.1132,2.5988787568245146,2.67831874007904,6.595702129874138,33.78501753635293,3767.3585613247524,4,6,2,0,0,0,0,718494.0
2020-06-13,718494,36941794.42,51.42,0.4923,0.1156,2.5536547640045617,2.8334824262529064,6.560641013130117,34.96892831845606,3786.7756821906773,5,6,2,1,0,0,0,733957.0
2020-06-14,733957,35799271.73,48.78,0.4729,0.1172,2.616708198715375,2.8408153178487474,6.645309750283154,34.202316606410584,3753.1537700609333,6,6,2,1,0,0,0,882725.0
2020-06-15,882725,42069823.98,47.66,0.4669,0.1168,2.52604027136974,2.645067266948181,6.59959364467342,34.677979454888366,3838.035010001438,0,6,2,0,0,0,0,917701.0
2020-06-16,917701,44719991.01,48.73,0.4717,0.1056,2.5911939606182837,2.8969256388386344,6.717081111400959,34.31545239305515,3871.8784975397425,1,6,2,0,0,0,0,928459.0
2020-06-17,928459,45405591.36,48.9,0.4805,0.1145,2.5467320915802625,2.8166779130981263,6.622013136236768,32.92631407633907,3866.5317825799975,2,6,2,0,0,0,0,866435.0
2020-06-18,866435,40425316.42,46.66,0.4602,0.1172,2.5704343936923792,2.8837343211938924,6.576719746325333,34.68321461310612,3841.080698807494,3,6,2,0,0,0,0,817451.0
2020-06-19,817451,39749165.81,48.63,0.482,0.1151,2.599738397871023,2.665411918327961,6.555964121577254,33.692161990265774,3838.489269014679,4,6,2,0,0,0,0,772783.0
2020-06-20,772783,39004565.12,50.47,0.4701,0.1152,2.5647600471831438,2.664532464006105,6.664245427004084,32.38330302579829,3828.1047458981366,5,6,2,1,0,0,0,700919.0
2020-06-21,700919,32083700.56,45.77,0.4868,0.1195,2.585128011774779,2.762897994620239,6.5775550468851955,36.0767218174032,3897.3502389439936,6,6,2,1,0,0,0,813716.0
2020-06-22,813716,40438600.33,49.7,0.4512,0.1101,2.6420951218756175,2.8160563363486695,6.6046060242440765,33.776689499115236,3855.94988524124,0,6,2,0,0,0,0,827646.0
2020-06-23,827646,41797819.87,50.5,0.4671,0.1067,2.5801004381723,2.920561405744149,6.6464416242643845,32.837790910993,3861.982392614845,1,6,2,0,0,0,0,891675.0
2020-06-24,891675,42428147.09,47.58,0.458,0.1143,2.6379360316640175,2.8343587407101056,6.570612332474595,34.53612136613408,3862.695857088126,2,6,2,0,0,0,0,939651.0
2020-06-25,939651,47873449.4,50.95,0.4664,0.1209,2.5606518413336317,2.759478758180531,6.588639732607354,34.86374368138668,3859.9651465863717,3,6,2,0,0,0,0,892688.0
2020-06-26,892688,42273087.79,47.35,0.477,0.1264,2.6283635884433085,2.6978055164806833,6.586156143303763,32.29442526369629,3857.5406129840303,4,6,2,0,0,0,0,764152.0
2020-06-27,764152,37470520.29,49.04,0.4725,0.1209,2.666165012815564,2.8793378667275884,6.617136954007485,32.70066505587039,3854.8579376000494,5,6,2,1,0,0,0,823303.0
2020-06-28,823303,39433828.1,47.9,0.4716,0.1073,2.5109668789198087,2.7047851446902884,6.608432198043464,30.912864637705503,3886.622139566324,6,6,2,1,0,0,0,821898.0
2020-06-29,821898,39352651.63,47.88,0.4724,0.1147,2.5792867873619985,2.913263825949092,6.5637519532196835,31.7363249208859,3909.3444821121902,0,6,2,0,0,0,0,917555.0
2020-06-30,917555,43490451.11,47.4,0.4759,0.1175,2.6355749725213427,2.761261352319998,6.573741478655002,31.48844863033628,3925.477696074218,1,6,2,0,1,1,0,877461.0
2020-07-01,877461,43307467.72,49.36,0.4636,0.117,2.605699316550264,2.9122855076252483,6.5477105137767575,31.76343306012908,3821.0681562254154,2,7,3,0,0,0,0,904845.0
2020-07-02,904845,44847913.66,49.56,0.4806,0.1191,2.6299955697265833,2.8403813122292028,6.48809866549301,31.75528888044157,3832.7238594233436,3,7,3,0,0,0,0,858303.0
2020-07-03,858303,41351116.48,48.18,0.48,0.1103,2.5923184919323097,2.7761361016068613,6.570478866652516,31.842193293055576,3777.348422287197,4,7,3,0,0,0,0,545559.0
2020-07-04,545559,25214558.93,46.22,0.4771,0.1161,2.6212692209164605,2.746574042102666,6.647768003934745,31.270147808861946,3800.7035294824796,5,7,3,1,0,0,1,769504.0
2020-07-05,769504,37587145.68,48.85,0.4786,0.1182,2.6129058390542337,2.7618842268866834,6.504472446768713,29.34688403223843,3852.8125018246233,6,7,3,1,0,0,0,964154.0
2020-07-06,964154,47106240.1,48.86,0.4759,0.1205,2.6671710826833785,2.8244544065895596,6.505447647547537,29.488699781922826,3822.152329731263,0,7,3,0,0,0,0,928524.0
2020-07-07,928524,44460395.75,47.88,0.4931,0.1107,2.631963082080376,2.797394928651302,6.495944564338071,29.77460727367347,3814.4780482353453,1,7,3,0,0,0,0,866950.0
2020-07-08,866950,44207654.54,50.99,0.4717,0.1134,2.636616383067269,2.744751972389836,6.571033805567858,29.90745814600466,3795.2698522863047,2,7,3,0,0,0,0,822714.0
2020-07-09,822714,37703983.2,45.83,0.4694,0.0992,2.6079628100310557,2.780042001283875,6.552493553776122,31.323403018980507,3839.0309941427604,3,7,3,0,0,0,0,821838.0
2020-07-10,821838,36844733.71,44.83,0.4647,0.1116,2.6062588394426163,2.8006154731852826,6.517349622217659,28.48381178715407,3843.6427023795686,4,7,3,0,0,0,0,826482.0
2020-07-11,826482,38881961.3,47.05,0.4618,0.1121,2.6097855520733155,2.6250685621752976,6.474525305146968,29.267902855050465,3905.2449406932637,5,7,3,1,0,0,0,712331.0
2020-07-12,712331,35039831.71,49.19,0.4595,0.109,2.644190351757132,2.8330599146172255,6.520137742722239,30.658531062609725,3921.165787973756,6,7,3,1,0,0,0,882762.0
2020-07-13,882762,41069902.6,46.52,0.4629,0.1161,2.6128968724759387,2.7190691544740213,6.432323706685637,28.97389941981174,3931.085007211448,0,7,3,0,0,0,0,952236.0
2020-07-14,952236,44393217.65,46.62,0.471,0.1147,2.642650834709073,2.706221873013572,6.51270569132063,29.705854197716228,3934.8527083174945,1,7,3,0,0,0,0,823828.0
2020-07-15,823828,40780558.81,49.5,0.4749,0.1014,2.71539906811953,2.664543770573411,6.544034150719845,28.806333379221325,3965.2908163865077,2,7,3,0,0,0,0,963741.0
2020-07-16,963741,46984233.33,48.75,0.4719,0.1162,2.6685508310373436,2.657064026252221,6.432765943474266,29.10323134458417,3905.1005884439924,3,7,3,0,0,0,0,889547.0
2020-07-17,889547,43238241.87,48.61,0.4636,0.1092,2.621987323327068,2.6931850026133453,6.413512741143359,28.34316369816097,3909.442791520392,4,7,3,0,0,0,0,711011.0
2020-07-18,711011,34979552.04,49.2,0.4801,0.1177,2.6843988622345907,2.7459457864077024,6.563868478721199,29.2410315527106,3908.3189758717654,5,7,3,1,0,0,0,764267.0
2020-07-19,764267,36203573.77,47.37,0.4783,0.107,2.621348954246998,2.959976151843891,6.449012097771892,26.410740337174804,3935.2669988119546,6,7,3,1,0,0,0,870939.0
2020-07-20,870939,41302512.79,47.42,0.4692,0.1148,2.5574682787631082,2.762694316512215,6.5310469293553,27.65417001033116,3929.969722896736,0,7,3,0,0,0,0,918659.0
2020-07-21,918659,45188328.34,49.19,0.4641,0.1128,2.5999907300474026,2.820035294953498,6.461145471258382,28.272496576587418,3894.7329266710826,1,7,3,0,0,0,0,869446.0
2020-07-22,869446,39943029.57,45.94,0.476,0.1163,2.566803063429555,2.8389057335308743,6.455290192889293,28.384682988596865,3896.3216941633796,2,7,3,0,0,0,0,806645.0
2020-07-23,806645,36079108.22,44.73,0.4722,0.1151,2.628894398361362,2.818405728075303,6.479798314407868,29.36465000513966,3859.851709566646,3,7,3,0,0,0,0,895118.0
2020-07-24,895118,42316577.76,47.27,0.4557,0.1128,2.645011514234587,2.8027796953707034,6.408115056555309,26.933997339297328,3794.840842753489,4,7,3,0,0,0,0,703535.0
2020-07-25,703535,34687396.1,49.3,0.4694,0.105,2.712651761051617,2.714407712701983,6.453325161589368,29.010028733013765,3821.0579173817846,5,7,3,1,0,0,0,785042.0
2020-07-26,785042,37897751.72,48.27,0.4725,0.1053,2.6599905054449353,2.9271628557038056,6.4219595375234295,26.276589587721418,3842.3313998746053,6,7,3,1,0,0,0,841822.0
2020-07-27,841822,41384602.21,49.16,0.4608,0.1106,2.639468188039098,2.9567232318062944,6.369291855455466,28.495944196264972,3859.830449946141,0,7,3,0,0,0,0,881034.0
2020-07-28,881034,39500034.06,44.83,0.4715,0.114,2.682726892255055,2.678595077564278,6.446422385784963,27.71809961065857,3906.685894020817,1,7,3,0,0,0,0,924313.0
2020-07-29,924313,44657964.13,48.31,0.4549,0.1103,2.562423381971497,2.7323471967398985,6.410564303558599,25.478015613160164,3884.6916634360937,2,7,3,0,0,0,0,896741.0
2020-07-30,896741,43766049.2,48.81,0.4827,0.1176,2.661611171909635,2.792947819457284,6.410009946902557,26.781130784607203,3836.2784828051795,3,7,3,0,0,0,0,921799.0
2020-07-31,921799,42201844.2,45.78,0.4817,0.1121,2.6843386669781713,2.739234251741516,6.351435146000733,26.19124266294603,3835.1606549870994,4,7,3,0,1,0,0,797335.0
2020-08-01,797335,39136948.44,49.08,0.4666,0.1079,2.5956777579004413,2.857940627425685,6.485546157354562,26.845025138347747,3824.4793554646258,5,8,3,1,0,0,0,720062.0
2020-08-02,720062,34280503.68,47.61,0.4726,0.112,2.7018882013611982,2.7602692077238444,6.443796168170608,25.669582083526347,3796.8807497637886,6,8,3,1,0,0,0,897015.0
2020-08-03,897015,46972529.86,52.37,0.4447,0.1149,2.670994415780404,2.992804576630255,6.44210438274311,25.413612285966863,3795.4352692028824,0,8,3,0,0,0,0,743104.0
2020-08-04,743104,33050226.99,44.48,0.4571,0.1155,2.642159255306168,2.9159146060794416,6.372512731118344,27.27166402199875,3775.8751874325594,1,8,3,0,0,0,0,914542.0
2020-08-05,914542,45524835.69,49.78,0.4656,0.1247,2.685397956042798,2.838748801804181,6.295166888183106,25.358397409895144,3715.2477207295956,2,8,3,0,0,0,0,881194.0
2020-08-06,881194,41519512.42,47.12,0.4577,0.1094,2.7522300070563124,2.90497548813779,6.473066100015308,26.318375229866508,3701.7720880084144,3,8,3,0,0,0,0,859933.0
2020-08-07,859933,38925951.43,45.27,0.4754,0.1129,2.6699922607894284,2.912363888979986,6.366113131002671,24.90777002957243,3665.3389725205607,4,8,3,0,0,0,0,780539.0
2020-08-08,780539,36595556.87,46.88,0.4881,0.1158,2.6739614631012842,2.7798528974713506,6.325429817168992,27.031450544806457,3674.2236864690626,5,8,3,1,0,0,0,834495.0
2020-08-09,834495,40118405.31,48.08,0.4562,0.113,2.646972948704777,2.7607497451878293,6.377366161350072,24.072476021245265,3653.820881688993,6,8,3,1,0,0,0,889631.0
2020-08-10,889631,43768508.67,49.2,0.4595,0.1101,2.632668075709484,2.833378597939081,6.408493325011616,24.006307712885523,3691.798233556348,0,8,3,0,0,0,0,854688.0
2020-08-11,854688,42912775.03,50.21,0.4701,0.1037,2.7011894745397704,2.8971396840299253,6.342551342517694,26.43130033591406,3746.7307813111015,1,8,3,0,0,0,0,919604.0
2020-08-12,919604,45743001.49,49.74,0.4837,0.1099,2.635046610677589,2.840416893189962,6.401155051652234,23.92835783942415,3770.9726659929916,2,8,3,0,0,0,0,842091.0
2020-08-13,842091,38857980.4,46.14,0.4553,0.1064,2.673466270376673,2.7042172489865375,6.384855009885082,26.245825792343616,3719.942694369162,3,8,3,0,0,0,0,878121.0
2020-08-14,878121,43266292.65,49.27,0.4699,0.1024,2.6528107204555513,2.7672375702597853,6.270321430609315,25.258831759286906,3771.939084810868,4,8,3,0,0,0,0,838012.0
2020-08-15,838012,40347457.79,48.15,0.4855,0.1079,2.6923893540192627,2.826633919700591,6.283843681523432,23.868985878581235,3827.0893160893256,5,8,3,1,0,0,0,796052.0
2020-08-16,796052,37065234.77,46.56,0.4506,0.1064,2.6878895380843018,2.827588401035043,6.358760425987198,21.746423269016997,3829.0133548686367,6,8,3,1,0,0,0,826549.0
2020-08-17,826549,39020466.63,47.21,0.4542,0.1161,2.717357299776472,2.9925366144135532,6.168561471061966,23.768880985129947,3876.1665066677033,0,8,3,0,0,0,0,835049.0
2020-08-18,835049,38784308.68,46.45,0.4627,0.1161,2.6567674544996285,2.724947498711906,6.289986464445461,23.785593048610984,3858.252590581312,1,8,3,0,0,0,0,914664.0
2020-08-19,914664,43491829.89,47.55,0.4616,0.107,2.6676852869032497,2.877368682807659,6.219143927039011,24.93776650267855,3795.2513167091165,2,8,3,0,0,0,0,943277.0
2020-08-20,943277,43751988.9,46.38,0.4748,0.1108,2.640641680092379,2.9571473295173387,6.260043594654694,25.318610751384934,3770.6227872976515,3,8,3,0,0,0,0,844351.0
2020-08-21,844351,38771805.99,45.92,0.4689,0.1011,2.6633322184457895,3.020832738347943,6.262076110522784,22.467764404092886,3831.03749165395,4,8,3,0,0,0,0,801776.0
2020-08-22,801776,38616213.92,48.16,0.4487,0.1092,2.697507469616245,2.8078651955633602,6.25221123359543,24.130352088134668,3781.222392554621,5,8,3,1,0,0,0,840716.0
2020-08-23,840716,40666603.14,48.37,0.4715,0.1145,2.7140062817654282,2.8806333414765533,6.23557771081902,23.96851454310904,3782.458097948468,6,8,3,1,0,0,0,995966.0
2020-08-24,995966,46940423.65,47.13,0.4604,0.117,2.6481512027715137,2.8880035870355187,6.201362372911417,24.221140043326304,3784.8720611481963,0,8,3,0,0,0,0,927606.0
2020-08-25,927606,45867414.18,49.45,0.4788,0.1077,2.7211329279252734,2.859166859693383,6.363805840768743,23.416401116946204,3768.6832190219047,1,8,3,0,0,0,0,951167.0
2020-08-26,951167,44694051.55,46.99,0.4597,0.1182,2.741884882944055,2.836728069362396,6.335536520132035,20.373819621245264,3754.908641899369,2,8,3,0,0,0,0,823659.0
2020-08-27,823659,38636884.87,46.91,0.4595,0.1027,2.7055072496604198,2.880622894495283,6.176976173571862,22.40706732736777,3758.5897737600867,3,8,3,0,0,0,0,1022258.0
2020-08-28,1022258,49413349.55,48.34,0.4711,0.1043,2.765351983858187,2.6442761798945202,6.307064731934101,21.09739383810859,3740.852907444059,4,8,3,0,0,0,0,765252.0
2020-08-29,765252,36067724.18,47.13,0.4732,0.1159,2.660638699552498,2.902534266641235,6.200828918914506,22.133692463868034,3694.4955317760086,5,8,3,1,0,0,0,743667.0
2020-08-30,743667,35280622.35,47.44,0.47,0.1216,2.6431140193686735,2.859177629566452,6.220069220769619,23.44730421770224,3702.86873047965,6,8,3,1,0,0,0,910028.0
2020-08-31,910028,39602012.61,43.52,0.4485,0.1145,2.623061166876296,2.8324019561681655,6.203218643775494,22.5338576830557,3740.0401026975105,0,8,3,0,1,0,0,976007.0
2020-09-01,976007,46171847.9,47.31,0.4707,0.1112,2.7553613535292425,3.0150673466109144,6.166132732827062,23.44365464015385,3770.6609518773407,1,9,3,0,0,0,0,1016679.0
2020-09-02,1016679,45267486.13,44.52,0.4548,0.0982,2.7230036520619163,2.7984439564242662,6.2410164220811355,22.376203245837896,3744.507643205327,2,9,3,0,0,0,0,933708.0
2020-09-03,933708,42407220.8,45.42,0.4674,0.0992,2.6959149298413387,2.82131480115098,6.190788077708689,20.310136116572735,3703.7883402808325,3,9,3,0,0,0,0,977391.0
2020-09-04,977391,44207778.93,45.23,0.4507,0.112,2.7106462043996764,3.0140092535361585,6.153302922825979,18.747006166782796,3695.5344935250873,4,9,3,0,0,0,0,795049.0
2020-09-05,795049,36296690.47,45.65,0.4693,0.109,2.655736897626616,2.789246112066978,6.104505052223007,21.856345057758077,3749.271923765936,5,9,3,1,0,0,0,745454.0
2020-09-06,745454,34572603.95,46.38,0.4567,0.1044,2.799895402117156,2.8129297501188484,6.117626583641103,21.328660574575764,3772.349534363177,6,9,3,1,0,0,0,995392.0
2020-09-07,995392,46241340.06,46.46,0.4519,0.1114,2.708542902643796,2.8463068354882317,6.07277741054306,20.32246943809526,3797.562113491699,0,9,3,0,0,0,0,903721.0
2020-09-08,903721,43528201.73,48.17,0.4717,0.1116,2.7090584544122347,2.926459475872214,6.147966441088752,19.365305418551856,3829.3430254528903,1,9,3,0,0,0,0,996563.0
2020-09-09,996563,47323486.22,47.49,0.4669,0.1165,2.7350218155273076,2.87695872809229,6.08000009063387,20.43742870405291,3845.1207599521413,2,9,3,0,0,0,0,985363.0
2020-09-10,985363,43637321.71,44.29,0.4582,0.1116,2.726539894349964,2.758060283041671,6.119003204891482,21.000587989425014,3850.546038405984,3,9,3,0,0,0,0,948502.0
2020-09-11,948502,44813052.2,47.25,0.4788,0.1181,2.7175631530490616,2.8200345929367208,6.193204432125435,21.949668556550087,3874.8224078292806,4,9,3,0,0,0,0,877227.0
2020-09-12,877227,41740787.6,47.58,0.4598,0.1107,2.678296979304982,2.8151594850318014,6.1770531711083985,21.295374787875197,3857.0709010452624,5,9,3,1,0,0,0,885605.0
2020-09-13,885605,41266116.13,46.6,0.4644,0.1099,2.7300827616967234,2.858711922876452,6.10783444070679,22.9188495204041,3809.5125449033444,6,9,3,1,0,0,0,921632.0
2020-09-14,921632,43300280.82,46.98,0.4667,0.1169,2.787812987635393,2.9001008815769285,6.09742587818745,19.668327761864532,3835.6203333485782,0,9,3,0,0,0,0,881815.0
2020-09-15,881815,41747888.27,47.34,0.4577,0.1045,2.7676567065343605,2.900635657727063,6.188077903689019,21.891922433847625,3879.838014413174,1,9,3,0,0,0,0,842988.0
2020-09-16,842988,40622548.63,48.19,0.4685,0.1272,2.7788751893192987,2.7262461015759185,6.112398773362513,20.816706998527806,3842.2245819568852,2,9,3,0,0,0,0,1022645.0
2020-09-17,1022645,45675175.27,44.66,0.4584,0.1125,2.6960068455601207,2.954592212025414,6.06222066184659,21.52052753606923,3871.9979000688427,3,9,3,0,0,0,0,911246.0
2020-09-18,911246,42504030.75,46.64,0.4595,0.1125,2.678178963150286,2.890834388405513,5.999533819967443,20.0917433686786,3932.2781899818033,4,9,3,0,0,0,0,840435.0
2020-09-19,840435,41397408.73,49.26,0.4772,0.1132,2.714039303698361,2.9825454588344185,6.082726348420708,21.831855504890566,3933.4613130316616,5,9,3,1,0,0,0,762175.0
2020-09-20,762175,37425781.61,49.1,0.4531,0.1213,2.7226073489902918,2.9084748520216097,6.0966715558050195,20.83200807029771,3905.861672380854,6,9,3,1,0,0,0,999619.0
2020-09-21,999619,48221300.16,48.24,0.4393,0.1147,2.7654535389823396,2.9622029995956014,6.015770685855263,19.595904898573977,3911.4410265399197,0,9,3,0,0,0,0,897977.0
2020-09-22,897977,42880994.52,47.75,0.4794,0.1002,2.655294778879232,2.9125810610759735,6.054037007199978,20.331891115153127,3893.3537356959578,1,9,3,0,0,0,0,873836.0
2020-09-23,873836,43179741.85,49.41,0.4887,0.1182,2.785482829118939,2.9841178755025743,6.013398021629559,19.995493463801413,3873.0404592418927,2,9,3,0,0,0,0,916612.0
2020-09-24,916612,45641111.27,49.79,0.4591,0.1077,2.7192879255248794,2.9193643599152295,6.014451589878101,20.80815307792235,3889.4104877712875,3,9,3,0,0,0,0,913958.0
2020-09-25,913958,42688561.51,46.71,0.4437,0.1103,2.709840403096707,2.870917707943473,5.8913158337108715,18.7451017208634,3834.8976241831506,4,9,3,0,0,0,0,824134.0
2020-09-26,824134,37441508.81,45.43,0.4599,0.1019,2.6877388610918054,3.061714457831816,5.996649292947439,20.066800585851574,3786.5892844230707,5,9,3,1,0,0,0,795002.0
2020-09-27,795002,36939441.81,46.46,0.46,0.1127,2.663336151736112,2.9522135456390615,6.048216450794159,20.519051715400053,3788.450974271306,6,9,3,1,0,0,0,956964.0
2020-09-28,956964,49283310.91,51.5,0.4609,0.1055,2.7637646233364834,2.9281631774285644,5.960166172283535,20.02842017799576,3788.893270015638,0,9,3,0,0,0,0,911265.0
2020-09-29,911265,40537792.76,44.49,0.4516,0.11,2.7350779054873557,2.7813344795503614,5.986330120158926,21.550656680344655,3801.8320751238994,1,9,3,0,0,0,0,900140.0
2020-09-30,900140,41512711.43,46.12,0.4685,0.1076,2.681854149720421,2.781551602732369,5.937853450398995,20.81009199263289,3867.7650229845704,2,9,3,0,1,1,0,954394.0
2020-10-01,954394,42651408.58,44.69,0.4678,0.1207,2.682956852498202,2.909213008878296,5.985600430335414,19.820604174077744,3872.6296650813883,3,10,4,0,0,0,0,1071596.0
2020-10-02,1071596,50344034.28,46.98,0.4476,0.121,2.7226360585504708,2.898619211910725,5.948660218188815,20.039279787451267,3894.7646283271424,4,10,4,0,0,0,0,859231.0
2020-10-03,859231,38643056.12,44.97,0.4695,0.1093,2.8041357828940856,2.8390316528509225,5.9044134966950885,20.085054644379728,3861.9373933515894,5,10,4,1,0,0,0,759305.0
2020-10-04,759305,35383391.92,46.6,0.4829,0.1094,2.7282987821942792,2.9006262206290403,6.0098739996130615,20.166525923637117,3889.946990019836,6,10,4,1,0,0,0,967920.0
2020-10-05,967920,42416701.62,43.82,0.464,0.1067,2.679864278321443,3.017626118514515,5.981546028272118,17.445370309603003,3872.7805103803103,0,10,4,0,0,0,0,987578.0
2020-10-06,987578,47066956.62,47.66,0.4589,0.1155,2.73146788677469,2.9473587430940533,5.8966897309203015,19.22918060399503,3876.488913082766,1,10,4,0,0,0,0,1075543.0
2020-10-07,1075543,52218663.22,48.55,0.4608,0.1068,2.7316963390368776,2.8016386745908965,5.9436432567701,17.76577183153923,3873.90906363757,2,10,4,0,0,0,0,1023275.0
2020-10-08,1023275,47200090.72,46.13,0.4683,0.1061,2.636037555135102,2.8851936968444907,5.937426833958481,21.03833216660287,3911.3178244768847,3,10,4,0,0,0,0,942132.0
2020-10-09,942132,43794732.84,46.48,0.4448,0.1145,2.7430490387345934,2.830914377504662,5.934457797218708,19.389857074492767,3866.685411877954,4,10,4,0,0,0,0,963772.0
2020-10-10,963772,44745358.59,46.43,0.4636,0.1053,2.7372913452639565,2.8654952487235907,5.809401039324335,19.190509317583718,3789.2237787849904,5,10,4,1,0,0,0,845242.0
2020-10-11,845242,39666259.77,46.93,0.458,0.1082,2.7756849617329076,2.864623795635216,5.936200343740055,20.459453005329575,3783.133245131547,6,10,4,1,0,0,0,1035696.0
2020-10-12,1035696,48248286.45,46.59,0.4804,0.0989,2.8231030262927006,2.860705477476181,5.849126820902857,19.85197478631721,3800.3045512555373,0,10,4,0,0,0,0,938871.0
2020-10-13,938871,44859221.3,47.78,0.4601,0.1125,2.795515560851965,2.7997126453222845,5.8514481793618724,17.953798786304,3806.701557876311,1,10,4,0,0,0,0,875448.0
2020-10-14,875448,42426439.12,48.46,0.4784,0.1199,2.741005698216752,2.8911197346808417,5.992948008978365,19.187110586350375,3850.3496218703226,2,10,4,0,0,0,0,924005.0
2020-10-15,924005,41928689.2,45.38,0.4507,0.1125,2.7088086118638857,2.857694422714674,5.8678489566523835,18.835070435498828,3866.7367370860893,3,10,4,0,0,0,0,850374.0
2020-10-16,850374,39218844.24,46.12,0.4675,0.1168,2.857312566174833,2.669400360352957,5.825128032393669,17.109917447360665,3848.3577661159334,4,10,4,0,0,0,0,951341.0
2020-10-17,951341,45589474.76,47.92,0.4648,0.1029,2.7580555679833636,3.069209543807114,5.725856288518229,18.34209929489099,3769.8209729597365,5,10,4,1,0,0,0,863118.0
2020-10-18,863118,38341184.07,44.42,0.4529,0.1093,2.75755279695295,2.993291191733294,5.8972745261441935,18.918219495105102,3762.9419226138584,6,10,4,1,0,0,0,944988.0
2020-10-19,944988,41185939.43,43.58,0.4633,0.1022,2.7573395618895336,2.8773057169365694,5.752180087034576,18.969502697217006,3799.090385572157,0,10,4,0,0,0,0,1014391.0
2020-10-20,1014391,47539006.05,46.86,0.4736,0.1064,2.7675370487533084,2.9101377790382523,5.7609122915350035,17.298656547342482,3786.877399754468,1,10,4,0,0,0,0,988497.0
2020-10-21,988497,46711557.26,47.26,0.4582,0.1123,2.755148495091957,2.81612471848096,5.786150177657728,20.43011369625187,3789.0100176758406,2,10,4,0,0,0,0,1011192.0
2020-10-22,1011192,45920977.72,45.41,0.4444,0.1082,2.7392858523234205,3.0467420451387124,5.865162301175539,18.897238284361443,3804.576624485593,3,10,4,0,0,0,0,1036910.0
2020-10-23,1036910,47297399.25,45.61,0.4611,0.0991,2.7416675712871403,3.0640968028197735,5.824618464794713,19.037314877181178,3771.1287616946533,4,10,4,0,0,0,0,840351.0
2020-10-24,840351,38090699.78,45.33,0.4522,0.0996,2.763541577338983,2.9260810476093098,5.769670649014942,19.446328855315798,3793.5048000584397,5,10,4,1,0,0,0,820448.0
2020-10-25,820448,37045464.99,45.15,0.4578,0.0991,2.7444246869895657,2.99666219876834,5.784574960616221,17.993969924119515,3850.9923533933816,6,10,4,1,0,0,0,1021550.0
2020-10-26,1021550,48502277.51,47.48,0.4604,0.1103,2.738958014334624,2.930039249061998,5.730731146691583,19.462162502641814,3846.184265471467,0,10,4,0,0,0,0,1026570.0
2020-10-27,1026570,45840357.51,44.65,0.4441,0.1196,2.7730394283581847,2.810317198510531,5.759315896124019,18.44966774350483,3808.4624837272195,1,10,4,0,0,0,0,997352.0
2020-10-28,997352,45890366.96,46.01,0.4449,0.1154,2.7598937176864364,2.885550663937417,5.747575999346064,17.79060163247228,3807.34200035571,2,10,4,0,0,0,0,1079050.0
2020-10-29,1079050,48598660.62,45.04,0.4659,0.0957,2.8315633343447604,2.930294449062336,5.78391723950999,19.531690314445807,3733.0163559459793,3,10,4,0,0,0,0,960742.0
2020-10-30,960742,42464207.28,44.2,0.4558,0.1156,2.6666758599703093,2.884622456260692,5.775401325857226,20.61129038073212,3745.4921123953523,4,10,4,0,0,0,0,811249.0
2020-10-31,811249,38675141.31,47.67,0.4353,0.1126,2.8176862008144323,2.904742462588814,5.74329951466694,19.66946233706539,3761.9120692780225,5,10,4,1,1,0,0,878714.0
2020-11-01,878714,40047048.6,45.57,0.4688,0.0976,2.825180853675982,2.916173605268765,5.692036500884338,19.886260165631512,3820.233432783525,6,11,4,1,0,0,0,970813.0
2020-11-02,970813,45262310.59,46.62,0.4636,0.105,2.6937136086450546,2.918268534134579,5.738793688753856,18.133562999136274,3814.725046477515,0,11,4,0,0,0,0,1028973.0
2020-11-03,1028973,45341146.22,44.06,0.4537,0.1133,2.764253746829586,2.930175141119083,5.6886487608240515,16.82139955308348,3829.93389101354,1,11,4,0,0,0,0,952715.0
2020-11-04,952715,43062588.55,45.2,0.4477,0.11,2.764415917289517,2.8424041129827984,5.630692441423514,20.50750108409714,3801.509030277363,2,11,4,0,0,0,0,969402.0
2020-11-05,969402,45981790.71,47.43,0.4692,0.0987,2.724285662201008,2.8711516958230985,5.656161560413854,21.166094802476255,3790.4774074156253,3,11,4,0,0,0,0,1075491.0
2020-11-06,1075491,53953321.59,50.17,0.4643,0.1102,2.7507863253486784,2.827009133407911,5.672087350540518,20.533912968066804,3739.9288711421264,4,11,4,0,0,0,0,850172.0
2020-11-07,850172,36818689.98,43.31,0.4846,0.0936,2.7387891148166115,3.009266427273009,5.704904547765295,18.261975887114577,3734.5014812887166,5,11,4,1,0,0,0,839570.0
2020-11-08,839570,38583622.12,45.96,0.4649,0.105,2.854616423233316,2.7638571624434976,5.641748255686729,17.26221776500363,3725.372963047782,6,11,4,1,0,0,0,1054325.0
2020-11-09,1054325,49408778.72,46.86,0.4646,0.1131,2.823266507359206,3.0258663096040372,5.581994223380952,17.352285263153515,3736.5388773436653,0,11,4,0,0,0,0,956894.0
2020-11-10,956894,43353890.93,45.31,0.459,0.1063,2.8380156590832035,3.045759631981394,5.636819764972943,16.594396587780135,3716.7399273433684,1,11,4,0,0,0,0,966736.0
2020-11-11,966736,45912119.15,47.49,0.4688,0.1032,2.8173347472856585,2.9119522687362336,5.631183467967189,18.470218486286562,3720.6416288876785,2,11,4,0,0,0,0,1018639.0
2020-11-12,1018639,45741096.87,44.9,0.4669,0.1114,2.744620537423059,2.7291532251749597,5.6263304296911105,20.510490168240306,3710.602940736575,3,11,4,0,0,0,0,1041681.0
2020-11-13,1041681,48356578.06,46.42,0.4732,0.1119,2.770116883632473,2.909779268200152,5.654560335012111,18.39867281225379,3700.6523496901277,4,11,4,0,0,0,0,920528.0
2020-11-14,920528,41786935.47,45.39,0.4554,0.1138,2.8119881136053793,2.9348317489576923,5.6510418901304,18.916815590536785,3704.432827579211,5,11,4,1,0,0,0,829245.0
2020-11-15,829245,39798430.4,47.99,0.4563,0.1111,2.74484381497027,2.8604034438711894,5.561915338280683,20.190454918166882,3706.8861745143768,6,11,4,1,0,0,0,1028166.0
2020-11-16,1028166,46408046.17,45.14,0.4558,0.1123,2.823565028475848,2.9013211034786406,5.552350472184296,18.040866772964197,3733.4759532584508,0,11,4,0,0,0,0,964006.0
2020-11-17,964006,43968664.45,45.61,0.4685,0.1101,2.7867486155750103,3.066243921191274,5.522681504290388,20.954775743452817,3730.5301963586576,1,11,4,0,0,0,0,958713.0
2020-11-18,958713,45580732.83,47.54,0.4756,0.1073,2.782685724277007,2.998314668070039,5.601168469389437,20.889304826309036,3719.902358657643,2,11,4,0,0,0,0,1054035.0
2020-11-19,1054035,46978439.77,44.57,0.456,0.1061,2.827434273825778,2.8724500178227674,5.630207805876807,18.328390904778168,3714.9519003021505,3,11,4,0,0,0,0,979811.0
2020-11-20,979811,45269574.71,46.2,0.4563,0.1041,2.8180841281522704,2.8199043298088178,5.533555101968132,17.779878846619365,3692.2236310867306,4,11,4,0,0,0,0,878313.0
2020-11-21,878313,38077119.1,43.35,0.4637,0.0982,2.787193080407173,2.922850461173892,5.528783763603425,19.297046905512055,3681.367824824843,5,11,4,1,0,0,0,877326.0
2020-11-22,877326,38989821.75,44.44,0.4581,0.0996,2.849323469988725,2.9332373563829877,5.6057446184392195,18.03100210552893,3750.387039239378,6,11,4,1,0,0,0,958179.0
2020-11-23,958179,44683727.35,46.63,0.47,0.1036,2.761026723786492,2.9913143568021034,5.549238094418826,17.04805004033169,3720.8001222682246,0,11,4,0,0,0,0,1035324.0
2020-11-24,1035324,46136189.18,44.56,0.438,0.1067,2.830226097221513,2.9101000806663597,5.53733161509884,19.961484715678612,3712.569309047234,1,11,4,0,0,0,0,1016727.0
2020-11-25,1016727,45975010.9,45.22,0.4523,0.1138,2.8306325851672502,2.995154854030068,5.447538951495231,19.871999593851225,3700.7284380815513,2,11,4,0,0,0,0,736600.0
2020-11-26,736600,34445303.09,46.76,0.4527,0.1048,2.79584699390662,3.11035915754996,5.532591845268066,18.587308330831362,3693.5851902840755,3,11,4,0,0,0,1,1018852.0
2020-11-27,1018852,45992658.62,45.14,0.4373,0.111,2.8225949526395575,3.022101339892948,5.443775404421373,16.873840882715047,3683.6659238376706,4,11,4,0,0,0,0,844317.0
2020-11-28,844317,39878989.25,47.23,0.4509,0.1114,2.760826341559061,2.9543310799138647,5.4251145002741925,16.902569305666667,3694.0120530578906,5,11,4,1,0,0,0,917922.0
2020-11-29,917922,42508138.61,46.31,0.4514,0.1035,2.8491536998348637,2.9448455049602362,5.456067118452662,18.495522058246053,3638.6497700880163,6,11,4,1,0,0,0,938905.0
2020-11-30,938905,43778142.87,46.63,0.4585,0.1084,2.806118758681808,2.932285554733673,5.435713536790454,17.75595781665578,3673.841571464217,0,11,4,0,1,0,0,997654.0
2020-12-01,997654,47710283.0,47.82,0.4717,0.1033,2.7939286480855214,3.0565950227522154,5.44552833744014,17.935544190956417,3695.8896920096095,1,12,4,0,0,0,0,1023492.0
2020-12-02,1023492,47519266.66,46.43,0.4581,0.1126,2.8581211715129786,2.913285500463615,5.376172445920189,19.560347424889002,3655.837517162011,2,12,4,0,0,0,0,1010782.0
2020-12-03,1010782,48765149.75,48.24,0.4502,0.1084,2.7893108063897505,2.9684177018159827,5.4877839846831895,19.203013105407912,3582.972657526886,3,12,4,0,0,0,0,1039352.0
2020-12-04,1039352,49152544.19,47.29,0.46,0.0974,2.7624703808394906,2.970227509097199,5.487857939108179,19.966233166512698,3552.6293692646527,4,12,4,0,0,0,0,823087.0
2020-12-05,823087,37143819.9,45.13,0.4711,0.1054,2.7578684808177045,2.927323216433216,5.325746143214663,17.113023533442977,3545.9013352177594,5,12,4,1,0,0,0,960858.0
2020-12-06,960858,45967845.73,47.84,0.4508,0.1143,2.8456994065301444,2.8590054660095077,5.463685358571736,17.87928438452463,3630.255165967253,6,12,4,1,0,0,0,1033505.0
2020-12-07,1033505,47835384.63,46.28,0.4515,0.1032,2.771567750057629,2.995979911035511,5.365895165383588,19.191256867840135,3649.0969492085865,0,12,4,0,0,0,0,1069859.0
2020-12-08,1069859,48448555.57,45.28,0.4662,0.1069,2.894303171431451,2.9666033565229024,5.44093979498262,18.8075476939457,3591.243194664116,1,12,4,0,0,0,0,1044646.0
2020-12-09,1044646,48349190.41,46.28,0.4584,0.1075,2.742161281534109,3.012847117508383,5.386348769924995,20.0980841595686,3570.044630558157,2,12,4,0,0,0,0,1010045.0
2020-12-10,1010045,47999440.32,47.52,0.4671,0.0979,2.8946243494099537,2.931486542656162,5.382900963867324,18.75323409937851,3569.3563604784977,3,12,4,0,0,0,0,943389.0
2020-12-11,943389,43890746.38,46.52,0.4605,0.1071,2.836535022794922,3.0731894390494343,5.363909765492687,20.45566112710234,3578.5370988917516,4,12,4,0,0,0,0,856338.0
2020-12-12,856338,41587219.93,48.56,0.4677,0.0956,2.8255546311673765,2.9067334804354634,5.425485295169236,18.87525926170381,3537.451426696489,5,12,4,1,0,0,0,947409.0
2020-12-13,947409,44953376.72,47.45,0.4503,0.1002,2.808955835358697,3.115192732156003,5.294625696480374,19.491104116199466,3534.1624727332014,6,12,4,1,0,0,0,1079856.0
2020-12-14,1079856,50312962.15,46.59,0.4606,0.1103,2.8480481078332454,2.8397751926027963,5.378735798755812,17.81749842094027,3512.408070439778,0,12,4,0,0,0,0,984871.0
2020-12-15,984871,43587538.14,44.26,0.4586,0.1059,2.831907970454407,3.015726798536998,5.395161741676321,18.212012683648823,3478.6762805619383,1,12,4,0,0,0,0,879906.0
2020-12-16,879906,40049214.52,45.52,0.4486,0.1019,2.8788767696523863,3.0203412024012852,5.367676797220937,19.27708235270897,3487.801340896063,2,12,4,0,0,0,0,995250.0
2020-12-17,995250,45663286.15,45.88,0.4452,0.1063,2.840645786369586,2.920026209485595,5.439872744965987,20.108524423300018,3513.1719853537834,3,12,4,0,0,0,0,996738.0
2020-12-18,996738,46654849.58,46.81,0.4677,0.1032,2.843421396905933,3.018988787854862,5.288982248487546,19.036948435565844,3540.865268736377,4,12,4,0,0,0,0,872363.0
2020-12-19,872363,40745912.18,46.71,0.4573,0.1036,2.8241981537370333,3.0887677330198873,5.355100728334027,18.050875057752688,3560.2207853388954,5,12,4,1,0,0,0,903868.0
2020-12-20,903868,41573256.96,45.99,0.4507,0.1074,2.837798812628276,2.8104321653720223,5.293751297962393,19.79219586341403,3545.3175514096433,6,12,4,1,0,0,0,1066502.0
2020-12-21,1066502,48963232.01,45.91,0.46,0.099,2.853723393116106,3.0293711542643553,5.35256124358968,15.497619847430363,3569.1936981190775,0,12,4,0,0,0,0,1073945.0
2020-12-22,1073945,50260001.92,46.8,0.4722,0.1035,2.774339970766288,2.7910662626767526,5.282356689940009,16.409793467257316,3580.13953446886,1,12,4,0,0,0,0,1034543.0
2020-12-23,1034543,45954467.98,44.42,0.4382,0.1014,2.790155382964935,2.914653561416586,5.255212959700045,18.92278951651301,3585.462081266141,2,12,4,0,0,0,0,931092.0
2020-12-24,931092,44916344.47,48.24,0.4461,0.0936,2.875150176225343,3.1236213281404277,5.331791693163182,18.109977967821813,3566.77477012845,3,12,4,0,0,0,0,827529.0
2020-12-25,827529,35265835.27,42.62,0.4518,0.0976,2.853591771856113,2.948129182311939,5.233807358082933,18.8077429421812,3551.851626094753,4,12,4,0,0,0,1,991381.0
2020-12-26,991381,47446621.56,47.86,0.4757,0.1124,2.840736102045732,2.9021475234134972,5.1796628865897265,18.146346795161886,3555.205063341208,5,12,4,1,0,0,0,900152.0
2020-12-27,900152,41044881.72,45.6,0.464,0.1053,2.850171823382854,2.981611523973233,5.216387203621043,18.74197009460014,3635.148120245066,6,12,4,1,0,0,0,1034219.0
2020-12-28,1034219,48772671.39,47.16,0.4688,0.095,2.864677524354123,3.1642701136401916,5.265128525153507,17.067169589058217,3646.029683878757,0,12,4,0,0,0,0,1031590.0
2020-12-29,1031590,47649628.37,46.19,0.4498,0.0936,2.830524428691285,2.853696529932484,5.295743402039645,18.71648837883015,3627.0347127331497,1,12,4,0,0,0,0,1031122.0
2020-12-30,1031122,47589864.33,46.15,0.4501,0.1021,2.822323966539728,2.9175222548144246,5.223680072972879,19.21248339582245,3600.961049324771,2,12,4,0,0,0,0,898961.0
2020-12-31,898961,41761765.86,46.46,0.4658,0.1121,2.8626320955415316,3.1228199512693546,5.2760334436663925,19.47095098102624,3586.049728545244,3,12,4,0,1,1,0,835305.0
2021-01-01,835305,39115371.88,46.83,0.4619,0.1015,2.817006304423766,3.153042399547877,5.134232966622201,20.40947795697243,3658.022822772342,4,1,1,0,0,0,1,896277.0
2021-01-02,896277,40431734.71,45.11,0.4669,0.1104,2.8738150666736373,2.997554931728766,5.172015084787142,18.27286679880528,3645.906079125039,5,1,1,1,0,0,0,958770.0
2021-01-03,958770,45202371.97,47.15,0.4596,0.1046,2.7907261742727973,2.9081108486397222,5.171804753780492,18.295186428452634,3676.7959903246274,6,1,1,1,0,0,0,1036767.0
2021-01-04,1036767,45573568.54,43.96,0.4643,0.1053,2.9013411374052627,3.176310592952897,5.1725797761747225,16.125034708927675,3665.383108816453,0,1,1,0,0,0,0,955974.0
2021-01-05,955974,43560153.73,45.57,0.4631,0.0944,2.8804250465808576,3.137608959972364,5.1746059678697645,17.301296307734503,3675.0162340452857,1,1,1,0,0,0,0,1049044.0
2021-01-06,1049044,49114598.84,46.82,0.4694,0.1079,2.873109424397937,3.06578218622449,5.197059833603533,17.693235506499065,3702.3095020799765,2,1,1,0,0,0,0,988131.0
2021-01-07,988131,46488908.71,47.05,0.4697,0.1002,2.9035238249971265,2.9478894953222166,5.1324067875028465,19.17105324948169,3684.3082049669006,3,1,1,0,0,0,0,977247.0
2021-01-08,977247,45184336.22,46.24,0.4455,0.1074,2.9321839874455775,3.010376984008789,5.153751480528484,17.162992313783093,3664.1096969382793,4,1,1,0,0,0,0,857289.0
2021-01-09,857289,38531314.93,44.95,0.4393,0.0972,2.9074895202872972,3.002890559204195,5.136717154870215,18.837110139620343,3720.23692666093,5,1,1,1,0,0,0,926323.0
2021-01-10,926323,43417890.48,46.87,0.4718,0.1031,2.7946303510592037,3.0436098850363935,5.084872653825743,17.86464576889696,3754.3695081173014,6,1,1,1,0,0,0,1087493.0
2021-01-11,1087493,48407271.83,44.51,0.4738,0.1041,2.8184337495266716,3.134646685283819,5.1176985172641904,17.638857933878448,3782.2066682342597,0,1,1,0,0,0,0,1050497.0
2021-01-12,1050497,50565221.32,48.13,0.4517,0.101,2.8459765089174933,3.09034709152154,5.10843468426092,18.134775459553115,3810.1319735217394,1,1,1,0,0,0,0,1063376.0
2021-01-13,1063376,48246659.53,45.37,0.4434,0.1043,2.873366244532817,2.935233162168855,5.0996207977943495,17.35113048826634,3826.958109553665,2,1,1,0,0,0,0,1052957.0
2021-01-14,1052957,45466285.29,43.18,0.4631,0.1002,2.894383251272561,3.13297484001905,5.1017415669583235,17.289858697603748,3898.1419756131468,3,1,1,0,0,0,0,1046734.0
2021-01-15,1046734,45729666.44,43.69,0.4714,0.0978,2.8460023740840343,3.0493399198178186,5.096237885216062,15.74291297164198,3900.733079828646,4,1,1,0,0,0,0,933611.0
2021-01-16,933611,42513321.55,45.54,0.4802,0.1113,2.883858992405182,3.0806911789342433,5.063162149061331,17.47482882639398,3922.105782186609,5,1,1,1,0,0,0,793561.0
2021-01-17,793561,36243348.81,45.67,0.4674,0.1079,2.847530169675844,3.1444880856691557,5.140757666752216,17.179892986221986,3872.2620343318517,6,1,1,1,0,0,0,1042056.0
2021-01-18,1042056,50443519.98,48.41,0.4586,0.097,2.854642920826197,2.9396796264254648,5.011015475892029,17.119919609908653,3844.6481078049155,0,1,1,0,0,0,0,983222.0
2021-01-19,983222,43150352.52,43.89,0.4535,0.1049,2.8241963268194454,3.027183549956165,5.0258313641693295,18.222345895718043,3804.3384688126575,1,1,1,0,0,0,0,1080281.0
2021-01-20,1080281,49147314.39,45.49,0.4626,0.097,2.8448935813429723,2.9889790948466395,5.193291424291538,18.495215770554214,3849.2396083082344,2,1,1,0,0,0,0,1026682.0
2021-01-21,1026682,45007684.58,43.84,0.4596,0.0943,2.8291166812134483,2.9075148727171802,4.994830282994374,17.966006370769882,3762.822054001498,3,1,1,0,0,0,0,1027221.0
2021-01-22,1027221,45895841.22,44.68,0.4525,0.1075,2.845511314371511,3.0621308899073294,4.971502178401551,18.864141761389636,3750.2196643675693,4,1,1,0,0,0,0,824447.0
2021-01-23,824447,39520778.6,47.94,0.4832,0.091,2.9280551312892373,3.236771369833858,5.068397480689469,18.342342286277347,3651.494601466382,5,1,1,1,0,0,0,952549.0
2021-01-24,952549,41623792.21,43.7,0.4806,0.1067,2.8492977658024743,2.890095660925363,4.920325264768648,17.279377853634394,3625.238227592234,6,1,1,1,0,0,0,1059731.0
2021-01-25,1059731,49038042.78,46.27,0.4742,0.0996,2.9939343240257834,3.036176738686468,5.0049492681273255,17.059547038019016,3610.2102756351087,0,1,1,0,0,0,0,1052432.0
2021-01-26,1052432,48385175.72,45.97,0.4537,0.0998,2.9097381468732966,3.0914621931223643,5.116560214265023,17.971641825254384,3656.4544091462926,1,1,1,0,0,0,0,991710.0
2021-01-27,991710,44965008.99,45.34,0.4716,0.1035,2.8987663457385415,3.051526840031516,4.9246026772048355,18.265806896297025,3670.4974230074877,2,1,1,0,0,0,0,990389.0
2021-01-28,990389,45704716.52,46.15,0.4695,0.1044,2.8584071513347284,3.0340944111119894,4.895356454578766,19.235480953298826,3644.0366667957614,3,1,1,0,0,0,0,1037031.0
2021-01-29,1037031,45236426.06,43.62,0.4676,0.0959,2.922123522553515,2.940673654297616,4.912125720548544,18.968006719581048,3680.1310488510408,4,1,1,0,0,0,0,874698.0
2021-01-30,874698,41843558.59,47.84,0.4758,0.1051,2.872456393565748,3.0647024381475987,5.024657949691284,16.869112388375218,3681.6868234520257,5,1,1,1,0,0,0,923891.0
2021-01-31,923891,44561757.26,48.23,0.4697,0.1014,2.901734204194455,2.9870091336213487,5.028659276014555,17.3765029531275,3683.8957404779876,6,1,1,1,1,0,0,942199.0
2021-02-01,942199,42783716.3,45.41,0.4708,0.0932,3.0006302352735803,2.873829476456321,4.939496932940931,18.2839119443662,3645.1881709131126,0,2,1,0,0,0,0,1011867.0
2021-02-02,1011867,49545790.54,48.96,0.4699,0.0996,2.8957586484473334,3.1460657496583577,4.992018572374568,18.73981774893417,3613.795488324778,1,2,1,0,0,0,0,1114348.0
2021-02-03,1114348,49838062.3,44.72,0.467,0.1089,2.9469473281918,3.1286465847649563,5.020128123784397,18.564263629000262,3587.992969404143,2,2,1,0,0,0,0,1062358.0
2021-02-04,1062358,48778889.88,45.92,0.4459,0.1106,2.8742258603337576,3.0575881222085624,5.032766085122255,17.339877112566338,3590.4262083287654,3,2,1,0,0,0,0,1057188.0
2021-02-05,1057188,50169355.75,47.46,0.4646,0.1048,2.9023310829278364,3.0732629112648815,4.923891581674131,15.890484458387938,3593.875654768094,4,2,1,0,0,0,0,1005904.0
2021-02-06,1005904,44875209.89,44.61,0.4583,0.0933,2.9759415477408027,3.1423662259986433,4.813970684786259,16.175120600550773,3645.1111064605216,5,2,1,1,0,0,0,806774.0
2021-02-07,806774,34869399.87,43.22,0.4512,0.1033,2.8814109459104125,3.075853952098844,4.88086275904213,17.67928926404429,3658.710225011389,6,2,1,1,0,0,0,1001417.0
2021-02-08,1001417,42929127.03,42.87,0.4809,0.1054,2.9803688941989988,3.1317163133091817,4.893455602112207,17.740837526483798,3571.552809976581,0,2,1,0,0,0,0,1031691.0
2021-02-09,1031691,49903036.45,48.37,0.4815,0.1046,2.937563582348403,3.037086585837654,4.894764810280151,15.989543262661037,3580.926716737675,1,2,1,0,0,0,0,1080338.0
2021-02-10,1080338,48051690.54,44.48,0.4779,0.1049,2.888138628013731,3.1673362262081923,4.891261705923696,17.338988622571698,3535.406856248646,2,2,1,0,0,0,0,1077444.0
2021-02-11,1077444,48470355.21,44.99,0.4669,0.1023,2.937318655504632,3.089534851091391,4.949569472131223,18.02027689524921,3505.703018095161,3,2,1,0,0,0,0,1009599.0
2021-02-12,1009599,44007490.0,43.59,0.478,0.0996,2.9523108353300165,3.080892703340262,4.950343519733699,15.858395446911375,3481.062278273513,4,2,1,0,0,0,0,952736.0
2021-02-13,952736,44468010.65,46.67,0.4647,0.0964,2.9396686435122845,2.965262292607317,4.871063208017465,18.542682323024287,3461.226215729648,5,2,1,1,0,0,0,897629.0
2021-02-14,897629,39560776.42,44.07,0.4667,0.0886,2.8533761319794237,3.0913243448114156,4.927623505972627,16.740226396736652,3419.524714492987,6,2,1,1,0,0,0,1092284.0
2021-02-15,1092284,48608186.43,44.5,0.4538,0.1019,2.8884898093929103,3.0033142324502267,4.883662420848344,18.678738913696915,3426.6647675215922,0,2,1,0,0,0,0,1001346.0
2021-02-16,1001346,45742612.31,45.68,0.4688,0.101,2.9090660384104243,3.020312797254331,4.8621125969119365,16.50556250178712,3384.2903095147885,1,2,1,0,0,0,0,1045445.0
2021-02-17,1045445,45612131.98,43.63,0.4656,0.1031,2.917382257716488,3.0076521821230044,4.897350440573239,15.889621597735042,3396.0323217343616,2,2,1,0,0,0,0,1026294.0
2021-02-18,1026294,46133242.77,44.95,0.4521,0.0917,2.9465806253868005,2.9890922694890323,4.848799888354698,16.547440720839052,3465.9736764426084,3,2,1,0,0,0,0,1088777.0
2021-02-19,1088777,51516867.46,47.32,0.4647,0.1036,2.9302572756263814,3.2458836095476356,4.9412701436767605,16.95842827078204,3425.6182139758594,4,2,1,0,0,0,0,893590.0
2021-02-20,893590,40970398.91,45.85,0.4645,0.112,2.871132314817223,3.183921843930347,4.759679694703178,16.581600882794376,3417.7193576072,5,2,1,1,0,0,0,911426.0
2021-02-21,911426,41375648.34,45.4,0.4834,0.1,2.941152228255347,3.232558915809887,4.799090866161066,16.763517599294772,3341.814720511106,6,2,1,1,0,0,0,1067096.0
2021-02-22,1067096,48571157.31,45.52,0.4745,0.0992,2.9517673525774706,2.9826146721606936,4.811801231536081,17.39819381315964,3333.6130719741827,0,2,1,0,0,0,0,1070312.0
2021-02-23,1070312,47741560.52,44.61,0.4658,0.1013,2.9511365447922415,3.087665279457362,4.833406297559984,16.766512595812284,3353.792677169196,1,2,1,0,0,0,0,1086461.0
2021-02-24,1086461,52342895.71,48.18,0.4682,0.1116,2.9733785676477122,2.980005008888051,4.868167006479465,16.866863203526368,3376.4598943514666,2,2,1,0,0,0,0,1065596.0
2021-02-25,1065596,46842823.91,43.96,0.4663,0.0932,2.9649080563105525,3.029352587732102,4.79691331320423,14.869176885358485,3379.6554849737954,3,2,1,0,0,0,0,1026407.0
2021-02-26,1026407,46689501.45,45.49,0.464,0.1005,2.9513236366910602,3.0130824834797436,4.720415063692654,17.364119209936792,3407.661840109541,4,2,1,0,0,0,0,899465.0
2021-02-27,899465,40780775.42,45.34,0.4553,0.0945,2.9315565125113836,3.1872257176484444,4.827074692457219,16.76065554908859,3487.5156015088487,5,2,1,1,0,0,0,910806.0
2021-02-28,910806,42511050.29,46.67,0.4647,0.0959,2.869332867321795,3.0578888539080062,4.816148632889553,18.773456301521563,3542.556473110735,6,2,1,1,1,0,0,1066797.0
2021-03-01,1066797,49937167.75,46.81,0.4589,0.0989,2.95436566558163,3.176587667040787,4.674788799586513,15.68682152070738,3526.8098493127964,0,3,1,0,0,0,0,1054079.0
2021-03-02,1054079,47541420.82,45.1,0.454,0.1072,2.946899557159771,3.1409789298056503,4.765201997354653,14.617332635823582,3481.9104129531215,1,3,1,0,0,0,0,1045130.0
2021-03-03,1045130,47638272.78,45.58,0.4717,0.1099,2.9508678089880673,3.278474127957515,4.6794251069369635,17.50175143571117,3470.062416062358,2,3,1,0,0,0,0,984068.0
2021-03-04,984068,44905894.13,45.63,0.4706,0.1017,2.890348823556478,2.9773630745138524,4.719269247389859,17.14848143093078,3441.4609910550703,3,3,1,0,0,0,0,1086589.0
2021-03-05,1086589,45340004.99,41.73,0.449,0.0967,2.8995921336405206,3.197994655932299,4.700960652469076,15.494909406809676,3456.3187852449714,4,3,1,0,0,0,0,935003.0
2021-03-06,935003,39968330.08,42.75,0.4657,0.1139,2.9863776679769494,3.1905104347723054,4.780193403438355,14.841513321467671,3420.6094542161636,5,3,1,1,0,0,0,957711.0
2021-03-07,957711,42347888.71,44.22,0.477,0.0963,2.944088048559921,3.0224657945087756,4.739230597516394,18.494077002882825,3419.205618957049,6,3,1,1,0,0,0,1040847.0
2021-03-08,1040847,46086924.59,44.28,0.4778,0.0954,2.9743505381514708,3.18244945672765,4.662798384072902,18.31793093559913,3445.9333909727807,0,3,1,0,0,0,0,987091.0
2021-03-09,987091,42757947.6,43.32,0.4776,0.0881,2.9496450679271886,3.1303148106024867,4.7648000740812195,13.607659488363165,3443.6518732877153,1,3,1,0,0,0,0,1038841.0
2021-03-10,1038841,48031727.43,46.24,0.4679,0.1071,2.9511259806042083,3.086771255465265,4.6428553916436,16.014163643589768,3415.278867580161,2,3,1,0,0,0,0,1033117.0
2021-03-11,1033117,46604141.64,45.11,0.4591,0.1045,2.9888920813792232,3.040602362229649,4.724830410001221,18.532302975677954,3452.420126031608,3,3,1,0,0,0,0,1089777.0
2021-03-12,1089777,48800910.42,44.78,0.4569,0.1131,2.932145538579127,3.050537975311655,4.661433418128354,15.935059271895677,3395.351052282708,4,3,1,0,0,0,0,828884.0
2021-03-13,828884,35819533.67,43.21,0.4713,0.0902,2.958060374305026,3.2736028975500533,4.677689581922741,15.88848518446681,3386.168478547576,5,3,1,1,0,0,0,925933.0
2021-03-14,925933,41692352.1,45.03,0.4718,0.1073,2.9371543766720545,3.111225404803497,4.715056768246367,16.108621024499516,3385.7168543599732,6,3,1,1,0,0,0,1081115.0
2021-03-15,1081115,44487976.58,41.15,0.481,0.0989,2.9396970261314053,3.175295662285716,4.709815860081154,15.073398206847063,3387.0180907007552,0,3,1,0,0,0,0,1033792.0
2021-03-16,1033792,46356960.3,44.84,0.4793,0.1032,2.946143131876733,3.0510094103349745,4.744522418897776,14.343119262806656,3393.340994960743,1,3,1,0,0,0,0,1050892.0
2021-03-17,1050892,47476107.02,45.18,0.4671,0.0885,2.9688301764288134,3.0534508218729908,4.667522319643695,17.622118988704308,3412.8545787844205,2,3,1,0,0,0,0,1034456.0
2021-03-18,1034456,47006951.7,45.44,0.4561,0.1071,2.942231369208681,3.2039571189946243,4.680949097211822,14.117589762375319,3412.584895654416,3,3,1,0,0,0,0,1020000.0
2021-03-19,1020000,43583033.69,42.73,0.4655,0.103,3.0130497399955387,3.0109930757966463,4.637761790347225,16.595734732151268,3402.1128986972126,4,3,1,0,0,0,0,901086.0
2021-03-20,901086,40916687.23,45.41,0.471,0.098,2.928475088807542,3.0873044531538163,4.662800846151454,17.332645793772713,3390.4649427396366,5,3,1,1,0,0,0,900230.0
2021-03-21,900230,39164742.68,43.51,0.4669,0.102,2.9582261187391223,3.1248076541705023,4.66975898056667,14.496870131833283,3372.6595975222026,6,3,1,1,0,0,0,1090449.0
2021-03-22,1090449,47810994.74,43.85,0.4633,0.0935,2.9495550761466056,3.132560682213887,4.636983177257846,15.098664206423345,3397.457146418501,0,3,1,0,0,0,0,1013280.0
2021-03-23,1013280,46750166.85,46.14,0.4718,0.0946,3.026468510881274,3.110890311198229,4.545855834234619,17.632902693965544,3378.5470580014635,1,3,1,0,0,0,0,1009447.0
2021-03-24,1009447,48532645.33,48.08,0.4644,0.0953,2.977898419366676,3.1584517244554733,4.6467923187548825,16.785719389795958,3405.1993038146256,2,3,1,0,0,0,0,1135554.0
2021-03-25,1135554,51248823.79,45.13,0.4633,0.0869,3.0127586111822895,3.1837844191388474,4.6426530166813915,15.374531944659,3406.5864994137833,3,3,1,0,0,0,0,1091048.0
2021-03-26,1091048,47815542.71,43.83,0.4728,0.1031,2.9135127972226247,3.188698208272611,4.58465321529298,17.526866434156094,3391.442321251462,4,3,1,0,0,0,0,835551.0
2021-03-27,835551,37876336.23,45.33,0.4658,0.1051,2.985069399323477,3.0526355554989584,4.548710282449768,17.500774293939042,3411.1732957631266,5,3,1,1,0,0,0,888035.0
2021-03-28,888035,41252408.47,46.45,0.4724,0.0936,3.011426603838479,3.1103414976639563,4.681022154592269,16.34443302781535,3389.709055183221,6,3,1,1,0,0,0,1069514.0
2021-03-29,1069514,49169521.18,45.97,0.4729,0.0999,2.9805885344807206,3.2302303494771816,4.626129869340449,14.90989411083271,3410.033601574816,0,3,1,0,0,0,0,1070433.0
2021-03-30,1070433,52616211.12,49.15,0.4589,0.0962,3.021374025185349,3.2077978600766412,4.584463786577966,15.462346414584365,3417.3677801415247,1,3,1,0,0,0,0,989568.0
2021-03-31,989568,43505182.67,43.96,0.4656,0.0997,2.95952275264813,3.027975422621705,4.533457297040316,16.270433005892293,3399.869748769364,2,3,1,0,1,1,0,1059243.0
2021-04-01,1059243,48102988.51,45.41,0.485,0.0939,3.0380495267583556,3.1675019729934326,4.543640170222941,15.668628469970022,3416.879828709271,3,4,2,0,0,0,0,1039561.0
2021-04-02,1039561,49228591.1,47.36,0.4591,0.0923,3.075094763469875,2.9827062510451166,4.644313275432273,16.989757268569612,3434.5283365843993,4,4,2,0,0,0,0,909092.0
2021-04-03,909092,42962470.39,47.26,0.4497,0.1039,2.9700903892155983,3.146301020063332,4.580550573741533,13.995242948952942,3471.3004762110313,5,4,2,1,0,0,0,946393.0
2021-04-04,946393,39845059.24,42.1,0.4524,0.0972,2.9682508204896836,3.295950791903815,4.540652722807842,14.005719385296626,3502.4270412096466,6,4,2,1,0,0,0,1027810.0
2021-04-05,1027810,46271915.71,45.02,0.4715,0.1096,3.0456751996294678,3.069882440319373,4.588212014297853,15.983649118261377,3518.7601773646347,0,4,2,0,0,0,0,1031905.0
2021-04-06,1031905,48757129.95,47.25,0.4717,0.0978,3.0521935279526233,3.080553644198856,4.516583993413945,15.144426865599492,3484.034576619285,1,4,2,0,0,0,0,1081937.0
2021-04-07,1081937,53400955.35,49.36,0.4703,0.0919,2.969568997899066,3.2100086818521016,4.626953271781719,14.949410258584347,3562.4851935488996,2,4,2,0,0,0,0,1071410.0
2021-04-08,1071410,49364809.49,46.07,0.4838,0.1048,2.9751506313598886,3.0270501491198414,4.614189223517326,13.547704884640073,3518.572942808039,3,4,2,0,0,0,0,972812.0
2021-04-09,972812,43256386.04,44.47,0.4451,0.1011,2.982163385867568,3.101442976471383,4.5178894179844455,15.660252108431845,3549.575571658381,4,4,2,0,0,0,0,908909.0
2021-04-10,908909,39538966.61,43.5,0.476,0.1017,2.9411353900105657,3.201368893724401,4.504484369150665,15.540838802348603,3564.1952708963613,5,4,2,1,0,0,0,848322.0
2021-04-11,848322,41009453.76,48.34,0.4878,0.1044,2.959647959814537,3.1045020517256017,4.399741801325207,16.355595148126003,3527.534725317247,6,4,2,1,0,0,0,1033545.0
2021-04-12,1033545,47651901.45,46.11,0.4611,0.0933,2.957711034165992,3.137959707813728,4.451330804572611,15.621314693118327,3524.3932749093606,0,4,2,0,0,0,0,1032197.0
2021-04-13,1032197,45146884.52,43.74,0.4687,0.0964,2.9686494022897723,3.217965598575365,4.453228518498605,15.346644868156043,3522.6967336749385,1,4,2,0,0,0,0,939866.0
2021-04-14,939866,42016366.73,44.7,0.4651,0.0961,2.99946057531426,3.193748888208492,4.521784448434051,16.8852523726586,3565.141968896862,2,4,2,0,0,0,0,1012047.0
2021-04-15,1012047,46021197.33,45.47,0.4639,0.0894,3.011705264853344,3.182966134750396,4.493566905963629,13.864916073990132,3543.129672910576,3,4,2,0,0,0,0,1018488.0
2021-04-16,1018488,46669800.83,45.82,0.4697,0.0955,3.065847451807011,3.1360873207263036,4.437496185707187,16.050516490792788,3535.5850809540498,4,4,2,0,0,0,0,870705.0
2021-04-17,870705,38011853.33,43.66,0.4874,0.1051,2.965386091786982,3.194419387389299,4.485619807196559,13.368396769371847,3462.8071553511572,5,4,2,1,0,0,0,898817.0
2021-04-18,898817,39623051.46,44.08,0.4917,0.0984,3.0461880484407895,3.156514210342262,4.519890565404444,14.334618397939085,3518.087010133688,6,4,2,1,0,0,0,1053411.0
2021-04-19,1053411,44795819.7,42.52,0.4701,0.0889,2.999752588568483,3.2046365078387016,4.515991990666607,13.852302738211023,3485.137967763715,0,4,2,0,0,0,0,1006257.0
2021-04-20,1006257,46854121.99,46.56,0.4927,0.0876,3.0078326875285524,3.12985761509684,4.38962340560695,16.2126243577533,3496.1900876953114,1,4,2,0,0,0,0,1020986.0
2021-04-21,1020986,45423659.0,44.49,0.4742,0.1069,3.038305225913324,3.156607636866515,4.473231186239549,15.16257045340692,3493.7815537343236,2,4,2,0,0,0,0,1076356.0
2021-04-22,1076356,49190846.07,45.7,0.4915,0.0963,2.967906905406645,3.0936183444808774,4.405545266911677,15.191599693320217,3491.480098486282,3,4,2,0,0,0,0,1038704.0
2021-04-23,1038704,48958953.67,47.13,0.4732,0.0929,3.0296176588865458,3.1716169830462184,4.514897149710639,13.846440330250578,3517.804580357833,4,4,2,0,0,0,0,893796.0
2021-04-24,893796,40516338.95,45.33,0.4757,0.0951,3.0224869958633165,3.111140932975415,4.504146865064922,14.781583572042875,3571.910427528816,5,4,2,1,0,0,0,845196.0
2021-04-25,845196,37891004.94,44.83,0.4782,0.0879,3.0370367653145545,3.088501457721246,4.415197387340482,14.191736830842801,3580.7980365606554,6,4,2,1,0,0,0,1040240.0
2021-04-26,1040240,47113626.81,45.29,0.5065,0.1053,3.0304174494517033,3.199922973701603,4.416986020712749,15.534708274437707,3602.768537635959,0,4,2,0,0,0,0,1031374.0
2021-04-27,1031374,46509666.6,45.09,0.4834,0.0943,3.118576892951632,3.1978548834016083,4.427444739059523,13.851911652705471,3614.246299702435,1,4,2,0,0,0,0,1063347.0
2021-04-28,1063347,49838276.32,46.87,0.468,0.1048,2.9963716793588824,3.2450719055898327,4.333118460065458,16.603628774846182,3648.300301735845,2,4,2,0,0,0,0,1026468.0
2021-04-29,1026468,46669686.68,45.47,0.4849,0.0969,3.0021600126095516,3.1495589272007214,4.457836751152283,12.96383335100138,3633.930846962257,3,4,2,0,0,0,0,936758.0
2021-04-30,936758,41389287.85,44.18,0.4718,0.1052,2.9999951155303712,3.218300801339963,4.422706447424389,13.973364349956716,3670.0775417881255,4,4,2,0,1,0,0,787264.0
2021-05-01,787264,36664560.41,46.57,0.4707,0.0981,3.0042247442822583,3.2313285892279344,4.480197823986817,16.92049499745079,3707.753473414298,5,5,2,1,0,0,0,910923.0
2021-05-02,910923,42673449.12,46.85,0.4848,0.1016,3.002473696083562,3.2244554809576242,4.372139008380063,14.352366177843194,3744.871865067962,6,5,2,1,0,0,0,987440.0
2021-05-03,987440,42453558.29,42.99,0.4763,0.1008,3.0770574671905,3.1244306314620007,4.391503665232107,13.263372697068132,3723.4997378423154,0,5,2,0,0,0,0,1022401.0
2021-05-04,1022401,48360300.39,47.3,0.4789,0.1002,3.0878468862511723,3.204041884964204,4.3425637749198795,15.070827593168568,3718.671422013226,1,5,2,0,0,0,0,1013354.0
2021-05-05,1013354,46157453.17,45.55,0.4764,0.0985,3.0097290735475073,3.2228344144095704,4.363135552742811,14.2042099312441,3727.5034149710223,2,5,2,0,0,0,0,1003723.0
2021-05-06,1003723,45596826.85,45.43,0.4799,0.095,3.000799222878321,3.1958883298064173,4.349740776502573,13.738403572969872,3682.5949944113036,3,5,2,0,0,0,0,1009720.0
2021-05-07,1009720,46965608.2,46.51,0.4809,0.1078,3.054486913052965,3.030007152073185,4.454158040593734,13.393202590854212,3736.644611890184,4,5,2,0,0,0,0,820271.0
2021-05-08,820271,36218207.53,44.15,0.4575,0.0909,3.0150805514538748,3.2113762705206437,4.3649953604935305,17.99713207085759,3737.037541079723,5,5,2,1,0,0,0,872349.0
2021-05-09,872349,40508934.83,46.44,0.4837,0.0963,3.0640282787290443,3.3771517160318605,4.4016958786958575,14.340098207332385,3747.4054723674194,6,5,2,1,0,0,0,991282.0
2021-05-10,991282,44053809.25,44.44,0.4674,0.0963,3.0483718229364394,3.172958592757842,4.372057038713962,12.2982010251899,3728.7960499359974,0,5,2,0,0,0,0,982710.0
2021-05-11,982710,42055192.83,42.8,0.463,0.0986,2.9811714097891775,3.1451284094304897,4.323259459031448,16.36830362435532,3685.321510966032,1,5,2,0,0,0,0,985516.0
2021-05-12,985516,42881909.82,43.51,0.477,0.0936,3.1052500438341153,3.234855619018006,4.37398453803668,15.27615979622287,3666.1252172360173,2,5,2,0,0,0,0,998144.0
2021-05-13,998144,45775509.41,45.86,0.4786,0.0981,3.1167360060918505,3.2315914342406704,4.408050808980225,13.590194579404141,3674.14880923749,3,5,2,0,0,0,0,1052447.0
2021-05-14,1052447,45879641.66,43.59,0.471,0.0951,3.021942829808463,3.303633692017015,4.313432923622809,13.35735181034205,3697.2719550851125,4,5,2,0,0,0,0,868201.0
2021-05-15,868201,41177145.37,47.43,0.4865,0.0866,3.0325022210268933,3.1091993577878,4.410030871138309,15.252467363124289,3703.4462149732317,5,5,2,1,0,0,0,923026.0
2021-05-16,923026,43196262.17,46.8,0.4649,0.0961,3.0610032456363214,3.2699533637591274,4.32287252968434,14.115272206849278,3715.80851466056,6,5,2,1,0,0,0,1086468.0
2021-05-17,1086468,51081873.54,47.02,0.4745,0.0895,3.0645077016111744,3.260291015122746,4.337021646252903,12.067747933755765,3705.3383430228923,0,5,2,0,0,0,0,1034294.0
2021-05-18,1034294,46755513.36,45.21,0.4729,0.0856,3.0790344671635257,3.2032999787172827,4.38354610352853,16.49103332820331,3722.7099376044607,1,5,2,0,0,0,0,1032312.0
2021-05-19,1032312,46873924.79,45.41,0.4785,0.0968,3.1346666230954403,3.2433812545832312,4.319709996310181,13.79306181574337,3773.519014151119,2,5,2,0,0,0,0,1012296.0
2021-05-20,1012296,43762919.43,43.23,0.4819,0.0989,3.0487487895619094,3.3002575222719837,4.350659068441261,16.07612639592138,3798.3290956238448,3,5,2,0,0,0,0,1038944.0
2021-05-21,1038944,48329229.84,46.52,0.4692,0.0991,3.0254655305931535,3.2893008667938823,4.328972881000018,15.783241132870693,3826.9067686200656,4,5,2,0,0,0,0,891133.0
2021-05-22,891133,40631984.56,45.6,0.4867,0.0993,3.0037979103118677,3.1296888329066967,4.347131405188387,13.015679507745437,3837.8497536261784,5,5,2,1,0,0,0,916694.0
2021-05-23,916694,42057296.3,45.88,0.4803,0.0843,3.031309266966254,3.2883577737543117,4.217610025885266,15.424587449298654,3787.0701039749047,6,5,2,1,0,0,0,1040630.0
2021-05-24,1040630,49495651.44,47.56,0.461,0.0877,3.06079972156275,3.2191847412865733,4.241175167730581,13.37099803150903,3752.4126917434087,0,5,2,0,0,0,0,1001475.0
2021-05-25,1001475,44189254.98,44.12,0.4605,0.1077,3.1354880024018126,3.231804408661199,4.359498092974815,11.880762638239293,3768.5895462066783,1,5,2,0,0,0,0,1051122.0
2021-05-26,1051122,47139057.97,44.85,0.4802,0.0895,3.044584691417975,3.233444801656334,4.376627408545403,13.579468497133075,3769.00036514679,2,5,2,0,0,0,0,1010568.0
2021-05-27,1010568,46009387.36,45.53,0.4783,0.0995,3.0758266977406468,3.217184045273333,4.275340613391797,14.534446873635213,3784.7332374015336,3,5,2,0,0,0,0,1005162.0
2021-05-28,1005162,43863041.87,43.64,0.4796,0.0917,3.067806893523934,3.326154376460938,4.304788058057505,13.470409995186309,3843.063276560222,4,5,2,0,0,0,0,858375.0
2021-05-29,858375,38422863.37,44.76,0.4806,0.0962,3.1175907759868116,3.2257344522541818,4.327877783072202,13.62576848217189,3869.054702667252,5,5,2,1,0,0,0,879340.0
2021-05-30,879340,40261489.26,45.79,0.4833,0.0919,3.1727261963250037,3.1444821007279433,4.343982762621507,15.335162557638464,3913.945158554214,6,5,2,1,0,0,0,1056018.0
2021-05-31,1056018,47057690.37,44.56,0.4907,0.0991,3.0520106337161645,3.2041770635090203,4.204145696942386,14.05946104830301,3918.0857724091748,0,5,2,0,1,0,0,1043023.0
2021-06-01,1043023,49038901.08,47.02,0.4703,0.0965,3.055266935892465,3.251568418629224,4.257462739426099,12.888627268902694,3890.5208625726245,1,6,2,0,0,0,0,1006725.0
2021-06-02,1006725,43077168.1,42.79,0.4699,0.093,3.1182127337410916,3.337223110768317,4.281398383561732,14.712074434188587,3889.2898504917193,2,6,2,0,0,0,0,1021602.0
2021-06-03,1021602,47752944.47,46.74,0.4709,0.0893,3.1053264118722566,3.288746255990799,4.329474267898259,14.076041176551765,3862.0097383858183,3,6,2,0,0,0,0,1068654.0
2021-06-04,1068654,49215956.86,46.05,0.4849,0.0972,3.153526179938416,3.174068247339507,4.415555886507117,10.782240629303917,3917.3515720560636,4,6,2,0,0,0,0,854551.0
2021-06-05,854551,37781887.47,44.21,0.4947,0.0883,3.1046248423352827,3.442538255392829,4.275578272115083,14.291673006870742,3946.11807413925,5,6,2,1,0,0,0,815864.0
2021-06-06,815864,35639148.09,43.68,0.4781,0.0981,3.0685085650626993,3.2665166518895554,4.213000865352408,14.217478065486471,3965.450646272113,6,6,2,1,0,0,0,1054170.0
2021-06-07,1054170,44225070.39,41.95,0.4576,0.1113,3.1081216937873224,3.3489769919550367,4.299861197196418,13.74121780803759,4010.617083189308,0,6,2,0,0,0,0,967747.0
2021-06-08,967747,42468476.15,43.88,0.4658,0.1036,3.1304616260435245,3.2364191933608524,4.342222402591211,14.757060441599627,3939.1552238452305,1,6,2,0,0,0,0,969922.0
2021-06-09,969922,45248003.64,46.65,0.4747,0.0998,3.1205534949913,3.292835180121215,4.2780247928970345,12.850256896111398,3960.8584220006405,2,6,2,0,0,0,0,914421.0
2021-06-10,914421,41149093.32,45.0,0.4777,0.095,3.1096486488059596,3.3189334587690755,4.223769675393253,14.031204244081088,3915.1974721717083,3,6,2,0,0,0,0,1030496.0
2021-06-11,1030496,48260941.05,46.83,0.4794,0.0838,3.133650922055053,3.350840506437556,4.313506244787078,11.717498065262767,3915.726319558148,4,6,2,0,0,0,0,790213.0
2021-06-12,790213,34897789.56,44.16,0.4841,0.0875,3.139384784250298,3.339582725969004,4.295314589247853,14.056975741961512,3905.537419354677,5,6,2,1,0,0,0,821073.0
2021-06-13,821073,37898367.87,46.16,0.4808,0.1031,3.1495311378079207,3.3263767021275386,4.207390227678696,15.88293366972323,3929.650623204858,6,6,2,1,0,0,0,1030773.0
2021-06-14,1030773,45379218.1,44.02,0.4946,0.0907,3.121827794659968,3.2330010002054013,4.274348597834716,12.316409549585458,3938.51310602856,0,6,2,0,0,0,0,1036914.0
2021-06-15,1036914,45268207.85,43.66,0.4775,0.0912,3.0908321124330485,3.214074535241122,4.301749611623881,12.569633716144077,3987.2746341599636,1,6,2,0,0,0,0,973108.0
2021-06-16,973108,43739991.56,44.95,0.4759,0.0944,3.1050256470944957,3.288028349826145,4.307615703756547,12.600724367261225,3966.519725047769,2,6,2,0,0,0,0,990535.0
2021-06-17,990535,43698937.1,44.12,0.4895,0.089,3.149060561752169,3.3376747427528013,4.241859355449294,13.580278450844496,3992.704641559598,3,6,2,0,0,0,0,968200.0
2021-06-18,968200,41443133.59,42.8,0.4696,0.088,3.069768731088828,3.2468107733574807,4.22396405000718,12.120369301867871,3999.327386701441,4,6,2,0,0,0,0,840285.0
2021-06-19,840285,37686576.49,44.85,0.489,0.095,3.118841908376584,3.35144527041604,4.299943427596832,13.873439988832269,3941.673891993339,5,6,2,1,0,0,0,875366.0
2021-06-20,875366,39643271.11,45.29,0.4864,0.09,3.0900131167093567,3.384043054489985,4.174808801419164,14.35628289291526,3909.9883645486243,6,6,2,1,0,0,0,975150.0
2021-06-21,975150,45866568.24,47.04,0.4841,0.0909,3.108551042173152,3.1961293275104437,4.254008136195762,13.953628395680314,3905.483277353982,0,6,2,0,0,0,0,1000165.0
2021-06-22,1000165,46550697.28,46.54,0.5016,0.0906,3.1601968024245184,3.204081681824373,4.16036531877998,11.162858380409801,3945.547691040648,1,6,2,0,0,0,0,927955.0
2021-06-23,927955,43588608.91,46.97,0.4797,0.0984,3.1183630796078337,3.2614046877018965,4.278947953411116,14.451914999080493,3962.8222725834844,2,6,2,0,0,0,0,1045045.0
2021-06-24,1045045,48310871.87,46.23,0.5068,0.0939,3.1142398897251757,3.298842043513665,4.209614241896721,14.35552672737445,3922.1646781098725,3,6,2,0,0,0,0,1019573.0
2021-06-25,1019573,46545654.0,45.65,0.4841,0.0942,3.0596544266099963,3.233864955999369,4.282807822008668,14.200069961270518,3917.976022071927,4,6,2,0,0,0,0,901530.0
2021-06-26,901530,39049835.47,43.32,0.4738,0.0988,3.1455680044217447,3.3856027337679895,4.240836081086033,13.624699260103261,3990.551186132798,5,6,2,1,0,0,0,927247.0
2021-06-27,927247,42086522.41,45.39,0.4875,0.0944,3.1432093751303163,3.3129469518500714,4.152015730524897,13.415153030088478,3995.320714743986,6,6,2,1,0,0,0,955435.0
2021-06-28,955435,44011678.23,46.06,0.4762,0.0935,3.2055953109323223,3.2837712970461523,4.281343817755183,14.363658719479341,3984.337235676183,0,6,2,0,0,0,0,975376.0
2021-06-29,975376,46194856.02,47.36,0.4797,0.098,3.1084320861141643,3.1673355138811727,4.284634648045518,15.407104738090226,4002.7806301459864,1,6,2,0,0,0,0,923307.0
2021-06-30,923307,42666018.72,46.21,0.4914,0.0992,3.1311903128585548,3.178534530864846,4.248170800921309,11.929571827409484,4031.1513520266403,2,6,2,0,1,1,0,1123783.0
2021-07-01,1123783,52870487.56,47.05,0.4932,0.0943,3.134083733342858,3.307870799696917,4.162985185623929,14.341540575911328,4015.4053880546026,3,7,3,0,0,0,0,985076.0
2021-07-02,985076,42992791.4,43.64,0.4816,0.0956,3.188893616648664,3.116371381390812,4.182795867278736,12.919140326375258,4034.380909050777,4,7,3,0,0,0,0,905318.0
2021-07-03,905318,40475336.32,44.71,0.4979,0.0905,3.123673788008471,3.3695776694690127,4.202423667558603,12.842048058889242,4023.2249684755943,5,7,3,1,0,0,0,643220.0
2021-07-04,643220,29490395.43,45.85,0.4998,0.09,3.140339629664831,3.277500652745946,4.157046155552127,11.12912098323516,4050.1272513507733,6,7,3,1,0,0,1,1030324.0
2021-07-05,1030324,48375316.46,46.95,0.5028,0.0997,3.155190834879299,3.5511852847116914,4.273951871230469,12.606762871931387,4057.0887631344026,0,7,3,0,0,0,0,1075811.0
2021-07-06,1075811,48409834.22,45.0,0.494,0.0978,3.1400386027815026,3.4779546020469394,4.193677102229835,11.727597844143489,4075.4985460476805,1,7,3,0,0,0,0,991462.0
2021-07-07,991462,44713832.72,45.1,0.5025,0.0978,3.11641922506532,3.2803873639615704,4.048442851549192,12.343752373548822,4048.5132854464305,2,7,3,0,0,0,0,950663.0
2021-07-08,950663,43977298.55,46.26,0.4703,0.0968,3.1437455804393157,3.2879768139889776,4.197750628911005,11.55887514317245,4019.457834603482,3,7,3,0,0,0,0,984116.0
2021-07-09,984116,42854827.23,43.55,0.4861,0.0954,3.1806357518701294,3.3777092416167136,4.160570531414675,12.314591995828449,4054.5713377065226,4,7,3,0,0,0,0,760778.0
2021-07-10,760778,36253313.36,47.65,0.4809,0.0993,3.0983414718551283,3.4358939015321384,4.171450484192602,12.342797921547799,4052.43712177693,5,7,3,1,0,0,0,860213.0
2021-07-11,860213,37788928.29,43.93,0.4909,0.1007,3.1464355842176297,3.1701735305399024,4.154006971017982,12.923352431594086,4063.60868196001,6,7,3,1,0,0,0,1039644.0
2021-07-12,1039644,44057240.59,42.38,0.4842,0.1005,3.11482980013221,3.159879934569262,4.210053972492649,10.846933588939306,4053.1773069324163,0,7,3,0,0,0,0,996787.0
2021-07-13,996787,45131515.15,45.28,0.4885,0.0945,3.19235746594762,3.2545996222928952,4.2229722061643855,11.027672046568677,4086.8580095264947,1,7,3,0,0,0,0,975892.0
2021-07-14,975892,46663671.76,47.82,0.5092,0.1034,3.0853522356983376,3.352552130515898,4.178448962025872,13.174527612356009,4065.3205331768336,2,7,3,0,0,0,0,1019118.0
2021-07-15,1019118,47037756.94,46.16,0.4889,0.0964,3.125650102520766,3.347251974220473,4.144661419942741,11.761520397466976,4061.1175476007375,3,7,3,0,0,0,0,1009640.0
2021-07-16,1009640,46856721.89,46.41,0.495,0.0988,3.164825879671852,3.394650976198437,4.156912850507862,13.986379212553148,4090.706676260407,4,7,3,0,0,0,0,785367.0
2021-07-17,785367,35617872.74,45.35,0.4887,0.0967,3.2140919680718456,3.214658803663312,4.1573343461985806,12.946048787126832,4134.885546580179,5,7,3,1,0,0,0,865116.0
2021-07-18,865116,38989417.44,45.07,0.492,0.0965,3.150577782834074,3.1269065798550866,4.113629308056873,13.382908306667028,4116.200852684036,6,7,3,1,0,0,0,1091694.0
2021-07-19,1091694,46928542.2,42.99,0.4915,0.0906,3.1327397928156357,3.3824008077230054,4.180115343896189,14.326982649685277,4190.215513111142,0,7,3,0,0,0,0,932658.0
2021-07-20,932658,39099393.3,41.92,0.4962,0.0992,3.2319372415133634,3.2490636170388334,4.171610652301043,12.24214911087199,4202.818361282582,1,7,3,0,0,0,0,994720.0
2021-07-21,994720,45372627.94,45.61,0.5035,0.1121,3.1005168017541105,3.155397963305128,4.223091612269475,11.904362851508587,4164.31826200389,2,7,3,0,0,0,0,1075103.0
2021-07-22,1075103,50847429.84,47.3,0.5086,0.0928,3.0722347425815917,3.330037755656487,4.206319309148506,13.620031882463076,4178.938404776662,3,7,3,0,0,0,0,1037013.0
2021-07-23,1037013,47547443.53,45.85,0.4954,0.0954,3.17954041574293,3.3834403275542355,4.106771465792188,13.165946445967185,4165.319773654149,4,7,3,0,0,0,0,839921.0
2021-07-24,839921,38869248.92,46.28,0.4984,0.0923,3.1436137691770276,3.3117732343986974,4.179594509492407,12.310577096786982,4182.386707191183,5,7,3,1,0,0,0,864646.0
2021-07-25,864646,41265413.96,47.73,0.4812,0.0921,3.124605979007195,3.286459345373613,4.088577154023953,14.186270602840894,4181.534835288639,6,7,3,1,0,0,0,992069.0
2021-07-26,992069,45486994.39,45.85,0.4921,0.1043,3.1955521657883574,3.311885490611654,4.168487379613061,12.243282046443747,4185.090956102889,0,7,3,0,0,0,0,958119.0
2021-07-27,958119,43289190.25,45.18,0.5026,0.091,3.1787358247610844,3.2965329054237964,4.105446600565404,12.51906665031148,4151.6477888760755,1,7,3,0,0,0,0,991248.0
2021-07-28,991248,43759279.02,44.15,0.502,0.0922,3.1481898207660755,3.2198785816290076,4.077721635326461,12.487279675750141,4189.564066654759,2,7,3,0,0,0,0,986762.0
2021-07-29,986762,47773925.47,48.41,0.4957,0.0855,3.121313250580191,3.272088450065217,4.140513865125304,11.322687385763174,4146.945222629891,3,7,3,0,0,0,0,995835.0
2021-07-30,995835,45987180.49,46.18,0.5027,0.0905,3.209199480122579,3.3725035421926672,3.9904307239891312,12.520005621506936,4106.508397283093,4,7,3,0,0,0,0,819354.0
2021-07-31,819354,36037277.24,43.98,0.4989,0.0847,3.2020883036044,3.3580713329710026,4.034277830375204,14.086036126331255,4120.848231712623,5,7,3,1,1,0,0,792743.0
2021-08-01,792743,34602863.26,43.65,0.5063,0.0988,3.1738956094669506,3.347315350606763,4.11063945526585,12.927226412132562,4181.474288774905,6,8,3,1,0,0,0,980684.0
2021-08-02,980684,46380760.52,47.29,0.4974,0.1118,3.2535138383449467,3.25578978286894,4.12134335517527,12.414202883069391,4168.971751828154,0,8,3,0,0,0,0,1062792.0
2021-08-03,1062792,46621532.77,43.87,0.4911,0.0928,3.138634018110386,3.3224100446978575,4.096482188138739,12.166792206044246,4196.104789746562,1,8,3,0,0,0,0,990202.0
2021-08-04,990202,47740135.94,48.21,0.4983,0.085,3.1222087966909333,3.1642912332387225,4.0337226793408165,12.742265360816004,4237.590504965229,2,8,3,0,0,0,0,965029.0
2021-08-05,965029,39861227.85,41.31,0.4658,0.1004,3.157349228634658,3.354258174381762,4.069565643081422,13.22958461210792,4269.534102588745,3,8,3,0,0,0,0,1012074.0
2021-08-06,1012074,48157568.04,47.58,0.4992,0.0906,3.1850012203521225,3.455809689170091,4.127805681253305,13.045920630307059,4258.347507317191,4,8,3,0,0,0,0,850346.0
2021-08-07,850346,39276045.66,46.19,0.4591,0.1028,3.1983607186694387,3.2250889220689154,4.135138387495476,11.901897074026103,4217.483878029085,5,8,3,1,0,0,0,936430.0
2021-08-08,936430,42743113.74,45.64,0.4785,0.0933,3.180783556526649,3.2976610494546095,4.103061197185701,12.675507010381606,4135.248245065119,6,8,3,1,0,0,0,979032.0
2021-08-09,979032,44264620.74,45.21,0.5005,0.0912,3.206324459540359,3.372376888625084,4.159555932000851,12.847666063793502,4126.204574580123,0,8,3,0,0,0,0,1020180.0
2021-08-10,1020180,49296084.93,48.32,0.501,0.0939,3.143993306384578,3.4477861140654236,4.119444685647343,11.04941048618037,4170.919860934582,1,8,3,0,0,0,0,947889.0
2021-08-11,947889,44128578.99,46.55,0.4848,0.0996,3.253621510057514,3.31320832655469,4.060081210922547,12.446565727785938,4129.657819614491,2,8,3,0,0,0,0,1020011.0
2021-08-12,1020011,45031845.74,44.15,0.4895,0.0937,3.19440433210392,3.295191059156281,4.081326483826758,9.638109181049023,4156.492242495955,3,8,3,0,0,0,0,995075.0
2021-08-13,995075,42722660.3,42.93,0.5105,0.092,3.244205084478488,3.1945591822998103,4.023124171498142,12.798040828484886,4121.820061871134,4,8,3,0,0,0,0,846514.0
2021-08-14,846514,38759993.73,45.79,0.4922,0.0938,3.215048563397106,3.3618471521952102,4.085794589093347,12.999081904662209,4126.476115761599,5,8,3,1,0,0,0,823098.0
2021-08-15,823098,37475368.12,45.53,0.5197,0.0874,3.22143941060077,3.518434334528033,4.144758661797572,13.091740305194444,4153.568627930916,6,8,3,1,0,0,0,956422.0
2021-08-16,956422,41375740.9,43.26,0.4974,0.0974,3.227793146807261,3.3787501203375867,4.121388127019638,11.708989778892755,4129.705074909382,0,8,3,0,0,0,0,993753.0
2021-08-17,993753,45183228.53,45.47,0.5018,0.0843,3.22474742062791,3.3562693209411716,4.155211847696656,12.542611019804646,4136.762861628758,1,8,3,0,0,0,0,1002837.0
2021-08-18,1002837,44825921.25,44.7,0.5141,0.0924,3.234388067400972,3.385305385043672,4.0679725116429655,13.869557411659892,4122.04987712618,2,8,3,0,0,0,0,968137.0
2021-08-19,968137,44131248.42,45.58,0.4994,0.0996,3.263688800311854,3.360135526910475,4.148444657165704,13.846744867967523,4149.008515218866,3,8,3,0,0,0,0,998447.0
2021-08-20,998447,46595964.82,46.67,0.4883,0.0969,3.220230558373818,3.2974627117025173,4.069514718482447,12.104974365273879,4158.520473544574,4,8,3,0,0,0,0,849364.0
2021-08-21,849364,40623682.45,47.83,0.4974,0.0986,3.242580351690099,3.4298440772329033,4.15081668287337,12.297278560984632,4161.350527283861,5,8,3,1,0,0,0,852015.0
2021-08-22,852015,40012951.7,46.96,0.4984,0.0947,3.212484747563887,3.3835172375385203,4.0742191949505075,13.453656083516853,4220.848595591235,6,8,3,1,0,0,0,983146.0
2021-08-23,983146,43776806.78,44.53,0.4853,0.1021,3.2755363287590966,3.368336777700997,4.108765177546433,10.310423479998553,4246.809392159033,0,8,3,0,0,0,0,988792.0
2021-08-24,988792,45655403.55,46.17,0.4966,0.1007,3.1927369103115333,3.2903665682515557,4.145267645145308,11.7148748112335,4221.225377997811,1,8,3,0,0,0,0,1094737.0
2021-08-25,1094737,50056167.63,45.72,0.492,0.0978,3.293694685880249,3.474141309748012,4.059965773974608,13.69678775775741,4218.682949841466,2,8,3,0,0,0,0,991792.0
2021-08-26,991792,43283564.43,43.64,0.5088,0.1007,3.2219187269738514,3.4244983722499924,4.078698312801398,13.256240119057498,4216.518688700955,3,8,3,0,0,0,0,1012997.0
2021-08-27,1012997,46848725.15,46.25,0.5002,0.0996,3.168165533842804,3.328546576492754,4.130380191694117,12.521372009825686,4220.283436196117,4,8,3,0,0,0,0,882312.0
2021-08-28,882312,42744224.36,48.45,0.4972,0.0925,3.232395730046303,3.4543808967828733,4.057461337984132,10.263873303567388,4317.999001906541,5,8,3,1,0,0,0,845218.0
2021-08-29,845218,38643201.35,45.72,0.4992,0.0871,3.2019080312449035,3.3358804412520104,3.996257546602751,12.00395824083235,4333.166813213666,6,8,3,1,0,0,0,1045790.0
2021-08-30,1045790,45272701.42,43.29,0.5027,0.0977,3.2646579180200157,3.3145735242295027,4.167659237193315,11.349292859547257,4255.209668160618,0,8,3,0,0,0,0,971306.0
2021-08-31,971306,44425325.24,45.74,0.5068,0.0985,3.2068128355506786,3.3178017056226063,4.03524331489365,12.448142139140096,4235.18501113739,1,8,3,0,1,0,0,1036127.0
2021-09-01,1036127,45467778.15,43.88,0.4909,0.1017,3.2169596217965064,3.2383330388246034,4.064907795279004,11.073747638112595,4162.8647610479875,2,9,3,0,0,0,0,972529.0
2021-09-02,972529,45717781.04,47.01,0.4907,0.0896,3.16111804549369,3.4191788587610072,4.113024453218068,10.808528605699461,4151.222069602725,3,9,3,0,0,0,0,953046.0
2021-09-03,953046,44327966.71,46.51,0.5123,0.0898,3.220503694104654,3.2363971610369213,4.023069095741256,9.55635686920986,4078.315737308528,4,9,3,0,0,0,0,863456.0
2021-09-04,863456,39269219.1,45.48,0.4974,0.098,3.143540607689111,3.286042825986481,4.001385482764276,13.495525492262866,4047.1241937508885,5,9,3,1,0,0,0,806717.0
2021-09-05,806717,36503706.67,45.25,0.4875,0.0948,3.179043068496869,3.2196971316123872,4.062766119600913,11.545166666457904,3992.7750411810894,6,9,3,1,0,0,0,1003481.0
2021-09-06,1003481,45597310.37,45.44,0.5064,0.0839,3.27472274009701,3.3802806558680074,3.958740972952446,12.209364924232702,4007.269211481116,0,9,3,0,0,0,0,926161.0
2021-09-07,926161,42400581.77,45.78,0.5068,0.0975,3.277648709139086,3.3765588329345477,4.032330062143603,12.01437074764149,4007.9528967362894,1,9,3,0,0,0,0,972659.0
2021-09-08,972659,43401421.41,44.62,0.487,0.0842,3.265149135389255,3.3638631510673447,4.0573227811007255,10.732770532412617,4019.5609229316165,2,9,3,0,0,0,0,926240.0
2021-09-09,926240,40485377.38,43.71,0.5048,0.0896,3.2113695030174734,3.3080031111834067,4.029933517816532,10.499816799165785,4016.4433516149,3,9,3,0,0,0,0,1116219.0
2021-09-10,1116219,53031978.22,47.51,0.5101,0.1034,3.250061400398329,3.2990371657346356,3.9646334876796394,10.80168902896425,3967.010609914134,4,9,3,0,0,0,0,779585.0
2021-09-11,779585,35264994.83,45.24,0.5067,0.1063,3.2537506532932583,3.431368015294951,4.119904387197085,11.138006911516804,3986.042541969659,5,9,3,1,0,0,0,851549.0
2021-09-12,851549,39235726.48,46.08,0.5095,0.088,3.209488665905542,3.351572813140926,4.043776259390123,12.443848041948137,4056.266487411619,6,9,3,1,0,0,0,1035410.0
2021-09-13,1035410,47902812.7,46.26,0.4893,0.0934,3.3178912865115517,3.4223201164329278,4.108575103475075,11.047540739334359,4071.8994894885154,0,9,3,0,0,0,0,1018229.0
2021-09-14,1018229,47175844.62,46.33,0.5069,0.0956,3.294785553185051,3.3275819407072604,4.022447990838362,14.097042153584207,4056.9832582247222,1,9,3,0,0,0,0,1013612.0
2021-09-15,1013612,44699438.62,44.1,0.5008,0.1061,3.252791811539054,3.4142731020384187,3.989895546620593,13.233056310727243,4005.827215294006,2,9,3,0,0,0,0,959907.0
2021-09-16,959907,41619494.45,43.36,0.4992,0.0924,3.2646487422987867,3.5054323950221336,4.045815447864811,12.97009850719717,3973.8691768377794,3,9,3,0,0,0,0,1041905.0
2021-09-17,1041905,46886079.49,45.0,0.5129,0.0926,3.2738551679784162,3.4494412681493665,4.020041093130759,11.856438702900027,3990.753154936948,4,9,3,0,0,0,0,886286.0
2021-09-18,886286,41202363.81,46.49,0.5192,0.1047,3.1858006277274256,3.3709284936569,3.9704300937236354,13.817498969974588,4030.135916785867,5,9,3,1,0,0,0,861243.0
2021-09-19,861243,38596783.08,44.82,0.5225,0.0932,3.259536716905632,3.4258668149037748,4.101308644932312,11.739458352902567,4040.262386306523,6,9,3,1,0,0,0,993379.0
2021-09-20,993379,45086217.32,45.39,0.518,0.0998,3.2441018578694876,3.3874026448854546,3.9952206135107446,11.964624671501397,4070.110047679453,0,9,3,0,0,0,0,968245.0
2021-09-21,968245,47562216.59,49.12,0.5039,0.0866,3.2332774715657866,3.408646858852874,3.9328488049623775,12.20755117702248,4096.775636518379,1,9,3,0,0,0,0,936667.0
2021-09-22,936667,40440698.85,43.18,0.5087,0.0945,3.26406293560031,3.383323729037373,4.089811613420669,12.847582663217143,4116.156395529623,2,9,3,0,0,0,0,1032352.0
2021-09-23,1032352,46272966.77,44.82,0.5131,0.0856,3.3491827173617446,3.3975775100205476,3.9967426640205805,12.771867695153002,4092.4916998729195,3,9,3,0,0,0,0,1042850.0
2021-09-24,1042850,50904160.22,48.81,0.5068,0.0892,3.3048809156060552,3.4290390124208345,3.990133572940185,11.43998008303892,4099.559156814546,4,9,3,0,0,0,0,817291.0
2021-09-25,817291,37524305.68,45.91,0.5071,0.1006,3.2583756244456334,3.3339455305497263,3.930835421269425,11.373459486611138,4069.0268149793433,5,9,3,1,0,0,0,840674.0
2021-09-26,840674,37774259.3,44.93,0.5143,0.0953,3.3061053181444615,3.3334820276196764,4.10474462043045,12.78422578650027,4070.314290865033,6,9,3,1,0,0,0,971603.0
2021-09-27,971603,46401669.2,47.76,0.5056,0.0937,3.341159088974487,3.3050024219280636,3.951828857314932,12.878284775622491,4083.102733486296,0,9,3,0,0,0,0,983550.0
2021-09-28,983550,45341672.43,46.1,0.4991,0.0911,3.324156726848696,3.2893929758051126,4.017843179577092,11.552006059560082,4145.921575950599,1,9,3,0,0,0,0,994617.0
2021-09-29,994617,45262281.77,45.51,0.5025,0.0943,3.2915467472188222,3.3213561924876958,4.059181902559233,10.123795660387854,4097.98778703958,2,9,3,0,0,0,0,1025038.0
2021-09-30,1025038,47490894.0,46.33,0.5132,0.0975,3.2652778603751043,3.4328152181860796,4.033279160270051,11.784402821249728,4116.436604433965,3,9,3,0,1,1,0,992869.0
2021-10-01,992869,44746425.81,45.07,0.5071,0.1016,3.321081710396625,3.3499498525778812,4.00786515632408,12.786540157564106,4172.33969744433,4,10,4,0,0,0,0,850437.0
2021-10-02,850437,37879697.13,44.54,0.5106,0.08,3.3108932879130473,3.463771833869677,3.9244311537981735,14.21030211428082,4201.595021015127,5,10,4,1,0,0,0,962173.0
2021-10-03,962173,44173429.72,45.91,0.5141,0.0908,3.332966345015339,3.4267647466417253,3.967706682121646,10.61211000235774,4233.876724306545,6,10,4,1,0,0,0,1013791.0
2021-10-04,1013791,45191566.6,44.58,0.5039,0.0967,3.3245738817016233,3.267807387151247,4.016273206900662,11.543995948183507,4256.998498321458,0,10,4,0,0,0,0,973690.0
2021-10-05,973690,44908763.92,46.12,0.5154,0.0952,3.343161161825678,3.478980916323137,3.9662264285243256,11.595182539859536,4307.708383412217,1,10,4,0,0,0,0,998988.0
2021-10-06,998988,46603554.62,46.65,0.5118,0.0982,3.2817853387709284,3.4927369348896025,4.014466610598093,13.69638123781361,4266.420481864644,2,10,4,0,0,0,0,1014737.0
2021-10-07,1014737,48110466.43,47.41,0.4959,0.0975,3.357909854430351,3.3496491916586946,4.037110765346566,12.034794843675533,4214.1923538747,3,10,4,0,0,0,0,1103341.0
2021-10-08,1103341,52780663.64,47.84,0.5228,0.094,3.315141071049425,3.46405364070212,4.049885036995411,10.99560348119599,4214.608796527477,4,10,4,0,0,0,0,936727.0
2021-10-09,936727,42667692.9,45.55,0.5036,0.0927,3.3922741670660064,3.3631934796286593,3.939198452443699,12.762860347660547,4134.067713416711,5,10,4,1,0,0,0,952228.0
2021-10-10,952228,44679180.29,46.92,0.4922,0.0944,3.283726514558842,3.440796860372221,4.109098370461126,11.615249395882373,4180.759307524372,6,10,4,1,0,0,0,1072853.0
2021-10-11,1072853,50342103.03,46.92,0.4985,0.1028,3.3827665237533364,3.333088080113164,4.036409692571874,10.640298424000182,4227.599150411714,0,10,4,0,0,0,0,1078628.0
2021-10-12,1078628,50360947.06,46.69,0.499,0.0916,3.3232819957530033,3.2920589503300195,3.9967305766410526,11.047339555786035,4211.7942472808745,1,10,4,0,0,0,0,987658.0
2021-10-13,987658,44930790.4,45.49,0.5099,0.0956,3.291350084540461,3.406136357288051,4.05008446549341,14.208977958716229,4198.41117313113,2,10,4,0,0,0,0,1016902.0
2021-10-14,1016902,45437979.41,44.68,0.5068,0.0971,3.3000962579330086,3.42811239541253,4.112680062271046,12.598993316783496,4196.3248155381025,3,10,4,0,0,0,0,984670.0
2021-10-15,984670,46270942.27,46.99,0.5064,0.1054,3.3086863305903536,3.4074399877266237,3.9212862841459852,12.277422291574085,4198.935582960413,4,10,4,0,0,0,0,892183.0
2021-10-16,892183,38980849.23,43.69,0.5161,0.0943,3.3405190358983585,3.3457702048542037,3.980782244279381,11.858757797822427,4204.389573967352,5,10,4,1,0,0,0,928656.0
2021-10-17,928656,42591550.16,45.86,0.5135,0.1019,3.34652163449153,3.409733605825833,3.871957246377622,12.520079729884968,4226.213383781777,6,10,4,1,0,0,0,1032675.0
2021-10-18,1032675,43835591.19,42.45,0.5135,0.1035,3.304719671659435,3.4644965481121197,3.9993551194246186,12.51700453380529,4220.297810465159,0,10,4,0,0,0,0,1085617.0
2021-10-19,1085617,48079919.36,44.29,0.5146,0.0958,3.3287565828195853,3.4405834793126004,4.006846124063368,12.54289232721966,4256.925039941205,1,10,4,0,0,0,0,974287.0
2021-10-20,974287,43833891.35,44.99,0.5168,0.0949,3.4174883111314904,3.4599914356240316,3.98548222703562,12.342018803806397,4274.695918744684,2,10,4,0,0,0,0,1045316.0
2021-10-21,1045316,50138904.39,47.97,0.4898,0.0943,3.402969586999262,3.3929930072088013,3.953587523289744,13.259022819907567,4252.054943402438,3,10,4,0,0,0,0,970880.0
2021-10-22,970880,45986914.8,47.37,0.5074,0.0947,3.3533948008773047,3.5415449261358005,3.8827221903948024,12.256793790395676,4304.109237216975,4,10,4,0,0,0,0,909743.0
2021-10-23,909743,41408809.75,45.52,0.4894,0.1014,3.3395396147620193,3.354913256473049,4.002768057831404,11.068487820567514,4252.459075779073,5,10,4,1,0,0,0,933541.0
2021-10-24,933541,44302061.36,47.46,0.5118,0.0977,3.344901974867927,3.489205899464051,4.055766196784558,11.520393290730933,4249.575890304725,6,10,4,1,0,0,0,1028261.0
2021-10-25,1028261,49055559.07,47.71,0.5116,0.0978,3.3667263082654753,3.545940598485226,3.952356189202638,9.894103512479278,4287.365450276586,0,10,4,0,0,0,0,1040362.0
2021-10-26,1040362,48011571.53,46.15,0.5223,0.0896,3.303362372276731,3.491044438119545,4.00283218793828,14.715068834941997,4260.197360210256,1,10,4,0,0,0,0,980364.0
2021-10-27,980364,43457013.64,44.33,0.5239,0.0906,3.336071113268589,3.4375465377928776,3.901353395661232,13.332491599498338,4272.72559228266,2,10,4,0,0,0,0,959844.0
2021-10-28,959844,44254819.6,46.11,0.5142,0.1093,3.281718522226668,3.41265556445881,4.001561925586091,11.31573296576216,4294.315501317402,3,10,4,0,0,0,0,1052309.0
2021-10-29,1052309,48706625.4,46.29,0.5073,0.0954,3.3665301270213432,3.538971320915312,3.9579819613126648,11.988567082365057,4261.824568061956,4,10,4,0,0,0,0,981441.0
2021-10-30,981441,43770177.62,44.6,0.5174,0.0919,3.3785519589431616,3.343405385351248,3.938489027332106,11.577822497973152,4259.682902771654,5,10,4,1,0,0,0,845301.0
2021-10-31,845301,39738786.27,47.01,0.5074,0.1051,3.335443179985685,3.3807865605439256,3.9375595390933293,14.2087524216536,4254.322711991977,6,10,4,1,1,0,0,1098925.0
2021-11-01,1098925,51533956.61,46.89,0.5129,0.0983,3.4198402193963315,3.4277390152269764,3.9548737893715633,10.66979087890721,4233.880976430939,0,11,4,0,0,0,0,1036872.0
2021-11-02,1036872,48895880.2,47.16,0.5229,0.1001,3.3099638211725617,3.5596970469468765,3.9926614366349003,12.52728669285374,4323.144375977327,1,11,4,0,0,0,0,978002.0
2021-11-03,978002,45890149.56,46.92,0.5077,0.0958,3.3025367347250416,3.4922012036650907,3.9069256728904262,12.27627618678182,4294.193044509137,2,11,4,0,0,0,0,981644.0
2021-11-04,981644,46739208.89,47.61,0.5215,0.0948,3.372210663096062,3.3855050769346575,3.9516806934944673,13.415630311005922,4333.850388437116,3,11,4,0,0,0,0,1037019.0
2021-11-05,1037019,47976600.68,46.26,0.5204,0.0957,3.407240955618024,3.439246926332002,3.968473969253918,12.315845329716893,4319.195995607601,4,11,4,0,0,0,0,898068.0
2021-11-06,898068,42074652.38,46.85,0.5042,0.0885,3.434842131424186,3.416042318688126,3.914615072538742,10.348354164926763,4277.793735379679,5,11,4,1,0,0,0,848948.0
2021-11-07,848948,39022321.58,45.97,0.5237,0.0963,3.3512612147403598,3.409515462665819,4.058428054200143,12.174725627915706,4282.385947470693,6,11,4,1,0,0,0,963489.0
2021-11-08,963489,44031460.76,45.7,0.5211,0.0986,3.4148989352536554,3.5457139050828386,3.9249559730507175,11.327646173985798,4308.110917472456,0,11,4,0,0,0,0,999269.0
2021-11-09,999269,48563305.09,48.6,0.5153,0.108,3.3723500286945476,3.358761157166893,3.933202955380587,12.608219447217905,4344.589122534949,1,11,4,0,0,0,0,1034184.0
2021-11-10,1034184,45028930.24,43.54,0.5068,0.0974,3.369127483445628,3.5982946141460204,3.916811467773804,14.252526658960104,4406.754289902641,2,11,4,0,0,0,0,1043511.0
2021-11-11,1043511,50021861.77,47.94,0.506,0.0829,3.413524716623396,3.536935692549376,4.054710853780412,10.463298894039209,4525.790485320128,3,11,4,0,0,0,0,1015924.0
2021-11-12,1015924,46432791.07,45.7,0.5094,0.0964,3.406420506741513,3.5590250185830814,3.991499925368472,11.60973926743711,4536.66993387024,4,11,4,0,0,0,0,920830.0
2021-11-13,920830,41921341.66,45.53,0.5204,0.1134,3.319424699481442,3.435793250098681,3.9161006195371053,11.926472364281134,4510.335509076182,5,11,4,1,0,0,0,953508.0
2021-11-14,953508,44870116.15,47.06,0.5056,0.1022,3.4436983082400032,3.4618990008487094,4.017325006777142,12.151741517587379,4529.417286275877,6,11,4,1,0,0,0,1049742.0
2021-11-15,1049742,46656938.48,44.45,0.5197,0.0922,3.442000163685101,3.3603014444699904,3.971139137924591,13.518139648145324,4519.236336008397,0,11,4,0,0,0,0,1032347.0
2021-11-16,1032347,46942334.27,45.47,0.503,0.1007,3.363937315732262,3.4340333751135077,3.973065126988618,12.442318160240173,4557.718336208921,1,11,4,0,0,0,0,1073326.0
2021-11-17,1073326,48768522.83,45.44,0.5136,0.0927,3.406958770418405,3.5165449432693934,3.9420842401593825,13.170407392195335,4505.472780080389,2,11,4,0,0,0,0,993323.0
2021-11-18,993323,46083733.43,46.39,0.5169,0.0891,3.413058124626583,3.5817771609505833,3.9209502520864863,11.941676601946673,4603.204934002189,3,11,4,0,0,0,0,1024469.0
2021-11-19,1024469,46648685.13,45.53,0.5404,0.0951,3.405897630280784,3.3905524671221605,3.9744295282678044,12.98995846276212,4639.478329869264,4,11,4,0,0,0,0,891966.0
2021-11-20,891966,43846847.68,49.16,0.5023,0.0978,3.3756357016968375,3.450910733111063,3.929414170246769,13.669133612388551,4570.352694116724,5,11,4,1,0,0,0,852954.0
2021-11-21,852954,42192703.86,49.47,0.531,0.0861,3.3729636581974978,3.469066728538807,4.0466406743515915,11.87902373362073,4541.936091586483,6,11,4,1,0,0,0,1013149.0
2021-11-22,1013149,44328583.9,43.75,0.5179,0.0905,3.400990562910925,3.3705202139956394,3.8914796682120083,13.717696489084952,4576.077232417638,0,11,4,0,0,0,0,937919.0
2021-11-23,937919,44661833.35,47.62,0.5207,0.0975,3.4511094578149804,3.5304971629986013,4.030900279608974,12.865471682816555,4625.447083507046,1,11,4,0,0,0,0,1114364.0
2021-11-24,1114364,53606274.39,48.1,0.5179,0.095,3.428135303444967,3.4262690237325586,3.947681520959563,14.08000554210085,4573.443748168344,2,11,4,0,0,0,0,823091.0
2021-11-25,823091,39217513.83,47.65,0.5214,0.0998,3.3937611433570765,3.4695491656812933,3.9673634961592317,12.606846726407898,4603.5468944187605,3,11,4,0,0,0,1,1101721.0
2021-11-26,1101721,50525314.73,45.86,0.5155,0.0902,3.441651493624061,3.4500096682878434,3.993235486791234,13.329407153976618,4524.215325886535,4,11,4,0,0,0,0,908972.0
2021-11-27,908972,42264276.63,46.5,0.5318,0.1018,3.299043067898952,3.4239968065945914,3.9192400856034313,12.84681177506687,4521.225362821223,5,11,4,1,0,0,0,927930.0
2021-11-28,927930,42458326.13,45.76,0.5128,0.0905,3.461140016797541,3.487551566068764,3.993146404955287,12.80397003122732,4567.354645894464,6,11,4,1,0,0,0,1012298.0
2021-11-29,1012298,46832397.06,46.26,0.5289,0.1075,3.3478088315597705,3.4718306495332554,3.813744633001299,13.25428361064174,4545.387752467424,0,11,4,0,0,0,0,1039631.0
2021-11-30,1039631,46881543.45,45.09,0.5112,0.0874,3.4051111059625314,3.460287973533919,3.9123165156818924,13.612132288929162,4484.796044287655,1,11,4,0,1,0,0,1084117.0
2021-12-01,1084117,50685412.4,46.75,0.5172,0.0912,3.3770366646025485,3.432709764513385,3.901313267538158,11.493132526783159,4491.33966633966,2,12,4,0,0,0,0,1067075.0
2021-12-02,1067075,47683602.82,44.69,0.5073,0.1003,3.372254262641731,3.5174916244443413,3.884047694931759,14.737865670230455,4467.595822058424,3,12,4,0,0,0,0,1087572.0
2021-12-03,1087572,50741629.6,46.66,0.5227,0.1078,3.47269598738615,3.625154819887291,3.9351879370928167,10.811049359455515,4493.617681255001,4,12,4,0,0,0,0,902186.0
2021-12-04,902186,40687552.18,45.1,0.5327,0.0997,3.4097795831898323,3.504985000567047,3.9644418809955617,12.246251791173256,4458.585703002176,5,12,4,1,0,0,0,891077.0
2021-12-05,891077,42145822.35,47.3,0.5177,0.1013,3.4445758109564304,3.574404823509251,3.9795120312086714,12.980523265501681,4428.3148768834135,6,12,4,1,0,0,0,971504.0
2021-12-06,971504,44673612.1,45.98,0.5166,0.0981,3.4310701538020205,3.3844116825903865,3.955653388533399,13.61432849078816,4349.109649025975,0,12,4,0,0,0,0,1057601.0
2021-12-07,1057601,50188144.6,47.45,0.5076,0.0918,3.4542632156408803,3.5091571131361947,3.9095611937148917,15.036995696581595,4356.380237704648,1,12,4,0,0,0,0,1104920.0
2021-12-08,1104920,53762061.28,48.66,0.5166,0.0951,3.440492335381238,3.4096461502927324,3.960538728855142,10.94195515014462,4350.687995686474,2,12,4,0,0,0,0,1122429.0
2021-12-09,1122429,55486790.54,49.43,0.5031,0.0908,3.388340906584679,3.380173661308995,3.9475498828663422,12.589213943096663,4305.007925404454,3,12,4,0,0,0,0,1069546.0
2021-12-10,1069546,46283761.44,43.27,0.51,0.0905,3.4817556495710136,3.4400625700884615,3.9873916768877433,10.673011084629895,4313.128110782214,4,12,4,0,0,0,0,877125.0
2021-12-11,877125,40199324.52,45.83,0.5216,0.1006,3.4244023267021526,3.5954414098085445,3.9786944818758947,13.290141118971587,4353.791668739272,5,12,4,1,0,0,0,835329.0
2021-12-12,835329,38962522.26,46.64,0.5326,0.0915,3.384140145644904,3.576960428776741,3.9406356828095213,13.605414308175575,4345.960836984704,6,12,4,1,0,0,0,1081271.0
2021-12-13,1081271,51689463.13,47.8,0.5477,0.1002,3.431532851140306,3.5212617247317675,3.8935187942186453,15.215760572184914,4357.071040466487,0,12,4,0,0,0,0,963011.0
2021-12-14,963011,43002551.74,44.65,0.5139,0.0905,3.5109450754793308,3.380059937856031,3.905008816667388,13.479188103640483,4368.41107249865,1,12,4,0,0,0,0,1021262.0
2021-12-15,1021262,46643716.43,45.67,0.5342,0.1001,3.4871839557275073,3.4878205836921543,3.9094469650232613,14.615082879144182,4321.919707267423,2,12,4,0,0,0,0,1029874.0
2021-12-16,1029874,48772040.97,47.36,0.5224,0.0955,3.441492564160089,3.528498473571211,3.9204583851670183,14.090885743846805,4403.272756976272,3,12,4,0,0,0,0,1042643.0
2021-12-17,1042643,49322333.01,47.31,0.5186,0.1069,3.4437350513153637,3.5192371587497266,3.9489145847098226,12.896210660446178,4385.261950632242,4,12,4,0,0,0,0,925709.0
2021-12-18,925709,44212082.04,47.76,0.5246,0.1004,3.447109798766227,3.358514878412807,3.970566169811045,11.756178095410277,4411.845860753797,5,12,4,1,0,0,0,917037.0
2021-12-19,917037,43903503.84,47.88,0.521,0.106,3.5453180775388224,3.4356093260039637,3.93155186162843,13.805547979161284,4443.110434457785,6,12,4,1,0,0,0,942782.0
2021-12-20,942782,45002622.31,47.73,0.5217,0.0941,3.479801634163599,3.5025171725270297,3.9342192747367672,11.7138252326445,4438.1460084481405,0,12,4,0,0,0,0,1034346.0
2021-12-21,1034346,49165117.19,47.53,0.5166,0.099,3.4840050245402425,3.5513475244566184,3.939888417422075,15.087583218968549,4463.06657889523,1,12,4,0,0,0,0,945844.0
2021-12-22,945844,44777984.02,47.34,0.5068,0.0928,3.5102969080579642,3.333547069583191,3.9062426663831644,13.368028355790186,4473.5690152344005,2,12,4,0,0,0,0,1068187.0
2021-12-23,1068187,51563013.93,48.27,0.5055,0.0963,3.4809223998945815,3.4970525738194698,3.885087847919782,15.02606138547214,4417.463438389962,3,12,4,0,0,0,0,1020501.0
2021-12-24,1020501,44832219.11,43.93,0.5276,0.0972,3.4632974472183076,3.5222437106726874,3.8429097300351813,13.045110628200332,4404.8794974651555,4,12,4,0,0,0,0,642055.0
2021-12-25,642055,31860866.61,49.62,0.5184,0.0945,3.4680964577350557,3.5795381738107217,3.8952528934572372,13.973678550077901,4381.264956315653,5,12,4,1,0,0,1,872126.0
2021-12-26,872126,38387733.28,44.02,0.5154,0.0916,3.4753807221084903,3.5677592834818856,3.9530008804516683,13.932132426820491,4363.69490622622,6,12,4,1,0,0,0,1014885.0
2021-12-27,1014885,46401046.81,45.72,0.5215,0.0905,3.4790531887205525,3.5596898687320864,3.8935357304634497,13.656879896500898,4313.373594845228,0,12,4,0,0,0,0,1097498.0
2021-12-28,1097498,51599270.41,47.02,0.5295,0.085,3.51194753306188,3.4498344019136713,3.9161330319797103,13.221919604590028,4357.921764394989,1,12,4,0,0,0,0,1049779.0
2021-12-29,1049779,50789057.72,48.38,0.5235,0.0927,3.4872234096140593,3.3619269118711603,3.9506913559469496,14.24239184217606,4421.814371217649,2,12,4,0,0,0,0,1061761.0
2021-12-30,1061761,45544451.77,42.9,0.5153,0.1029,3.5167573319159504,3.483852232432302,3.9527549402641324,12.690533975120372,4461.517057165259,3,12,4,0,0,0,0,1100557.0
2021-12-31,1100557,52124845.6,47.36,0.5342,0.0896,3.4865321338588258,3.5961482676983025,3.8720987033119716,12.381240676206403,4513.442592893364,4,12,4,0,1,1,0,739203.0
2022-01-01,739203,35932187.58,48.61,0.5378,0.091,3.4952181680717147,3.6282072200279503,3.9752873418651666,15.354732649139661,4500.0787003301575,5,1,1,1,0,0,1,953124.0
2022-01-02,953124,46635318.77,48.93,0.5271,0.11,3.414459572963137,3.5742797587160107,3.981164995874135,14.766859596912987,4474.993201878259,6,1,1,1,0,0,0,1082586.0
2022-01-03,1082586,50240129.28,46.41,0.532,0.0955,3.5333584047962447,3.5524798748977866,3.8676721473074163,14.004382083612484,4444.350129156151,0,1,1,0,0,0,0,984528.0
2022-01-04,984528,46291183.07,47.02,0.5348,0.1013,3.5128853727345826,3.549192334767856,3.882343919559823,15.954669831536618,4470.794780675034,1,1,1,0,0,0,0,1119875.0
2022-01-05,1119875,52143730.58,46.56,0.5338,0.1033,3.541269593018245,3.4750119618825934,3.9824653374519845,13.666495995170525,4480.548945207428,2,1,1,0,0,0,0,983140.0
2022-01-06,983140,46122771.94,46.91,0.5288,0.1034,3.3878251278233344,3.5097686515662594,3.914947028683162,15.60649908665609,4478.043521432794,3,1,1,0,0,0,0,1088903.0
2022-01-07,1088903,50058453.55,45.97,0.5287,0.0904,3.5895392649983875,3.654362735219544,3.8106835143909397,14.261505807965754,4531.160511956177,4,1,1,0,0,0,0,861898.0
2022-01-08,861898,39821216.23,46.2,0.5281,0.0982,3.502752384952226,3.4460878856231654,3.8510747940246306,12.852794871240995,4548.320008812999,5,1,1,1,0,0,0,934540.0
2022-01-09,934540,45048276.53,48.2,0.512,0.0899,3.5549977150803302,3.6513218074416876,3.9079805414373117,16.33193613769723,4514.729391000194,6,1,1,1,0,0,0,1131303.0
2022-01-10,1131303,54037858.1,47.77,0.5301,0.1144,3.471411316124907,3.497015825606555,3.861690685550291,15.335042405807608,4487.753143815624,0,1,1,0,0,0,0,1040309.0
2022-01-11,1040309,50270322.5,48.32,0.5096,0.0902,3.539858357843573,3.629442786858221,3.8985690133694506,14.032971042566585,4515.9928290971375,1,1,1,0,0,0,0,1038450.0
2022-01-12,1038450,49765271.59,47.92,0.5154,0.0935,3.4755533041025424,3.41148469480541,3.9202609319589867,15.08291013734378,4559.146678376515,2,1,1,0,0,0,0,1080350.0
2022-01-13,1080350,52585666.02,48.67,0.5364,0.0936,3.4950843484326137,3.571515417435783,3.9911582539869084,13.758066343483593,4582.456840817345,3,1,1,0,0,0,0,1030957.0
2022-01-14,1030957,50467414.6,48.95,0.5319,0.0909,3.598944174934081,3.4663061358480354,3.902930661749499,15.269788660995108,4661.98738880254,4,1,1,0,0,0,0,1019234.0
2022-01-15,1019234,45904933.15,45.04,0.5385,0.1081,3.5171060505617087,3.4126224878056224,3.97049166123462,11.437904423956395,4731.7320730816045,5,1,1,1,0,0,0,935010.0
2022-01-16,935010,43371681.46,46.39,0.521,0.1146,3.5357836771926054,3.543914125684327,3.9877171221488243,13.115911515381603,4751.189191777255,6,1,1,1,0,0,0,1028043.0
2022-01-17,1028043,48664778.6,47.34,0.5123,0.0972,3.5642446547537974,3.607768079041423,3.9874124190975366,15.547340743476312,4716.098584216867,0,1,1,0,0,0,0,1028474.0
2022-01-18,1028474,49024193.36,47.67,0.5215,0.0922,3.5516273493820596,3.459985321087138,3.929355715886603,14.105275840775146,4661.447602749415,1,1,1,0,0,0,0,1009797.0
2022-01-19,1009797,47170035.25,46.71,0.525,0.0868,3.540177480731688,3.4082209983409704,3.8163777591431396,14.686620149821438,4645.846204944789,2,1,1,0,0,0,0,1029529.0
2022-01-20,1029529,50552099.94,49.1,0.5249,0.0988,3.551122314624761,3.5213476442364278,3.9370108210897095,12.854202945896235,4678.07291066703,3,1,1,0,0,0,0,1020606.0
2022-01-21,1020606,51765804.15,50.72,0.5355,0.0984,3.6350261240466963,3.522244633107844,3.9658200162048627,16.72062786849916,4756.251036011439,4,1,1,0,0,0,0,889713.0
2022-01-22,889713,42747673.52,48.05,0.5207,0.0964,3.5389528275136395,3.5736405202807116,3.9087801454951028,15.964726113588544,4774.791697956392,5,1,1,1,0,0,0,888792.0
2022-01-23,888792,42582447.89,47.91,0.5279,0.1017,3.5516720489667795,3.606269236110786,3.999499160930211,14.328228618731151,4825.924415823376,6,1,1,1,0,0,0,1145060.0
2022-01-24,1145060,56193562.54,49.07,0.5146,0.1028,3.588027175648813,3.5260663791059326,3.954701053113126,14.116429395247428,4815.92374902475,0,1,1,0,0,0,0,993098.0
2022-01-25,993098,44707746.93,45.02,0.5291,0.1025,3.592597330669592,3.6797689583039714,3.9395653462061144,15.870652327232508,4843.637668767817,1,1,1,0,0,0,0,1042422.0
2022-01-26,1042422,49907585.54,47.88,0.5247,0.0987,3.5982351555381893,3.5497677221335753,3.964915864146299,17.047199349351512,4880.312967352889,2,1,1,0,0,0,0,1069647.0
2022-01-27,1069647,52753984.31,49.32,0.5173,0.094,3.578683133936943,3.504606195315818,3.9267132760373316,15.845895789986582,4794.771293617136,3,1,1,0,0,0,0,1068008.0
2022-01-28,1068008,50092163.2,46.9,0.5225,0.1047,3.509796017180774,3.4038773981147505,3.784854972250877,17.340732223610512,4777.598257455854,4,1,1,0,0,0,0,920306.0
2022-01-29,920306,42374537.82,46.04,0.5231,0.1008,3.6232380453946478,3.512263568340355,3.8839919779410983,13.660965736501353,4819.248801450327,5,1,1,1,0,0,0,913044.0
2022-01-30,913044,43480756.7,47.62,0.5223,0.1062,3.5144337952230376,3.506829963997311,3.968263425887169,13.817770111354047,4831.809218862231,6,1,1,1,0,0,0,1073742.0
2022-01-31,1073742,51352884.9,47.83,0.5428,0.1056,3.5747820872398353,3.611020914217061,3.867484183890618,13.407576506278637,4780.690239803203,0,1,1,0,1,0,0,1065527.0
2022-02-01,1065527,49622449.46,46.57,0.5242,0.0924,3.5348968973451758,3.5716418274353607,3.8961514364820915,15.397710623369957,4677.886166676453,1,2,1,0,0,0,0,1045192.0
2022-02-02,1045192,53403759.4,51.09,0.5228,0.0924,3.5648958391787198,3.4407311859921044,3.854547098961326,15.11163044518099,4663.129124296926,2,2,1,0,0,0,0,985231.0
2022-02-03,985231,46551245.36,47.25,0.5044,0.0965,3.5830074638518887,3.549289591387726,3.995451397445953,14.751885412553156,4660.742378527256,3,2,1,0,0,0,0,1027766.0
2022-02-04,1027766,47537557.27,46.25,0.5165,0.0948,3.5851089766449316,3.5896511810443315,3.989798702218706,15.938665809841009,4624.4232087576565,4,2,1,0,0,0,0,864085.0
2022-02-05,864085,41355118.56,47.86,0.5229,0.1057,3.591531338232115,3.658581540725555,3.8610018638607557,16.479682483182494,4630.9940335901365,5,2,1,1,0,0,0,901527.0
2022-02-06,901527,44516413.03,49.38,0.5187,0.1034,3.641604851338611,3.6077405678518764,3.9120338149473195,13.203425856965005,4652.762150218013,6,2,1,1,0,0,0,1059131.0
2022-02-07,1059131,50901727.9,48.06,0.5395,0.1079,3.5976017104284663,3.5980000513032504,3.8701201557751785,14.351182681072341,4681.549691139421,0,2,1,0,0,0,0,1066216.0
2022-02-08,1066216,52008771.76,48.78,0.5241,0.1037,3.5721000285981974,3.542322093464737,3.934370330611342,16.085041454635213,4583.934898107789,1,2,1,0,0,0,0,1136097.0
2022-02-09,1136097,53123713.1,46.76,0.5387,0.1027,3.6228377265784006,3.5689538723503276,3.92858775106143,14.572890295339302,4530.629943100616,2,2,1,0,0,0,0,1032002.0
2022-02-10,1032002,51925489.4,50.32,0.5265,0.1087,3.6342629675543363,3.638213781948874,3.943171593588533,14.209620433766247,4518.820839321071,3,2,1,0,0,0,0,1086239.0
2022-02-11,1086239,53163786.53,48.94,0.5263,0.1044,3.5399916777483895,3.431986433122604,3.9186671361370515,16.422982973188525,4542.748655173601,4,2,1,0,0,0,0,944814.0
2022-02-12,944814,46946516.44,49.69,0.5251,0.102,3.6154057413781366,3.510999448150192,4.0483285658534145,13.686583528730528,4563.395190513013,5,2,1,1,0,0,0,985360.0
2022-02-13,985360,47968777.25,48.68,0.5261,0.1106,3.6219722738243196,3.4774857757658015,3.849651214641507,14.905304508873638,4583.418879075298,6,2,1,1,0,0,0,1078335.0
2022-02-14,1078335,53256493.12,49.39,0.5433,0.1024,3.5844402980832957,3.569950896219646,3.8150084510717632,15.694756787664188,4568.230034805265,0,2,1,0,0,0,0,1009362.0
2022-02-15,1009362,47296124.9,46.86,0.503,0.1,3.653790404372449,3.6383544595610458,3.8803773565986845,14.64494665442541,4555.377698289157,1,2,1,0,0,0,0,973427.0
2022-02-16,973427,46185749.78,47.45,0.5063,0.0968,3.595180992294605,3.492487427339123,3.8211276969537735,16.306422756566317,4526.20903749792,2,2,1,0,0,0,0,1075392.0
2022-02-17,1075392,54006203.3,50.22,0.5209,0.1061,3.6086291187211854,3.3493203301094705,3.8244012003274728,14.717043754114034,4558.2084375594495,3,2,1,0,0,0,0,1022542.0
2022-02-18,1022542,51696179.59,50.56,0.5265,0.1094,3.599107763625447,3.507856932314628,3.8484577093695265,17.123050326795386,4521.195161369607,4,2,1,0,0,0,0,879192.0
2022-02-19,879192,40893806.93,46.51,0.5333,0.1018,3.609080075841879,3.6141929850199817,3.8519150147872407,15.314768767917336,4556.51352281297,5,2,1,1,0,0,0,862799.0
2022-02-20,862799,41953392.05,48.62,0.5312,0.11,3.5670338590339963,3.58439653455945,3.849796428151664,16.304088390381814,4565.643279014072,6,2,1,1,0,0,0,1056388.0
2022-02-21,1056388,50305558.12,47.62,0.5227,0.0904,3.555712416692422,3.575902638764959,3.9229429750638216,16.426631320834986,4564.390304504381,0,2,1,0,0,0,0,1123765.0
2022-02-22,1123765,53084194.41,47.24,0.5368,0.1019,3.67952585439752,3.51950039182716,3.8712290561774485,14.81112732030477,4538.086381768001,1,2,1,0,0,0,0,1049267.0
2022-02-23,1049267,51127844.69,48.73,0.537,0.1021,3.5842999774507884,3.439820014446261,3.887071016273195,13.13269456099852,4483.6451112262,2,2,1,0,0,0,0,1076446.0
2022-02-24,1076446,53852402.76,50.03,0.5286,0.098,3.580957065606815,3.583599116921556,3.940268340717255,16.06241473283887,4458.169424194378,3,2,1,0,0,0,0,1050567.0
2022-02-25,1050567,51488901.08,49.01,0.5364,0.1167,3.536913000761172,3.47585658511199,3.856752221409126,15.748805535437677,4445.529040657898,4,2,1,0,0,0,0,857677.0
2022-02-26,857677,41057323.0,47.87,0.5296,0.1021,3.599927467258334,3.7175408688223333,3.8813543549316076,16.361520708727152,4352.316863361627,5,2,1,1,0,0,0,955897.0
2022-02-27,955897,46971332.29,49.14,0.5213,0.1001,3.5750011318428534,3.5886581294552387,3.912384576223383,15.455080722035818,4345.160614302733,6,2,1,1,0,0,0,1004752.0
2022-02-28,1004752,48070116.08,47.84,0.5339,0.1028,3.6960455391547002,3.4967605147456564,3.796534707428781,15.242694922092715,4382.031793755194,0,2,1,0,1,0,0,1044509.0
2022-03-01,1044509,51199144.13,49.02,0.5281,0.0907,3.673199216247252,3.4944867702278524,3.773885905080513,18.201576517160394,4405.033963659443,1,3,1,0,0,0,0,1048677.0
2022-03-02,1048677,52969164.7,50.51,0.527,0.0982,3.607723477336731,3.5361376310910346,3.9099566619803325,14.056687069710373,4385.977785775538,2,3,1,0,0,0,0,1088505.0
2022-03-03,1088505,49327267.32,45.32,0.5418,0.1087,3.727791207961398,3.5245789398677467,3.916772626318047,16.73625389001751,4388.403260324512,3,3,1,0,0,0,0,1006884.0
2022-03-04,1006884,49986385.58,49.64,0.5026,0.0991,3.6794099733491135,3.633242052216113,3.99490550768368,15.1978868407892,4367.061447654038,4,3,1,0,0,0,0,944146.0
2022-03-05,944146,43578610.09,46.16,0.513,0.098,3.6295929373518967,3.5589552132107696,3.89912327582249,15.516260928416221,4373.482234794953,5,3,1,1,0,0,0,891742.0
2022-03-06,891742,44876180.44,50.32,0.5153,0.1109,3.545058030603739,3.485648245520618,3.9317309623177232,15.570344589998431,4435.102941018542,6,3,1,1,0,0,0,1031708.0
2022-03-07,1031708,49050068.28,47.54,0.5236,0.1111,3.7391212230762236,3.695541182877394,3.8804971733026683,15.018302189581519,4474.513345849198,0,3,1,0,0,0,0,888397.0
2022-03-08,888397,41477520.7,46.69,0.5247,0.1063,3.5943510435298123,3.5483679995876503,3.9046603518136584,16.69932641481087,4496.120859106722,1,3,1,0,0,0,0,1139687.0
2022-03-09,1139687,56498694.44,49.57,0.5122,0.1005,3.5865695417940615,3.60603815710986,3.9726913462801807,17.713938555345106,4476.803325129995,2,3,1,0,0,0,0,1076945.0
2022-03-10,1076945,52871124.15,49.09,0.5175,0.1019,3.695740952064742,3.495970741020894,3.782659677284794,16.64036247986612,4507.7082892179005,3,3,1,0,0,0,0,1015834.0
2022-03-11,1015834,47810185.37,47.06,0.5188,0.0985,3.7548819337927317,3.5737662029484065,3.909072218292827,16.23145144715674,4440.367559021124,4,3,1,0,0,0,0,876383.0
2022-03-12,876383,40927612.37,46.7,0.552,0.0975,3.715117478488354,3.5696840398301624,3.9947040753981966,14.954574704367715,4430.8707207613115,5,3,1,1,0,0,0,899984.0
2022-03-13,899984,43482925.84,48.32,0.5454,0.0972,3.6847586498339124,3.393691766107402,3.901561002968223,16.789263344077263,4454.788730040469,6,3,1,1,0,0,0,1068317.0
2022-03-14,1068317,50004326.5,46.81,0.5233,0.0999,3.6884491344900776,3.706144353064625,3.9695236866338006,18.787317976494652,4485.157112148439,0,3,1,0,0,0,0,967729.0
2022-03-15,967729,45518937.53,47.04,0.5238,0.0974,3.7012531807198257,3.6482226866220033,3.8550713448668206,15.773342153860293,4512.866617928968,1,3,1,0,0,0,0,1048718.0
2022-03-16,1048718,51197145.02,48.82,0.516,0.0943,3.6999321863191335,3.513234425958762,3.8844676333037946,15.809320819269113,4525.445858075802,2,3,1,0,0,0,0,1136978.0
2022-03-17,1136978,53679936.44,47.21,0.5085,0.1051,3.6832820357360867,3.4568575149756398,3.887285415320467,15.617363953642286,4518.0687191426705,3,3,1,0,0,0,0,1005012.0
2022-03-18,1005012,49564861.53,49.32,0.5264,0.1052,3.6786625753702533,3.57286317347955,3.7742698899942977,15.733384285387421,4540.5876746262975,4,3,1,0,0,0,0,943027.0
2022-03-19,943027,48027717.11,50.93,0.5176,0.1141,3.6744517394304874,3.552003303700484,3.8262818832807564,13.056169313022897,4502.40060811661,5,3,1,1,0,0,0,1019465.0
2022-03-20,1019465,49431276.55,48.49,0.5268,0.1,3.649258559560983,3.573520326487029,3.8293893940655166,16.86625192097843,4468.883690414671,6,3,1,1,0,0,0,1085055.0
2022-03-21,1085055,53082745.42,48.92,0.5116,0.1058,3.670652528003486,3.560382391175496,3.924879843968682,15.395057132491054,4471.948702846519,0,3,1,0,0,0,0,1067400.0
2022-03-22,1067400,55259070.9,51.77,0.52,0.106,3.6166243198492976,3.5855349203345823,3.926928582391849,14.506740250183057,4479.507234386814,1,3,1,0,0,0,0,1067320.0
2022-03-23,1067320,50139893.86,46.98,0.5291,0.1027,3.6828727058702846,3.6607895787613596,3.8990681079430765,17.37204252177692,4407.080766691108,2,3,1,0,0,0,0,1039299.0
2022-03-24,1039299,52548770.28,50.56,0.5313,0.1087,3.649726946004761,3.590412888097307,3.9236177379723447,15.19877057039202,4425.745903598513,3,3,1,0,0,0,0,1114077.0
2022-03-25,1114077,56146435.97,50.4,0.5319,0.109,3.6475918812423886,3.4609417155261646,3.8737523557071505,16.11958154171807,4457.211678022515,4,3,1,0,0,0,0,891637.0
2022-03-26,891637,44660778.77,50.09,0.5145,0.1064,3.7013966112084087,3.653858710172049,3.9416045465009586,18.31431937876687,4454.691553778083,5,3,1,1,0,0,0,838087.0
2022-03-27,838087,42541888.39,50.76,0.5363,0.1029,3.7523468185714792,3.676032364475723,3.881496403180677,14.891941732394216,4551.505362746781,6,3,1,1,0,0,0,1037337.0
2022-03-28,1037337,51099180.88,49.26,0.5197,0.1024,3.735865727006002,3.7968672349590777,3.883500060966315,14.772099559303417,4524.203890466454,0,3,1,0,0,0,0,1008877.0
2022-03-29,1008877,48406618.04,47.98,0.5341,0.0964,3.638779790767929,3.454732638408318,3.866877942471309,16.962402705730852,4510.111447782087,1,3,1,0,0,0,0,1031673.0
2022-03-30,1031673,52112805.03,50.51,0.5276,0.0998,3.664481820740887,3.5639421440394137,3.9139316303153735,18.046435580227953,4494.688182946243,2,3,1,0,0,0,0,1050874.0
2022-03-31,1050874,53159772.96,50.59,0.514,0.101,3.744165266644264,3.37783305496061,3.8582014937183278,14.805450341096098,4492.191435702055,3,3,1,0,1,1,0,1053195.0
2022-04-01,1053195,53250448.62,50.56,0.5246,0.0981,3.6697027002637737,3.5885321877967815,3.927636106684875,17.211288530826785,4479.503389088217,4,4,2,0,0,0,0,900968.0
2022-04-02,900968,44134391.09,48.99,0.5314,0.1075,3.702484913019877,3.5002934611569305,3.8217609388548257,17.446448141437532,4423.719998822977,5,4,2,1,0,0,0,892498.0
2022-04-03,892498,42715250.88,47.86,0.5339,0.1121,3.7359405941503865,3.69788429406146,3.822977175920582,14.30522800610644,4402.586152868259,6,4,2,1,0,0,0,997838.0
2022-04-04,997838,49131038.72,49.24,0.5263,0.0996,3.6776731931899596,3.481888484447019,3.9118496340706006,17.76117480152005,4399.29217255981,0,4,2,0,0,0,0,950658.0
2022-04-05,950658,47893755.7,50.38,0.5431,0.1068,3.7230906045721124,3.4085619873374458,3.872607088599893,17.881430275106002,4448.784633607529,1,4,2,0,0,0,0,907234.0
2022-04-06,907234,45832129.32,50.52,0.5378,0.099,3.667983290792174,3.505824367123292,3.8538964076337767,16.481664693241644,4538.430702599608,2,4,2,0,0,0,0,1002175.0
2022-04-07,1002175,48458391.02,48.35,0.5252,0.1034,3.6997584058435398,3.385305159570517,3.920651201286155,18.384698069064967,4593.906459760566,3,4,2,0,0,0,0,1029195.0
2022-04-08,1029195,50931257.07,49.49,0.5352,0.1012,3.739073226016312,3.6032407228869667,3.845343218566574,18.271471848974357,4562.553954784371,4,4,2,0,0,0,0,870321.0
2022-04-09,870321,40962478.67,47.07,0.5471,0.109,3.6650310335401244,3.3777445702224886,3.865254821096201,17.057073878151954,4534.661779533107,5,4,2,1,0,0,0,848945.0
2022-04-10,848945,42890547.96,50.52,0.5473,0.1014,3.748838564819011,3.545016122002689,3.9447854775938507,16.416966427241437,4528.753869795287,6,4,2,1,0,0,0,1030606.0
2022-04-11,1030606,49350974.36,47.89,0.5154,0.1116,3.732902774821174,3.376292718026249,3.951340977465402,15.816434141993895,4602.677297023463,0,4,2,0,0,0,0,996941.0
2022-04-12,996941,50100088.18,50.25,0.5185,0.1041,3.7582564762265154,3.5166618264969767,3.9525641169024297,16.963633206600782,4596.428926457619,1,4,2,0,0,0,0,1070410.0
2022-04-13,1070410,50702662.71,47.37,0.5426,0.1018,3.7475818750810728,3.673513722608833,3.8593988124642147,17.717053941938573,4542.431740538474,2,4,2,0,0,0,0,1055205.0
2022-04-14,1055205,53450464.0,50.65,0.5171,0.0982,3.7956591594560796,3.5706429459689955,3.9346016730204325,16.668713800267778,4522.578606302042,3,4,2,0,0,0,0,1058001.0
2022-04-15,1058001,52482358.06,49.61,0.5145,0.1073,3.7485705161165463,3.47244908946274,3.82518082746095,14.444853587277438,4554.092519636496,4,4,2,0,0,0,0,897501.0
2022-04-16,897501,43049403.61,47.97,0.5228,0.1113,3.728853029553035,3.538759574403707,3.8268457641355047,18.62818321348863,4583.057029963121,5,4,2,1,0,0,0,811712.0
2022-04-17,811712,40740093.63,50.19,0.5319,0.1076,3.753388548036076,3.5424142854378116,3.7542310357768325,17.357606192188243,4575.4032976199005,6,4,2,1,0,0,0,1030092.0
2022-04-18,1030092,49736057.19,48.28,0.5266,0.1195,3.7726956072963205,3.578490246324125,3.9549606243652082,16.69713784088962,4604.233352190965,0,4,2,0,0,0,0,1013416.0
2022-04-19,1013416,50983265.07,50.31,0.5211,0.1147,3.7553847285261717,3.4310278280215645,3.827682057054903,18.204360456762398,4511.583804155623,1,4,2,0,0,0,0,1016773.0
2022-04-20,1016773,49606447.37,48.79,0.5209,0.1043,3.757520194035728,3.5874683477702645,3.8641186894226482,19.02815125374607,4516.3919106070425,2,4,2,0,0,0,0,1043433.0
2022-04-21,1043433,48658389.25,46.63,0.5204,0.1043,3.7302825802692077,3.32338788965845,3.824493788398165,13.85883417940428,4552.107627946793,3,4,2,0,0,0,0,1018191.0
2022-04-22,1018191,48624878.36,47.76,0.5188,0.1091,3.7343114127038035,3.4890144913512757,3.9043333579305757,17.76451336255126,4518.70465595221,4,4,2,0,0,0,0,1001040.0
2022-04-23,1001040,48649874.84,48.6,0.5503,0.1014,3.7071878797896134,3.499999160300822,3.8503588904129398,15.553409896001508,4485.4067508767885,5,4,2,1,0,0,0,860125.0
2022-04-24,860125,44135062.27,51.31,0.5305,0.1135,3.8357392005694497,3.589372798805453,3.8034655799837065,17.88603385564568,4411.267508369763,6,4,2,1,0,0,0,1040773.0
2022-04-25,1040773,52691130.57,50.63,0.5363,0.1087,3.7184649997191164,3.540152475176852,3.8903557623233245,17.462043841354213,4475.428499087588,0,4,2,0,0,0,0,976862.0
2022-04-26,976862,50529224.51,51.73,0.5226,0.1081,3.7429660367129145,3.425522082762138,3.79615268668591,18.09254798902796,4447.098020054678,1,4,2,0,0,0,0,1039542.0
2022-04-27,1039542,53833461.38,51.79,0.5256,0.1108,3.744407945673215,3.458782559914448,3.825535785547255,16.75143637703713,4457.3403066844985,2,4,2,0,0,0,0,1051717.0
2022-04-28,1051717,51027369.9,48.52,0.5203,0.1171,3.8114024381119753,3.553081053682051,3.761628816129466,15.123212561897407,4482.220922893334,3,4,2,0,0,0,0,1018765.0
2022-04-29,1018765,49972967.85,49.05,0.5008,0.1079,3.766267896497499,3.5304556660570965,3.7953428687607307,16.850933334873325,4544.230980800395,4,4,2,0,0,0,0,941072.0
2022-04-30,941072,45861461.6,48.73,0.5135,0.1062,3.8304351396841114,3.4900352804858463,3.8750350243412117,17.899571579912926,4538.53710777901,5,4,2,1,1,0,0,815884.0
2022-05-01,815884,39454297.24,48.36,0.5092,0.116,3.7560445161134752,3.497472415414526,3.767449831131286,18.64950678559651,4517.149916613505,6,5,2,1,0,0,0,973823.0
2022-05-02,973823,45397264.87,46.62,0.5048,0.1129,3.79660166155269,3.591196219534602,3.791187676612145,16.044219896075333,4524.786095571047,0,5,2,0,0,0,0,994481.0
2022-05-03,994481,49099984.71,49.37,0.5153,0.1052,3.754484795018354,3.493640785679285,3.864695096602449,18.701968935540755,4577.983201492009,1,5,2,0,0,0,0,1031427.0
2022-05-04,1031427,48973164.07,47.48,0.5404,0.1072,3.8761604107953835,3.5275520532811147,3.8372020142651726,16.710823790299397,4571.578736784572,2,5,2,0,0,0,0,992129.0
2022-05-05,992129,48984148.17,49.37,0.5267,0.1084,3.7453052221744607,3.7077271899736344,3.9635532321592377,17.941677342908523,4533.056616835822,3,5,2,0,0,0,0,1050485.0
2022-05-06,1050485,55268455.63,52.61,0.54,0.1095,3.8076556034972544,3.4197603105055587,3.9552154813182194,16.913022244000523,4471.22045689104,4,5,2,0,0,0,0,829852.0
2022-05-07,829852,40404872.81,48.69,0.5312,0.0993,3.8230663274887067,3.3850199097359486,3.8196939848285076,17.761345559736885,4422.92646591902,5,5,2,1,0,0,0,800016.0
2022-05-08,800016,39808786.8,49.76,0.5348,0.0982,3.81671851235884,3.5953566566945856,3.89051663125093,18.63052590367713,4458.05702836853,6,5,2,1,0,0,0,1010315.0
2022-05-09,1010315,51366751.09,50.84,0.518,0.1022,3.795205115325031,3.477869942761238,3.8996936972683542,16.105071740990603,4445.798194074457,0,5,2,0,0,0,0,989276.0
2022-05-10,989276,49381931.47,49.92,0.5322,0.1018,3.799872601815067,3.50618403926276,3.8319256108478394,16.77849928358465,4422.140441090523,1,5,2,0,0,0,0,1012695.0
2022-05-11,1012695,50584068.82,49.95,0.5342,0.1038,3.8092653895411552,3.468621935766586,3.7865926151686202,17.832918943102474,4394.317955836295,2,5,2,0,0,0,0,972648.0
2022-05-12,972648,47642242.77,48.98,0.5211,0.1116,3.804079001952218,3.50979159135862,3.8603250505655837,20.509119421074324,4398.264511710919,3,5,2,0,0,0,0,974714.0
2022-05-13,974714,47948240.41,49.19,0.5324,0.1068,3.850959006245323,3.6579095619058486,3.851868102176216,16.60732227228536,4389.377075872296,4,5,2,0,0,0,0,839457.0
2022-05-14,839457,40389796.02,48.11,0.5324,0.1091,3.903268087038273,3.5936374556048327,3.838292695038462,20.106915237795622,4379.180517549952,5,5,2,1,0,0,0,846348.0
2022-05-15,846348,43026223.03,50.84,0.5212,0.1007,3.794989344408092,3.5978754837436653,3.8817674077631312,20.079339015449264,4433.272845740337,6,5,2,1,0,0,0,978642.0
2022-05-16,978642,45967192.44,46.97,0.5154,0.1053,3.764937226425687,3.415019622644865,3.8216858285600406,17.57220409661641,4495.6619734681235,0,5,2,0,0,0,0,982853.0
2022-05-17,982853,50177977.79,51.05,0.5147,0.1117,3.8186368319246258,3.4356354357734045,3.8011932659377994,17.345808985163274,4431.577029769123,1,5,2,0,0,0,0,975877.0
2022-05-18,975877,46359324.99,47.51,0.5274,0.1118,3.9277936514980967,3.3000011559350266,3.8638182060270347,16.88739463461438,4445.252737048744,2,5,2,0,0,0,0,1028586.0
2022-05-19,1028586,52528641.45,51.07,0.5297,0.104,3.7948938126777394,3.461766466841111,3.8772335462222096,17.64997525691799,4414.868085160342,3,5,2,0,0,0,0,1002667.0
2022-05-20,1002667,49239108.43,49.11,0.5185,0.1094,3.895039295634657,3.6024324448386964,3.798673838647236,16.05736324747689,4405.601457561268,4,5,2,0,0,0,0,957299.0
2022-05-21,957299,45763673.79,47.8,0.5266,0.1216,3.8990147519195384,3.566620946180614,3.903481711243049,17.66720920365408,4418.4700760597425,5,5,2,1,0,0,0,857332.0
2022-05-22,857332,43325812.28,50.54,0.532,0.1084,3.8121935108120684,3.5069029807948704,3.768124259860989,19.56788137035594,4410.607061497579,6,5,2,1,0,0,0,965938.0
2022-05-23,965938,49333993.77,51.07,0.5324,0.1044,3.8595248671853675,3.5221886225840477,3.8273138118393573,17.05090996153769,4420.3545284767,0,5,2,0,0,0,0,1108898.0
2022-05-24,1108898,54377226.33,49.04,0.5417,0.1076,3.904328052090502,3.4682001967870657,3.8428902488834513,17.507586305694314,4447.802606793393,1,5,2,0,0,0,0,1016667.0
2022-05-25,1016667,51635436.95,50.79,0.5389,0.1093,3.8264518174487154,3.5390199423773088,3.823550694953421,15.766985280214923,4460.206338124822,2,5,2,0,0,0,0,1029138.0
2022-05-26,1029138,47642987.05,46.29,0.516,0.1079,3.835896506520085,3.5832274879338155,3.8266800670132093,18.26878022881533,4434.909815658898,3,5,2,0,0,0,0,1014563.0
2022-05-27,1014563,48449872.55,47.75,0.5428,0.1087,3.8231932892276275,3.3919940843869423,3.9480580215145866,18.14848770821111,4410.457313662324,4,5,2,0,0,0,0,885541.0
2022-05-28,885541,45771401.55,51.69,0.5206,0.1003,3.808289029534272,3.5445344583399105,3.811531287803032,17.918407210291015,4354.261657377772,5,5,2,1,0,0,0,880596.0
2022-05-29,880596,43525129.15,49.43,0.5363,0.1033,3.8253248951202625,3.5944448694641427,3.975707753075738,17.592276024637933,4321.505857090214,6,5,2,1,0,0,0,940842.0
2022-05-30,940842,44203149.4,46.98,0.5264,0.1082,3.8047529666498208,3.4859193203986796,3.8750741523196184,17.511311233379757,4399.086061971889,0,5,2,0,0,0,0,999353.0
2022-05-31,999353,48709433.36,48.74,0.5215,0.1082,3.857486335721705,3.5744504904763907,3.857391680252305,18.47470018873775,4368.427799974426,1,5,2,0,1,0,0,911111.0
2022-06-01,911111,44113732.78,48.42,0.5075,0.1059,3.827734283718514,3.742823736626863,3.8761720069161503,17.84728490335515,4322.341601528762,2,6,2,0,0,0,0,963439.0
2022-06-02,963439,47754752.13,49.57,0.5238,0.1083,3.870292618715777,3.5085507463704384,3.978427390652499,18.268920602725075,4335.388839967049,3,6,2,0,0,0,0,941550.0
2022-06-03,941550,46393016.43,49.27,0.5099,0.1098,3.8011110360013296,3.5475993796332,3.801822307437348,18.15766680138408,4331.668553549662,4,6,2,0,0,0,0,855026.0
2022-06-04,855026,42845977.73,50.11,0.535,0.1148,3.8789854180693393,3.456316760049611,3.795051949189203,19.256175725595366,4324.63353491666,5,6,2,1,0,0,0,855079.0
2022-06-05,855079,42541257.06,49.75,0.5405,0.109,3.901492338504547,3.5290778046483138,3.812900348562452,18.728472968898462,4380.416822634605,6,6,2,1,0,0,0,996111.0
2022-06-06,996111,51706264.42,51.91,0.5172,0.112,3.7908003069279905,3.550605709123866,3.851821547577966,18.155171907049077,4402.714268810988,0,6,2,0,0,0,0,978452.0
2022-06-07,978452,49429789.79,50.52,0.5282,0.1065,3.887908086353252,3.528567525517163,3.763496477376388,19.753141458612642,4382.35670180133,1,6,2,0,0,0,0,945203.0
2022-06-08,945203,47809309.23,50.58,0.5178,0.1132,3.924446169537394,3.4305905729697797,3.850472543616225,18.442293427374405,4366.238331146202,2,6,2,0,0,0,0,955012.0
2022-06-09,955012,49331257.57,51.66,0.5187,0.1121,3.8293448077420957,3.5278511112774167,3.9336033842284586,19.510500644859246,4347.122790731342,3,6,2,0,0,0,0,1008776.0
2022-06-10,1008776,49770046.09,49.34,0.5326,0.1151,3.94702179201967,3.6274837364585504,3.85606673422803,18.67908809113748,4382.076218359276,4,6,2,0,0,0,0,902809.0
2022-06-11,902809,43371103.73,48.04,0.5244,0.1143,3.8992654714293673,3.545554745365304,3.833432313603392,15.746302239338679,4370.534151222499,5,6,2,1,0,0,0,784115.0
2022-06-12,784115,40582784.58,51.76,0.5421,0.1136,3.8566873748487653,3.5857686238118047,3.816728664300334,19.527891018582075,4301.152149664686,6,6,2,1,0,0,0,904285.0
2022-06-13,904285,45360859.04,50.16,0.5198,0.1096,3.885037504595936,3.4889844080886623,3.892132244206323,18.12942037441193,4299.86780964655,0,6,2,0,0,0,0,940144.0
2022-06-14,940144,47176413.33,50.18,0.5345,0.1117,3.91197900052988,3.567063065548584,3.805484858480428,17.909617627165886,4241.374658551614,1,6,2,0,0,0,0,1018338.0
2022-06-15,1018338,49932675.78,49.03,0.5254,0.1167,3.895060990845275,3.528528129334835,3.9386659912337554,18.31397024776053,4326.167480944005,2,6,2,0,0,0,0,1030978.0
2022-06-16,1030978,50590796.36,49.07,0.5323,0.1065,3.9159430180359087,3.4292194867360664,3.942583734646831,17.56639530693066,4289.31791194042,3,6,2,0,0,0,0,931217.0
2022-06-17,931217,47751376.42,51.28,0.5198,0.1067,3.8599349469399162,3.5298696673483403,3.8583226874632635,18.256466233057928,4283.660051621259,4,6,2,0,0,0,0,862695.0
2022-06-18,862695,44426819.4,51.5,0.5237,0.1116,3.9059025023439333,3.4241379071275926,3.844478635939394,17.277070142765577,4294.214431602112,5,6,2,1,0,0,0,920918.0
2022-06-19,920918,47159061.16,51.21,0.5229,0.1131,3.8449426918736016,3.4519188954963114,3.896156460559441,19.5193710286016,4283.660450627503,6,6,2,1,0,0,0,992990.0
2022-06-20,992990,50875528.46,51.23,0.5156,0.1058,3.899402412602174,3.5167612963570036,3.8989323066143795,17.856494361806845,4273.080337380515,0,6,2,0,0,0,0,1041504.0
2022-06-21,1041504,53023954.94,50.91,0.5305,0.1103,3.8700522709740994,3.5244503381843146,3.8034615325294787,17.53588802148534,4289.923545222501,1,6,2,0,0,0,0,1027510.0
2022-06-22,1027510,51649624.05,50.27,0.5303,0.1103,3.8791413961498793,3.4045780274482,3.8170019210114763,16.886898874454527,4349.855084902473,2,6,2,0,0,0,0,930086.0
2022-06-23,930086,46335457.12,49.82,0.5296,0.0976,3.9603571911461484,3.583071392330604,3.7767806804179807,18.320794700584088,4380.609886674431,3,6,2,0,0,0,0,963391.0
2022-06-24,963391,50008654.27,51.91,0.539,0.1097,3.956913549776398,3.543539030657949,3.862919484449666,18.223878911207425,4439.903315886658,4,6,2,0,0,0,0,844257.0
2022-06-25,844257,41828568.44,49.54,0.538,0.1101,3.9399711186520534,3.4404163575083966,3.8753656230886486,18.466179424617078,4398.885526041687,5,6,2,1,0,0,0,859487.0
2022-06-26,859487,43552113.59,50.67,0.5196,0.1102,3.874254257710868,3.3727940735327304,3.7741057396172644,16.767720169159357,4412.078302996811,6,6,2,1,0,0,0,1026521.0
2022-06-27,1026521,50220492.78,48.92,0.527,0.1197,3.907628288037039,3.4832048517573795,3.818409665388606,16.078990847667793,4418.859390650867,0,6,2,0,0,0,0,989766.0
2022-06-28,989766,48648766.54,49.15,0.5169,0.104,3.9711430326804273,3.4581082330626436,3.7733742958087046,18.750737334614897,4433.4592556958805,1,6,2,0,0,0,0,834045.0
2022-06-29,834045,41533894.51,49.8,0.5233,0.1064,3.9306188985576256,3.5018116456768076,3.795364169688387,19.78085152336358,4489.337495125813,2,6,2,0,0,0,0,920213.0
2022-06-30,920213,45051831.13,48.96,0.517,0.0958,4.020051057424572,3.462677937907501,3.8674219647934374,16.76654496432916,4481.048780763514,3,6,2,0,1,1,0,856957.0
2022-07-01,856957,44023802.44,51.37,0.5391,0.1086,3.945334757570743,3.3300877825586093,3.802763738810545,19.904021926204518,4465.346702397262,4,7,3,0,0,0,0,839067.0
2022-07-02,839067,40413541.01,48.16,0.5264,0.1092,3.939604649122739,3.458563852378933,3.823963049294476,18.33554440965289,4487.483791634408,5,7,3,1,0,0,0,844287.0
2022-07-03,844287,42507424.69,50.35,0.5205,0.1086,3.9218750966745732,3.4641195867552863,3.7572050361432923,17.98417079139639,4416.855243580412,6,7,3,1,0,0,0,806051.0
2022-07-04,806051,40631702.56,50.41,0.5345,0.1184,3.941894850610963,3.538189755049902,3.847486174961869,17.513020151610515,4408.066344261192,0,7,3,0,0,0,1,928291.0
2022-07-05,928291,44098120.28,47.5,0.5007,0.117,3.93276422670074,3.430558923102171,3.835488802998829,16.32572732126947,4403.362114704973,1,7,3,0,0,0,0,983301.0
2022-07-06,983301,48742686.94,49.57,0.5022,0.1124,3.9694934777591233,3.6196171791554144,3.8008200697666,19.169132528757306,4367.651079530092,2,7,3,0,0,0,0,1000755.0
2022-07-07,1000755,50664874.11,50.63,0.5302,0.1097,3.9817395970190175,3.3312905715839025,3.8273826356944682,17.049480101168626,4410.020313113555,3,7,3,0,0,0,0,908744.0
2022-07-08,908744,46252548.98,50.9,0.5227,0.1182,3.9143305211064536,3.5880041461592382,3.845413164307396,17.040430355517564,4368.674912637317,4,7,3,0,0,0,0,761644.0
2022-07-09,761644,38050695.73,49.96,0.5245,0.112,3.894815556577311,3.4640444982127314,3.7952198303814217,19.16214301925649,4363.950333515266,5,7,3,1,0,0,0,844383.0
2022-07-10,844383,43309520.95,51.29,0.5086,0.1073,3.876907573579096,3.549626432855005,3.7617146725465993,15.70752818566815,4376.096455550727,6,7,3,1,0,0,0,1050913.0
2022-07-11,1050913,52674742.99,50.12,0.5215,0.102,3.972962452621982,3.4861037656876315,3.9253708242952268,16.13371306451753,4430.353498563564,0,7,3,0,0,0,0,1038672.0
2022-07-12,1038672,52263944.36,50.32,0.5417,0.1097,3.9107912023601705,3.5697344898116325,3.8029925080372156,17.934838258321133,4430.559080653203,1,7,3,0,0,0,0,988925.0
2022-07-13,988925,50124383.31,50.69,0.5297,0.1169,3.8710893248260674,3.4464219054491845,3.8293819132089335,18.30275804454614,4468.6787211715455,2,7,3,0,0,0,0,927910.0
2022-07-14,927910,47981629.0,51.71,0.5231,0.1261,3.9750231484914966,3.3883524799309885,3.8843254115662638,18.526365937496077,4497.58217241495,3,7,3,0,0,0,0,999144.0
2022-07-15,999144,49273604.29,49.32,0.5169,0.1129,4.061470973656386,3.5887041641218653,4.009799418940393,17.576045955140508,4503.221844071905,4,7,3,0,0,0,0,798102.0
2022-07-16,798102,39593544.51,49.61,0.5172,0.108,3.963775037185084,3.4647975530266333,3.7706852971413105,20.96782172600212,4459.915083110328,5,7,3,1,0,0,0,798347.0
2022-07-17,798347,39395959.16,49.35,0.4997,0.1056,3.999820236611942,3.490403363288218,3.854963662829108,17.650737381723054,4403.329465275615,6,7,3,1,0,0,0,865948.0
2022-07-18,865948,43178143.45,49.86,0.5235,0.1161,3.971812322630445,3.5702520374314446,3.796657090001296,17.639754049950465,4408.181150318681,0,7,3,0,0,0,0,973761.0
2022-07-19,973761,51132364.51,52.51,0.5292,0.1023,3.9668378749603073,3.3876992034046527,3.8046573080356905,16.95246350317922,4387.329717562557,1,7,3,0,0,0,0,932177.0
2022-07-20,932177,47764834.84,51.24,0.5049,0.1162,4.009806562940607,3.5166691942298693,3.795148055422133,18.049349441270437,4424.411284461194,2,7,3,0,0,0,0,964918.0
2022-07-21,964918,46986171.92,48.69,0.5139,0.1179,3.963678253823412,3.420603224638272,3.774437452907856,18.630094921513734,4454.849391094888,3,7,3,0,0,0,0,852009.0
2022-07-22,852009,42174840.94,49.5,0.5088,0.1157,3.988226309379688,3.4559767447180425,3.828216887132458,19.327584620255475,4448.092238255861,4,7,3,0,0,0,0,849567.0
2022-07-23,849567,43302633.8,50.97,0.5106,0.1118,3.9926355194843217,3.4710787261590834,3.7561172814442445,16.08697175119107,4402.6192100856215,5,7,3,1,0,0,0,727615.0
2022-07-24,727615,35697670.46,49.06,0.5207,0.1166,3.9552765487628667,3.3440154262609045,3.8767434589719536,17.569416024732625,4423.539839477812,6,7,3,1,0,0,0,1009564.0
2022-07-25,1009564,49814678.61,49.34,0.4992,0.1143,4.023909949996255,3.400453651511672,3.831713594265849,18.39083140344304,4383.830608763163,0,7,3,0,0,0,0,981101.0
2022-07-26,981101,51466541.61,52.46,0.526,0.1087,3.9794534445941956,3.569564582902997,3.849645262657365,18.54911544836946,4354.636648684174,1,7,3,0,0,0,0,949863.0
2022-07-27,949863,47046805.92,49.53,0.5273,0.1245,3.9584410575049054,3.5310829035571794,3.8047738475233692,17.84205064702318,4317.044824466419,2,7,3,0,0,0,0,984633.0
2022-07-28,984633,51094319.04,51.89,0.5171,0.1114,4.012345697389454,3.453876043483693,3.809282540975566,18.47433741127371,4312.2917403169995,3,7,3,0,0,0,0,924265.0
2022-07-29,924265,48387331.48,52.35,0.4947,0.1182,3.9571563955722637,3.4770274559152385,3.841580085929753,16.841603147100077,4358.5801519684555,4,7,3,0,0,0,0,828140.0
2022-07-30,828140,40892291.73,49.38,0.5094,0.0992,3.996427504601006,3.4327193411121533,3.7685582034836695,19.67047675570648,4359.016020175804,5,7,3,1,0,0,0,861300.0
2022-07-31,861300,42335545.05,49.15,0.5315,0.1214,3.9971359351338,3.5634573921954016,3.808419747354759,18.980478328866084,4342.294874204849,6,7,3,1,1,0,0,822649.0
2022-08-01,822649,41200809.22,50.08,0.4913,0.1226,4.0431322086613095,3.4375653372538806,3.782896815046444,16.163454527599686,4283.704982973919,0,8,3,0,0,0,0,940374.0
2022-08-02,940374,45959415.6,48.87,0.5154,0.1141,4.020875221951369,3.470794600594937,3.780906957785932,16.475001584467446,4305.673124005438,1,8,3,0,0,0,0,959041.0
2022-08-03,959041,48620656.75,50.7,0.507,0.1173,4.003072297861049,3.542574227587629,3.719501078047403,16.496296088160786,4276.163210409793,2,8,3,0,0,0,0,941657.0
2022-08-04,941657,47286412.7,50.22,0.5267,0.1174,4.038965250251516,3.3873375989427,3.891516593842194,18.5533684272685,4281.315751687179,3,8,3,0,0,0,0,1024621.0
2022-08-05,1024621,52331991.78,51.07,0.5117,0.1102,4.064039222492754,3.572856899031701,3.789780281923971,16.18506478736739,4268.315353480813,4,8,3,0,0,0,0,777424.0
2022-08-06,777424,40921980.58,52.64,0.5224,0.1175,4.032914717037122,3.3243342691949898,3.8818326569334616,17.31618026876623,4301.26800681754,5,8,3,1,0,0,0,791442.0
2022-08-07,791442,40978917.7,51.78,0.5239,0.1094,4.013182817807294,3.575750967887501,3.8766597827326743,18.245470489710556,4295.8181894649015,6,8,3,1,0,0,0,871626.0
2022-08-08,871626,44709095.2,51.29,0.5364,0.1107,3.9624566580592706,3.4141649906546294,3.758476170289592,17.606593211830706,4294.174109266079,0,8,3,0,0,0,0,1023455.0
2022-08-09,1023455,48736533.39,47.62,0.5159,0.1211,3.97448190356342,3.423153629157463,3.767911257875742,17.98258318403885,4313.625648773873,1,8,3,0,0,0,0,953170.0
2022-08-10,953170,48842644.21,51.24,0.5215,0.1203,4.007028715479592,3.2899502858984198,3.9499123054445406,16.37864715183607,4396.853979584115,2,8,3,0,0,0,0,933311.0
2022-08-11,933311,49623856.89,53.17,0.5028,0.1103,3.997003342568134,3.403340199429226,3.9089884649001316,18.35690237091163,4432.809614525727,3,8,3,0,0,0,0,959254.0
2022-08-12,959254,44200866.5,46.08,0.5294,0.1102,4.0160459417287555,3.355103066062958,3.819420923763813,16.892472503302518,4429.934120760676,4,8,3,0,0,0,0,857529.0
2022-08-13,857529,44279851.45,51.64,0.5097,0.1108,4.027926553152494,3.388230855284211,3.8334198565194724,17.22382461134393,4430.720944210438,5,8,3,1,0,0,0,840461.0
2022-08-14,840461,42335452.09,50.37,0.5116,0.1191,4.04897879084005,3.4244038510679076,3.7885629018560443,17.88348881625811,4410.498198973734,6,8,3,1,0,0,0,1073280.0
2022-08-15,1073280,52960162.87,49.34,0.5168,0.1088,4.027096379505296,3.510549442617991,3.8412765465002696,17.70655792408118,4373.602450329084,0,8,3,0,0,0,0,976015.0
2022-08-16,976015,50585581.81,51.83,0.5013,0.117,4.051496335215098,3.449063015336464,3.783353171519074,17.59611436103632,4352.549958361489,1,8,3,0,0,0,0,939690.0
2022-08-17,939690,49991101.12,53.2,0.519,0.1194,4.036729837350822,3.4555887910764223,3.717147600129008,16.650892038603004,4323.055278236985,2,8,3,0,0,0,0,936260.0
2022-08-18,936260,48503680.46,51.81,0.5263,0.1145,3.9572414056235217,3.341844326529452,3.752240185925477,17.176333556337433,4349.203983137073,3,8,3,0,0,0,0,940230.0
2022-08-19,940230,47099874.14,50.09,0.5194,0.1212,4.000790440201224,3.35752810624728,3.8189249638117793,17.522416160131613,4308.123717899789,4,8,3,0,0,0,0,764814.0
2022-08-20,764814,37661994.72,49.24,0.5004,0.1133,4.034698685667573,3.5703803575550186,3.7608689792636354,15.85356311363214,4360.784774896115,5,8,3,1,0,0,0,833195.0
2022-08-21,833195,42395599.47,50.88,0.5149,0.114,3.9941672386772704,3.3661515930711947,3.813610145100786,16.932374626441646,4391.06320739233,6,8,3,1,0,0,0,987191.0
2022-08-22,987191,51317719.78,51.98,0.5234,0.1094,4.06863949110153,3.5559410833295026,3.762792305653592,17.936271357329275,4392.53762528407,0,8,3,0,0,0,0,936325.0
2022-08-23,936325,46910594.46,50.1,0.4971,0.1215,4.107954126366883,3.402467732819254,3.7769586620781723,15.92167927580756,4393.215647313253,1,8,3,0,0,0,0,912405.0
2022-08-24,912405,45851270.13,50.25,0.5049,0.1109,4.097550720799356,3.4205553583933064,3.858285284774039,18.825969723240515,4371.899898305726,2,8,3,0,0,0,0,1016293.0
2022-08-25,1016293,55824084.89,54.93,0.5243,0.1176,4.042333053049089,3.504452751504038,3.827551368174294,18.94501212601776,4383.206188790933,3,8,3,0,0,0,0,897750.0
2022-08-26,897750,46971509.63,52.32,0.5181,0.1152,4.112564667206326,3.519017699488841,3.814244100614324,15.91065164831917,4427.015269039734,4,8,3,0,0,0,0,725874.0
2022-08-27,725874,38061761.26,52.44,0.5193,0.1093,4.0609414719390005,3.4068356515234375,3.8582251602726063,19.01730008235302,4399.7590658000045,5,8,3,1,0,0,0,776785.0
2022-08-28,776785,37695237.81,48.53,0.5337,0.1121,4.043564750366955,3.3830671781855215,3.8378566898214275,17.199167935878073,4340.120535716385,6,8,3,1,0,0,0,885578.0
2022-08-29,885578,43981265.8,49.66,0.5196,0.1241,4.034559727632395,3.408070600406768,3.8857033814333395,17.856995558203145,4368.345074726988,0,8,3,0,0,0,0,977859.0
2022-08-30,977859,49717918.35,50.84,0.5213,0.1171,4.049038887029228,3.4379901325022466,3.789930868279928,16.74213051166019,4381.788457260166,1,8,3,0,0,0,0,935020.0
2022-08-31,935020,46037361.74,49.24,0.5417,0.1099,4.047646603557826,3.480658831958746,3.7909903544689345,18.429139961944433,4338.500996981474,2,8,3,0,1,0,0,704183.0
2022-09-01,704183,37424391.92,53.15,0.5123,0.1178,4.072020454839204,3.4080856782224123,3.7469645692559967,17.792234130996803,4310.622743054551,3,9,3,0,0,0,0,770373.0
2022-09-02,770373,40727605.27,52.87,0.5063,0.1152,4.073650989198691,3.4556427247247177,3.790118582812545,16.311454110543057,4278.081835598014,4,9,3,0,0,0,0,590130.0
2022-09-03,590130,29481827.56,49.96,0.5184,0.1369,4.069368155874229,3.5355769431278348,3.859353356210154,15.873815538167563,4250.933205196191,5,9,3,1,0,0,0,658649.0
2022-09-04,658649,35198792.85,53.44,0.5183,0.1179,4.0887361549980055,3.433381123108784,3.875661129450786,15.503440615942047,4239.224157041875,6,9,3,1,0,0,0,781510.0
2022-09-05,781510,39673404.85,50.77,0.5085,0.114,4.120890787498201,3.4261686519790064,3.858223574970979,17.46522827365703,4229.723046410688,0,9,3,0,0,0,0,694195.0
2022-09-06,694195,37945992.82,54.66,0.5033,0.1249,4.113247372712878,3.2780755407588424,3.720044935248433,17.910731639128628,4205.675159206331,1,9,3,0,0,0,0,749586.0
2022-09-07,749586,38229681.3,51.0,0.5365,0.1054,4.017863489369759,3.187473927324527,3.863457657428337,17.989190849358913,4177.726215106139,2,9,3,0,0,0,0,707465.0
2022-09-08,707465,36543741.75,51.65,0.5165,0.117,3.977090661286594,3.4273383109253572,3.7169199900263816,17.050945096168896,4169.783572280039,3,9,3,0,0,0,0,762213.0
2022-09-09,762213,40318120.45,52.9,0.5058,0.1285,4.118602267413339,3.3870102460174443,3.8532969679659796,15.788868250277051,4176.734487546694,4,9,3,0,0,0,0,552759.0
2022-09-10,552759,29140748.04,52.72,0.5221,0.1159,4.028530121164971,3.3517335551126064,3.789546712210492,16.343794913692037,4165.514141138647,5,9,3,1,0,0,0,744072.0
2022-09-11,744072,38374975.72,51.57,0.5117,0.1063,4.076184253378983,3.4107106579446556,3.8426070972920057,18.530431637425938,4209.840154042439,6,9,3,1,0,0,0,942652.0
2022-09-12,942652,47700349.36,50.6,0.5101,0.1144,4.040333719548503,3.384700139189136,3.7404021636348554,16.551725335817995,4229.800109498137,0,9,3,0,0,0,0,914288.0
2022-09-13,914288,47168970.75,51.59,0.5181,0.1255,4.017016133785209,3.478051212621615,3.8651267686106974,17.29141566948482,4170.328031925786,1,9,3,0,0,0,0,939156.0
2022-09-14,939156,46583174.66,49.6,0.4994,0.1191,4.112704679665394,3.3930062121535305,3.732863112293116,15.814969210966424,4190.693057876556,2,9,3,0,0,0,0,944983.0
2022-09-15,944983,48250019.91,51.06,0.5156,0.1119,4.1233568739520905,3.32464426125404,3.7722322235530545,17.496517948470327,4214.260842867808,3,9,3,0,0,0,0,990837.0
2022-09-16,990837,48721883.8,49.17,0.5311,0.1129,4.071868395684374,3.4618844721799147,3.755293014307304,16.530732425381583,4198.469678186854,4,9,3,0,0,0,0,804788.0
2022-09-17,804788,38767019.79,48.17,0.5164,0.1137,3.993218881003549,3.3635660403208028,3.71702593701626,18.323846787230977,4143.0081416010735,5,9,3,1,0,0,0,783996.0
2022-09-18,783996,39923219.77,50.92,0.5078,0.1193,4.076936142385524,3.421317155346609,3.809008649649032,17.984436411436064,4143.968285360432,6,9,3,1,0,0,0,942812.0
2022-09-19,942812,49729297.54,52.75,0.5064,0.1252,4.116376984873554,3.3392514366286314,3.894128476742902,16.450270699955478,4144.3415039551855,0,9,3,0,0,0,0,923520.0
2022-09-20,923520,48250346.83,52.25,0.5072,0.1236,4.043460793247331,3.323700630159672,3.9367106898655067,16.882684816046186,4103.371066533566,1,9,3,0,0,0,0,916925.0
2022-09-21,916925,46524397.05,50.74,0.5085,0.1201,4.111857581632095,3.3806551801792017,3.8077642846957445,16.363558287343675,4050.7738782297597,2,9,3,0,0,0,0,891421.0
2022-09-22,891421,47680224.68,53.49,0.5071,0.1094,4.1058101879415085,3.3731754446021194,3.8582812847849017,15.312486623498701,4048.2324353699914,3,9,3,0,0,0,0,963033.0
2022-09-23,963033,48169625.21,50.02,0.5199,0.1095,4.131487078129204,3.4087552758048494,3.8135923381486805,15.978518100522189,4040.398652723641,4,9,3,0,0,0,0,799607.0
2022-09-24,799607,38381356.41,48.0,0.4932,0.1207,4.114984879454285,3.3470899791952857,3.8264718112018197,17.237728622640855,4025.902078851494,5,9,3,1,0,0,0,871533.0
2022-09-25,871533,41492423.49,47.61,0.519,0.1095,4.073158535380595,3.2198779882062545,3.7839599245953073,17.383417745638436,4023.53013539418,6,9,3,1,0,0,0,889726.0
2022-09-26,889726,43698453.3,49.11,0.5064,0.1163,4.161817134719973,3.3303626351765576,3.8103605701012957,17.165466560591618,3984.438303426762,0,9,3,0,0,0,0,932631.0
2022-09-27,932631,48604745.79,52.12,0.5138,0.1196,4.109479398547998,3.426680480451137,3.8270196872683755,16.620141902485628,3969.519149185983,1,9,3,0,0,0,0,1033480.0
2022-09-28,1033480,51615092.25,49.94,0.4986,0.111,4.116588003947057,3.3375680951750444,3.770761455896278,18.09787033453042,3989.2658670510677,2,9,3,0,0,0,0,915371.0
2022-09-29,915371,47224872.79,51.59,0.523,0.1117,4.0822023407567665,3.3398234481304736,3.795348080331585,17.051413489557408,3977.3674181251718,3,9,3,0,0,0,0,940777.0
2022-09-30,940777,50212264.01,53.37,0.522,0.1174,4.103647884716732,3.4366129793703593,3.79583930566133,17.817093158026456,3918.6036671647594,4,9,3,0,1,1,0,832437.0
2022-10-01,832437,41003978.97,49.26,0.5189,0.121,4.087826396647276,3.298906578601283,3.839618657700638,14.843785917594117,3902.605750803287,5,10,4,1,0,0,0,840570.0
2022-10-02,840570,43398380.73,51.63,0.494,0.1244,4.118133181030409,3.230594636293803,3.74453422807666,12.265715981484153,3865.831120191857,6,10,4,1,0,0,0,1071842.0
2022-10-03,1071842,55440344.41,51.72,0.5173,0.1218,4.195345041832539,3.3393157802178477,3.794795736339297,17.314626290838046,3875.7721542442496,0,10,4,0,0,0,0,1022706.0
2022-10-04,1022706,50755553.27,49.63,0.5129,0.1186,4.073819470525479,3.311572688927907,3.8925097963315367,15.267102782251795,3887.5485492994335,1,10,4,0,0,0,0,1014626.0
2022-10-05,1014626,53729409.06,52.95,0.4926,0.1138,4.065964982026918,3.271140234278667,3.8546488733477173,16.725930198808317,3830.5731975212057,2,10,4,0,0,0,0,929082.0
2022-10-06,929082,46914652.19,50.5,0.5082,0.1119,4.191159254723085,3.332536038357888,3.8634408284878323,16.623770289146275,3857.4662820467597,3,10,4,0,0,0,0,1011370.0
2022-10-07,1011370,50927779.42,50.36,0.5119,0.1153,4.12573755433185,3.384006222469753,3.79673914663998,18.898000615670256,3819.6783701736695,4,10,4,0,0,0,0,925774.0
2022-10-08,925774,50086041.36,54.1,0.5137,0.1209,4.109138682143478,3.3420552634554217,3.811102780464733,17.48142314240538,3874.2982103512877,5,10,4,1,0,0,0,924749.0
2022-10-09,924749,47829824.74,51.72,0.5097,0.1205,4.179281874532772,3.3654625748485216,3.844699728146937,17.210295989360855,3873.2407944905317,6,10,4,1,0,0,0,1027869.0
2022-10-10,1027869,53787428.84,52.33,0.5107,0.106,4.115238140701511,3.4840756498494763,3.872135384543047,18.027079807168896,3830.6725620046645,0,10,4,0,0,0,0,951891.0
2022-10-11,951891,50428056.88,52.98,0.5223,0.1139,4.214273181060527,3.3096649157670557,3.69607682226243,17.477957645853294,3792.135145455677,1,10,4,0,0,0,0,1021921.0
2022-10-12,1021921,51067244.46,49.97,0.5196,0.1259,4.170112787875329,3.357448593667922,3.727418934861859,16.501321109261433,3804.6695214962297,2,10,4,0,0,0,0,1029582.0
2022-10-13,1029582,54387991.61,52.83,0.4785,0.1192,4.125235163012033,3.292522441450824,3.8581969109622927,18.352838847126215,3791.928903358743,3,10,4,0,0,0,0,930787.0
2022-10-14,930787,46726165.93,50.2,0.5039,0.1103,4.232792695771326,3.2636229118467988,3.7784136180735484,15.753721887673352,3789.267387973185,4,10,4,0,0,0,0,824647.0
2022-10-15,824647,41347379.64,50.14,0.5052,0.133,4.124013375820542,3.2826046697996856,3.758205101602253,17.493552170014983,3845.3161394860954,5,10,4,1,0,0,0,925020.0
2022-10-16,925020,46760879.71,50.55,0.4891,0.1187,4.179660226965595,3.289155645062138,3.72861582311222,15.270743827487573,3821.836532444118,6,10,4,1,0,0,0,1043005.0
2022-10-17,1043005,52180294.26,50.03,0.5074,0.1213,4.1636753649755205,3.354266941970634,3.7631054459543423,17.396730256723277,3824.545145710122,0,10,4,0,0,0,0,930885.0
2022-10-18,930885,48590092.6,52.2,0.5188,0.1214,4.205493350061506,3.5114810299311165,3.7202699036000255,17.409812791767166,3874.3864008997202,1,10,4,0,0,0,0,1030126.0
2022-10-19,1030126,52915338.44,51.37,0.4953,0.1169,4.217596947094131,3.2643111653139467,3.894474847333126,19.218315814700226,3884.48897203507,2,10,4,0,0,0,0,1019546.0
2022-10-20,1019546,51214443.79,50.23,0.5093,0.1148,4.158122207139892,3.286297916501057,3.7883297772416498,15.359122237444451,3829.3760608545417,3,10,4,0,0,0,0,1044796.0
2022-10-21,1044796,54312172.57,51.98,0.4966,0.1319,4.128403586966645,3.3126050714409523,3.7860851801663635,16.54878289111212,3847.4885481490264,4,10,4,0,0,0,0,839990.0
2022-10-22,839990,42470921.86,50.56,0.4989,0.1253,4.178630144429767,3.347339506193218,3.8179173507643007,18.292117346135235,3808.0763683444093,5,10,4,1,0,0,0,901745.0
2022-10-23,901745,45523726.16,50.48,0.5202,0.1243,4.134806275099148,3.334774106956369,3.8361612686430817,17.744682764566885,3857.25729878183,6,10,4,1,0,0,0,1037489.0
2022-10-24,1037489,52965077.4,51.05,0.4998,0.1229,4.244126663369112,3.4144259509128494,3.8348685957052244,17.598482225098255,3829.452671009374,0,10,4,0,0,0,0,997562.0
2022-10-25,997562,51549358.46,51.68,0.5096,0.1134,4.170721501088266,3.1155890128061077,3.840785148412308,16.277035030026198,3933.8521826372826,1,10,4,0,0,0,0,1013065.0
2022-10-26,1013065,52240512.0,51.57,0.4861,0.1272,4.152308749603826,3.1167419696648695,3.7550913237923873,16.760221494862805,3986.834530348547,2,10,4,0,0,0,0,968669.0
2022-10-27,968669,48858620.68,50.44,0.5233,0.1145,4.175962936013264,3.266016020417425,3.771269499124311,19.010637697794852,3959.0355753828126,3,10,4,0,0,0,0,1078303.0
2022-10-28,1078303,56347960.08,52.26,0.5105,0.1213,4.116337351747767,3.3914541825920423,3.824143349274903,17.50479612912045,3960.4329375587,4,10,4,0,0,0,0,870124.0
2022-10-29,870124,44074809.21,50.65,0.5025,0.1098,4.132997068124149,3.176396241587869,3.7588509308223097,18.069744354679035,3988.0774878379566,5,10,4,1,0,0,0,836615.0
2022-10-30,836615,41835848.9,50.01,0.5099,0.1075,4.221509938701315,3.059009481347652,3.7844933611707607,17.53653104160315,4017.0015141850035,6,10,4,1,0,0,0,978584.0
2022-10-31,978584,47743103.55,48.79,0.4898,0.1217,4.1488418701656675,3.343280518223269,3.80421488253774,16.313287921337633,4033.7264857904415,0,10,4,0,1,0,0,1013071.0
2022-11-01,1013071,53151845.28,52.47,0.5156,0.115,4.134857947259677,3.31503899869036,3.8230636438776666,18.914634580980806,4080.152292595891,1,11,4,0,0,0,0,1044873.0
2022-11-02,1044873,53300122.61,51.01,0.5003,0.108,4.199809708532122,3.206284206406254,3.6944477322295386,18.46189759735439,4076.3509560018633,2,11,4,0,0,0,0,938113.0
2022-11-03,938113,48134535.99,51.31,0.5013,0.1232,4.22737342366427,3.2126064175081384,3.818596149821651,20.69166997754118,4063.630356858666,3,11,4,0,0,0,0,1101707.0
2022-11-04,1101707,57909453.53,52.56,0.4983,0.1327,4.210297476935506,3.211813088590443,3.770699449073805,16.77606873655212,4051.674874931895,4,11,4,0,0,0,0,888952.0
2022-11-05,888952,44696080.48,50.28,0.4972,0.1284,4.222967747999282,3.2961727518012838,3.8172850210891567,19.054729140543675,4083.814388477014,5,11,4,1,0,0,0,911036.0
2022-11-06,911036,44581441.15,48.93,0.5098,0.1186,4.154432923392695,3.2351564300095714,3.8202849039772246,16.56971746164617,4097.980144172497,6,11,4,1,0,0,0,1005130.0
2022-11-07,1005130,51364067.48,51.1,0.5052,0.1202,4.129403558468436,3.3227129227370265,3.861359957769713,18.411404276741873,4109.462579785669,0,11,4,0,0,0,0,1007373.0
2022-11-08,1007373,51839267.46,51.46,0.509,0.1256,4.2478929430176855,3.052738310812164,3.8481624753094072,19.476537686197855,4139.712132812701,1,11,4,0,0,0,0,1016173.0
2022-11-09,1016173,51422635.48,50.6,0.5022,0.127,4.1764883507908195,3.2104754530072883,3.847343668466012,15.90346307442663,4064.7166877556415,2,11,4,0,0,0,0,1057448.0
2022-11-10,1057448,56266360.21,53.21,0.5072,0.1183,4.180910488940316,3.1868490138399665,3.851723599238184,18.23258363916584,4076.799773034274,3,11,4,0,0,0,0,1010945.0
2022-11-11,1010945,47787482.0,47.27,0.4977,0.1206,4.245612140860935,3.2543304215720514,3.793633737359152,17.89433510641155,4085.5545081278347,4,11,4,0,0,0,0,917552.0
2022-11-12,917552,48336403.8,52.68,0.524,0.1223,4.216266424211373,3.229692863571343,3.7801984555716786,17.82275057970112,4148.119708669241,5,11,4,1,0,0,0,854074.0
2022-11-13,854074,44571213.12,52.19,0.4858,0.1238,4.213777849392192,3.334457905109658,3.821754178123925,19.22551364006451,4092.1751830429,6,11,4,1,0,0,0,1010120.0
2022-11-14,1010120,52208185.93,51.69,0.5139,0.1198,4.283659796208659,3.119771936421664,3.8142412053178103,20.209501652946162,4150.6731492073895,0,11,4,0,0,0,0,972221.0
2022-11-15,972221,44718417.08,46.0,0.5148,0.1199,4.17282856977547,3.2700414757062415,3.761707392130066,18.809436894640456,4154.237026750006,1,11,4,0,0,0,0,1058625.0
2022-11-16,1058625,56028529.43,52.93,0.4924,0.129,4.23718471704975,3.308947202078458,3.796925134482774,19.323926951794878,4173.310703581658,2,11,4,0,0,0,0,965704.0
2022-11-17,965704,47763823.63,49.46,0.5231,0.128,4.203845650138212,3.4106851122382604,3.7744521160589763,19.325768128130644,4237.499179102155,3,11,4,0,0,0,0,992320.0
2022-11-18,992320,49852135.41,50.24,0.5106,0.1236,4.213795013953495,3.2214800146055413,3.7330329860482343,19.305297762886187,4259.709124057773,4,11,4,0,0,0,0,865448.0
2022-11-19,865448,43915654.32,50.74,0.5101,0.1311,4.2656684263519615,3.283840949049277,3.83977507877763,18.113734657825997,4275.8603396703165,5,11,4,1,0,0,0,854699.0
2022-11-20,854699,44110874.25,51.61,0.5005,0.1186,4.226313639520376,3.1114332467936543,3.7775341336952404,20.87215835635702,4285.972517531761,6,11,4,1,0,0,0,1037143.0
2022-11-21,1037143,53887165.01,51.96,0.4979,0.1307,4.228994710755491,3.0622388722208442,3.8767314354040283,20.020590923570325,4268.139890267737,0,11,4,0,0,0,0,985522.0
2022-11-22,985522,51579073.04,52.34,0.4978,0.1242,4.251817942873753,3.319025553762727,3.6925429825280354,20.267779810130836,4267.82372454545,1,11,4,0,0,0,0,1070976.0
2022-11-23,1070976,55927013.9,52.22,0.5036,0.1407,4.19576643079922,3.248842200122555,3.745499954971477,18.956886403413975,4241.203768325931,2,11,4,0,0,0,0,796916.0
2022-11-24,796916,40941879.77,51.38,0.5135,0.1139,4.178235138283667,3.3414066916189085,3.7744918585783123,19.507591450414672,4240.279356382354,3,11,4,0,0,0,1,1011990.0
2022-11-25,1011990,52237901.34,51.62,0.5011,0.117,4.171442222430386,3.1350873792829277,3.8292497218172477,19.984401562050248,4152.826946820987,4,11,4,0,0,0,0,845345.0
2022-11-26,845345,41724519.27,49.36,0.49,0.1237,4.136003458104442,3.2843810450216506,3.7918746143366664,18.49502993993673,4169.660293837234,5,11,4,1,0,0,0,893958.0
2022-11-27,893958,44578536.34,49.87,0.5072,0.1236,4.298321190931247,3.3901189425119256,3.786944992291131,18.453622097400377,4165.862145118554,6,11,4,1,0,0,0,1002564.0
2022-11-28,1002564,52469212.24,52.34,0.508,0.133,4.173351794251082,3.272010031859681,3.7145781054698475,19.904667429146063,4154.043259593146,0,11,4,0,0,0,0,988358.0
2022-11-29,988358,51638121.86,52.25,0.5051,0.1173,4.210029232935385,3.2583756467428127,3.712613898935536,21.40185535065574,4163.0379598784,1,11,4,0,0,0,0,1054895.0
2022-11-30,1054895,54933542.94,52.07,0.5058,0.1268,4.2091981077286835,3.234744679818731,3.7861056102477937,20.143235377116284,4110.433675245572,2,11,4,0,1,0,0,988703.0
2022-12-01,988703,49648816.57,50.22,0.4955,0.1284,4.233950169555672,3.10619631666501,3.701294222276959,19.859443215200624,4183.2058574831635,3,12,4,0,0,0,0,1037950.0
2022-12-02,1037950,54338674.88,52.35,0.4887,0.1257,4.255658639597221,3.338114929770817,3.7424245170562016,20.26216484762274,4180.117421813008,4,12,4,0,0,0,0,846339.0
2022-12-03,846339,41675992.7,49.24,0.4892,0.1158,4.2588153153072605,3.1785984162741925,3.793582893074208,20.853847931209433,4175.41387653659,5,12,4,1,0,0,0,884769.0
2022-12-04,884769,46537824.03,52.6,0.4813,0.13,4.202432466055219,3.2656193405443714,3.7189391760881936,21.13871082659557,4140.0674332083045,6,12,4,1,0,0,0,941647.0
2022-12-05,941647,47637608.23,50.59,0.4998,0.129,4.220421834173311,3.0980073573724187,3.8478412935295534,24.327574545269613,4141.7365611059795,0,12,4,0,0,0,0,970914.0
2022-12-06,970914,51949053.36,53.51,0.4964,0.1253,4.239752979556769,3.1264785692419728,3.8282881625624343,23.162532627159354,4194.548786295378,1,12,4,0,0,0,0,994637.0
2022-12-07,994637,48433727.35,48.69,0.4927,0.1229,4.219837143601595,3.33342344292605,3.68803794121243,23.297089536212134,4234.636142682167,2,12,4,0,0,0,0,1078828.0
2022-12-08,1078828,57846804.02,53.62,0.4674,0.1231,4.295405535943134,3.188609294068092,3.719507722206475,23.64225968816177,4268.131516000402,3,12,4,0,0,0,0,1012932.0
2022-12-09,1012932,51082712.74,50.43,0.4843,0.1213,4.252069541433676,3.3304285086915546,3.651354514459657,21.21610152589394,4289.9837767163335,4,12,4,0,0,0,0,954729.0
2022-12-10,954729,48119520.73,50.4,0.5078,0.1257,4.263136380786665,3.2056770282349096,3.7260306515909507,21.12457829187831,4276.973769034721,5,12,4,1,0,0,0,890564.0
2022-12-11,890564,45650607.17,51.26,0.4897,0.1221,4.261559131103793,3.062348736186422,3.8029962389357967,21.441786539104733,4222.318018258117,6,12,4,1,0,0,0,973791.0
2022-12-12,973791,48611632.68,49.92,0.4998,0.1169,4.283277320456193,3.278827159642236,3.743498417383952,24.551813610578282,4215.4880810454315,0,12,4,0,0,0,0,1073315.0
2022-12-13,1073315,54582949.32,50.85,0.4821,0.1157,4.244865579068694,3.1580277264055816,3.7867491317245072,22.47578100089671,4207.351760469524,1,12,4,0,0,0,0,1027318.0
2022-12-14,1027318,51215858.62,49.85,0.5102,0.1175,4.187029644331696,3.2588677936133994,3.6871084159917737,21.814282215411197,4248.066162703326,2,12,4,0,0,0,0,971405.0
2022-12-15,971405,48478983.99,49.91,0.4942,0.1234,4.25616049124055,3.2027394012825687,3.8026395159806077,22.98356525128753,4260.728208213656,3,12,4,0,0,0,0,1023380.0
2022-12-16,1023380,52893533.67,51.69,0.4984,0.122,4.215380584379123,3.0750192338040496,3.73450067385821,23.400491709096023,4323.836228684239,4,12,4,0,0,0,0,852581.0
2022-12-17,852581,42287617.24,49.6,0.5185,0.1235,4.221543906732133,3.209354800485485,3.7623797637098004,24.19602773421103,4371.529621705695,5,12,4,1,0,0,0,771762.0
2022-12-18,771762,38431099.35,49.8,0.5103,0.1252,4.2673886666273875,3.3696480152142634,3.756642462891762,24.363086819506737,4354.446434367408,6,12,4,1,0,0,0,1041076.0
2022-12-19,1041076,50894627.77,48.89,0.4919,0.1185,4.2947027699269045,3.231124492861135,3.6972234360003675,23.2568830443549,4285.489274128378,0,12,4,0,0,0,0,1040342.0
2022-12-20,1040342,52211283.46,50.19,0.4888,0.1311,4.2472514521822715,3.184816086477574,3.7026610869585883,25.262817513522972,4340.105813330691,1,12,4,0,0,0,0,1078159.0
2022-12-21,1078159,57041792.79,52.91,0.4913,0.1207,4.25997484426369,3.2731734781256634,3.8082192376186295,23.862735209920217,4394.38435802107,2,12,4,0,0,0,0,1010641.0
2022-12-22,1010641,50195481.64,49.67,0.4995,0.1198,4.31692284076673,3.201724601725269,3.7792931034998944,24.63220846116355,4341.527359830478,3,12,4,0,0,0,0,975517.0
2022-12-23,975517,48614843.95,49.83,0.4932,0.1253,4.259668866145646,3.199355651395425,3.81135970170931,25.833900329051282,4401.76004962602,4,12,4,0,0,0,0,901323.0
2022-12-24,901323,46165514.04,51.22,0.4901,0.1115,4.355302328686375,3.0929814082882654,3.774603689686798,24.429496117998934,4417.787714135179,5,12,4,1,0,0,0,730727.0
2022-12-25,730727,36805981.92,50.37,0.5085,0.1178,4.275043416886522,3.196734544584931,3.7650336139337113,24.706066335024882,4425.048231204675,6,12,4,1,0,0,1,1060553.0
2022-12-26,1060553,57549501.84,54.26,0.4925,0.1284,4.183172302261732,3.258574278478408,3.6710966332768944,26.28840566077666,4490.709070246599,0,12,4,0,0,0,0,992534.0
2022-12-27,992534,50295485.14,50.67,0.5165,0.1122,4.284908006712892,3.106562808684729,3.743391690863834,24.737560884878565,4546.281253191449,1,12,4,0,0,0,0,980240.0
2022-12-28,980240,50400520.84,51.42,0.4942,0.1293,4.271183947441196,3.2851133461980995,3.755053452392636,25.492656172844953,4573.91181097697,2,12,4,0,0,0,0,949869.0
2022-12-29,949869,49702201.86,52.33,0.511,0.1317,4.308682726797203,3.1615200731336515,3.8535904540064716,26.80779852373463,4594.341532181916,3,12,4,0,0,0,0,998452.0
2022-12-30,998452,52211483.6,52.29,0.4965,0.1205,4.285166603369007,3.0955348946417445,3.7897951361018327,28.791059758422445,4620.815024176337,4,12,4,0,0,0,0,779966.0
2022-12-31,779966,39974273.97,51.25,0.5024,0.1245,4.253839564635058,3.244063999208125,3.831762360470454,27.236417270636466,4605.121835068193,5,12,4,1,1,1,0,730159.0
2023-01-01,730159,36986494.34,50.66,0.4854,0.1295,4.211536045315639,3.1390039997769628,3.784347971816746,27.259225846955196,4603.754605555629,6,1,1,1,0,0,1,1018217.0
2023-01-02,1018217,54911179.09,53.93,0.4839,0.12,4.253268925658053,3.2204000144524216,3.7184175003303106,27.50928955567568,4567.430282642481,0,1,1,0,0,0,0,1028366.0
2023-01-03,1028366,52177865.32,50.74,0.4969,0.1281,4.2287226238929145,3.1339866481110543,3.7593502394343554,25.762711366782028,4554.670698709642,1,1,1,0,0,0,0,999527.0
2023-01-04,999527,50197413.42,50.22,0.502,0.1189,4.240627789836594,3.150227044091662,3.764816371461699,27.365209153634595,4540.575705721947,2,1,1,0,0,0,0,1060827.0
2023-01-05,1060827,52946182.88,49.91,0.4923,0.1201,4.28848884436015,3.192181081707502,3.7055583665379648,27.36426668399539,4515.594196048731,3,1,1,0,0,0,0,1027228.0
2023-01-06,1027228,49598809.77,48.28,0.4789,0.1182,4.332830558434423,3.1736485439543247,3.7328075292196083,27.95672027288007,4522.064600801942,4,1,1,0,0,0,0,835483.0
2023-01-07,835483,43530285.41,52.1,0.478,0.1251,4.282901594591369,2.9884121864254407,3.7412491003256854,27.87859927372577,4509.807315874091,5,1,1,1,0,0,0,833458.0
2023-01-08,833458,39457991.99,47.34,0.4771,0.13,4.220351446656752,3.056030666056298,3.8313287943327667,28.359338825036293,4531.153658389345,6,1,1,1,0,0,0,950755.0
2023-01-09,950755,48346872.65,50.85,0.4736,0.122,4.287034587949868,3.2177559387263703,3.6465209316660205,27.69158862683027,4466.379696254665,0,1,1,0,0,0,0,1011792.0
2023-01-10,1011792,51143295.27,50.55,0.4922,0.1155,4.318171125054476,3.130502777203992,3.810358838544136,28.293873686527352,4462.730926239622,1,1,1,0,0,0,0,952083.0
2023-01-11,952083,51611762.48,54.21,0.5021,0.1167,4.246961602208484,3.0968434056036793,3.7027379214845637,26.904691283422522,4468.926479362203,2,1,1,0,0,0,0,1040719.0
2023-01-12,1040719,50055073.02,48.1,0.4906,0.1256,4.267030949270081,3.027721886716747,3.6804832975584607,28.14489572997586,4457.358642192704,3,1,1,0,0,0,0,1038968.0
2023-01-13,1038968,51415515.12,49.49,0.4679,0.1343,4.274009542579815,3.0476925444383545,3.8075937468962264,30.34445006351709,4451.357338107575,4,1,1,0,0,0,0,817703.0
2023-01-14,817703,41399630.5,50.63,0.4885,0.1256,4.24304811914927,2.9699889967463218,3.7847007389329788,29.200464707496867,4389.198100390327,5,1,1,1,0,0,0,846067.0
2023-01-15,846067,42753040.25,50.53,0.4886,0.121,4.301388960861313,3.1212897153767862,3.810340779097335,28.93083035163128,4404.205914822226,6,1,1,1,0,0,0,975005.0
2023-01-16,975005,48748177.9,50.0,0.511,0.1279,4.271625161469502,3.079174350026338,3.787158765121852,31.364740559114807,4430.861383022286,0,1,1,0,0,0,0,1032653.0
2023-01-17,1032653,52350357.98,50.7,0.4753,0.1219,4.294241378457998,3.0473774590223526,3.8496245586899285,27.585087972453213,4451.503349743998,1,1,1,0,0,0,0,1063841.0
2023-01-18,1063841,52044557.52,48.92,0.4858,0.1211,4.242949033760668,3.1169077519155177,3.7740769602374793,28.010509394312194,4494.241396607345,2,1,1,0,0,0,0,897468.0
2023-01-19,897468,46076574.38,51.34,0.5066,0.1177,4.261930673605419,3.1491264654063187,3.7378251801400815,31.51577785548668,4503.332036395832,3,1,1,0,0,0,0,964895.0
2023-01-20,964895,45655607.09,47.32,0.4939,0.1319,4.309296187131867,3.285113943496489,3.7623034709806396,29.629085568867723,4523.712813171713,4,1,1,0,0,0,0,844579.0
2023-01-21,844579,42865922.72,50.75,0.4948,0.1083,4.266451174458167,2.99435488590705,3.806838536159533,29.390824783272187,4531.013797237523,5,1,1,1,0,0,0,793986.0
2023-01-22,793986,39608928.26,49.89,0.4902,0.1283,4.3513982610912905,3.2057017016632066,3.7052040674165596,28.345304055687695,4560.088063627662,6,1,1,1,0,0,0,956622.0
2023-01-23,956622,50036048.37,52.3,0.4922,0.1208,4.267281103334192,3.188443261589511,3.7110859866536283,30.418297484643446,4496.753030209525,0,1,1,0,0,0,0,998349.0
2023-01-24,998349,53318990.39,53.41,0.4965,0.1211,4.293192419346185,3.045909947458616,3.7277398271711006,30.625275699485947,4461.667292136348,1,1,1,0,0,0,0,974810.0
2023-01-25,974810,49004901.98,50.27,0.4805,0.1338,4.322438777795628,3.122136835876557,3.637465931963734,28.74340944356868,4526.795286210674,2,1,1,0,0,0,0,913491.0
2023-01-26,913491,48275651.42,52.85,0.4972,0.1194,4.229322263043753,3.066906307071355,3.7491060700672416,29.96724223221903,4428.586231991187,3,1,1,0,0,0,0,1113297.0
2023-01-27,1113297,55977251.56,50.28,0.4745,0.1196,4.216537920527061,3.1160095271718964,3.6474026278027427,29.805497144652023,4423.933902584996,4,1,1,0,0,0,0,859411.0
2023-01-28,859411,42368061.58,49.3,0.4913,0.123,4.226849033221989,3.2195209133401788,3.743868779479626,30.581493632850655,4471.798954796602,5,1,1,1,0,0,0,858879.0
2023-01-29,858879,45830015.58,53.36,0.4897,0.1262,4.339275294420249,3.1448734918078,3.7839868918233766,28.990983612723912,4468.9919423494985,6,1,1,1,0,0,0,922486.0
2023-01-30,922486,47522574.77,51.52,0.4816,0.1211,4.2675858803092215,3.1347468449670073,3.7163850123939914,31.88964553639963,4453.675261050574,0,1,1,0,0,0,0,983400.0
2023-01-31,983400,49892174.77,50.73,0.4874,0.1144,4.392868084696034,3.057265283975043,3.823590903448909,31.532895447552033,4459.812820197943,1,1,1,0,1,0,0,986180.0
2023-02-01,986180,51036287.94,51.75,0.4812,0.1187,4.268841747763748,2.9705960749502633,3.666216184466478,30.03798804150766,4446.607811099603,2,2,1,0,0,0,0,904455.0
2023-02-02,904455,46240249.09,51.12,0.4765,0.1316,4.29965687382201,3.070272505526517,3.79831022988465,30.24720962627544,4448.791199940446,3,2,1,0,0,0,0,937625.0
2023-02-03,937625,47446343.83,50.6,0.4836,0.1244,4.3548140217232865,3.181106796163728,3.7720098637429182,30.369476896162723,4422.458239437506,4,2,1,0,0,0,0,899861.0
2023-02-04,899861,43831898.09,48.71,0.4759,0.1266,4.374219773585536,2.9600317753399543,3.6519570142690703,29.618587612779045,4467.76349455908,5,2,1,1,0,0,0,947319.0
2023-02-05,947319,47637038.97,50.29,0.49,0.1224,4.3772742688147215,2.9954240446814047,3.8728039099324136,30.032873583773345,4526.332287081815,6,2,1,1,0,0,0,1005572.0
2023-02-06,1005572,51907078.5,51.62,0.4751,0.12,4.343978476822204,3.08755758494497,3.7335823034284754,30.246114398093315,4521.874132281288,0,2,1,0,0,0,0,1029314.0
2023-02-07,1029314,51973083.89,50.49,0.4936,0.1341,4.337427665713931,2.9963077882541738,3.69240059564291,32.504320927903514,4466.761652811365,1,2,1,0,0,0,0,977068.0
2023-02-08,977068,50830024.77,52.02,0.4745,0.1229,4.320979216206736,3.0093013847707004,3.6654255242808946,31.696231006897563,4446.712702325341,2,2,1,0,0,0,0,979202.0
2023-02-09,979202,50171730.15,51.24,0.4805,0.1214,4.329217192721743,3.036437599391862,3.7242839300299333,31.66624388933011,4440.316584918818,3,2,1,0,0,0,0,1038449.0
2023-02-10,1038449,51233906.47,49.34,0.4798,0.1307,4.276831571905704,2.9586975062382685,3.728419297213024,30.965895116111373,4461.53312959297,4,2,1,0,0,0,0,942562.0
2023-02-11,942562,45872218.07,48.67,0.4991,0.1198,4.266938937283279,2.9876378021027854,3.739426590611548,29.151481888468883,4422.201866767082,5,2,1,1,0,0,0,916761.0
2023-02-12,916761,46207216.58,50.4,0.489,0.1206,4.300311449453509,3.119461724250399,3.718909045565741,30.40575445972647,4392.651917989263,6,2,1,1,0,0,0,937221.0
2023-02-13,937221,46714972.88,49.84,0.4835,0.1242,4.294410223097492,2.9562171905800096,3.7649645258254956,31.576403697321645,4413.850904379013,0,2,1,0,0,0,0,997348.0
2023-02-14,997348,50991320.85,51.13,0.4904,0.1242,4.283851313601177,2.930595677020583,3.713426045292057,28.85121160533744,4452.2807365976405,1,2,1,0,0,0,0,1000042.0
2023-02-15,1000042,49539165.84,49.54,0.4642,0.1258,4.330590410740893,3.005641567598648,3.635563479245713,31.0673848659279,4428.413477288005,2,2,1,0,0,0,0,963061.0
2023-02-16,963061,47847747.79,49.68,0.4847,0.1368,4.341693250667292,3.112217619052006,3.724347632001247,33.02617530183199,4376.556132179164,3,2,1,0,0,0,0,1003642.0
2023-02-17,1003642,52367414.72,52.18,0.505,0.1263,4.307755102146703,3.035524592917658,3.612945721202996,31.44193851830552,4508.837597881854,4,2,1,0,0,0,0,889832.0
2023-02-18,889832,45213884.05,50.81,0.4862,0.11,4.364049472024727,3.0117286068950837,3.748511909836552,31.7865671656439,4541.738001472691,5,2,1,1,0,0,0,907892.0
2023-02-19,907892,44965037.38,49.53,0.4854,0.1263,4.260001807001524,3.050060200432615,3.681362020452969,30.26704833732023,4531.839053552471,6,2,1,1,0,0,0,1066010.0
2023-02-20,1066010,53938906.35,50.6,0.49,0.1246,4.2986357598072304,2.9044710043623394,3.7379985845671193,31.075290633124567,4568.434935318842,0,2,1,0,0,0,0,982602.0
2023-02-21,982602,51716469.21,52.63,0.4934,0.1246,4.278413679072537,3.0813199034496432,3.7950377338570824,28.954592626341512,4564.333991507762,1,2,1,0,0,0,0,929879.0
2023-02-22,929879,47419907.17,51.0,0.4643,0.1259,4.233121211465918,3.0700339064870423,3.681399853010291,30.666911759749173,4601.11895549352,2,2,1,0,0,0,0,1007867.0
2023-02-23,1007867,51840400.5,51.44,0.4673,0.1242,4.305163227075095,3.004229930366566,3.7814032906552675,30.38672261671577,4608.751682175689,3,2,1,0,0,0,0,1077434.0
2023-02-24,1077434,53235071.85,49.41,0.4861,0.1241,4.304280010360231,3.1150639758177983,3.7061740782460317,29.832770825072643,4613.569821993967,4,2,1,0,0,0,0,836345.0
2023-02-25,836345,43546958.98,52.07,0.4767,0.1281,4.3703590383017445,2.942005686510625,3.8150062663623054,30.941468925396073,4609.888145416719,5,2,1,1,0,0,0,898752.0
2023-02-26,898752,48529635.44,54.0,0.4968,0.1212,4.335716339526037,3.1200534570681766,3.7085917580407983,28.587193017623147,4551.248258339753,6,2,1,1,0,0,0,1031015.0
2023-02-27,1031015,50853012.47,49.32,0.4804,0.1188,4.2701709125846055,3.039795648261148,3.6843274965666946,28.874969692603248,4632.372878832527,0,2,1,0,0,0,0,1004835.0
2023-02-28,1004835,48964050.98,48.73,0.4641,0.1426,4.385948295754065,2.998127469989235,3.760216722141011,29.07406950750374,4594.319952674314,1,2,1,0,1,0,0,1007626.0
2023-03-01,1007626,51142423.06,50.76,0.4706,0.1202,4.36126384701917,3.021077463749639,3.7035678654970248,27.578580261264513,4539.452093915589,2,3,1,0,0,0,0,959843.0
2023-03-02,959843,49716017.83,51.8,0.4556,0.1251,4.336336016551815,3.0117020563567403,3.6827873291478537,28.935707629239296,4531.789239721529,3,3,1,0,0,0,0,909740.0
2023-03-03,909740,45792902.95,50.34,0.4807,0.1156,4.304614061490444,3.1155220083638873,3.7004701676572647,26.444787264487235,4493.762468198664,4,3,1,0,0,0,0,820458.0
2023-03-04,820458,40107316.14,48.88,0.481,0.1253,4.275908885657072,2.9293814917439374,3.7216340933279057,29.60296865677007,4492.692101288758,5,3,1,1,0,0,0,858658.0
2023-03-05,858658,43183151.11,50.29,0.4785,0.119,4.300002931382162,2.952131084570091,3.7904755925962066,28.236883893766404,4521.616861257867,6,3,1,1,0,0,0,1057221.0
2023-03-06,1057221,54279668.08,51.34,0.4934,0.122,4.359037617228935,3.0936540634327465,3.6261642731574764,27.3854958513975,4563.343183389725,0,3,1,0,0,0,0,1007181.0
2023-03-07,1007181,50182242.37,49.82,0.4945,0.1309,4.391459322640874,2.9607247022856074,3.723524678022721,26.83450012902342,4597.978260466904,1,3,1,0,0,0,0,983917.0
2023-03-08,983917,50510471.71,51.34,0.4806,0.1275,4.378385542803773,3.0780283149775105,3.753117721650929,27.37515200961457,4586.398588811718,2,3,1,0,0,0,0,963490.0
2023-03-09,963490,50257995.39,52.16,0.4609,0.1281,4.2976734948654265,3.1395592756927835,3.7310467816604875,28.299362208425862,4589.499511861282,3,3,1,0,0,0,0,1038354.0
2023-03-10,1038354,52712875.43,50.77,0.4883,0.114,4.273006188878742,2.9690801295638414,3.7863693384775536,27.943637768359125,4607.437851259916,4,3,1,0,0,0,0,946088.0
2023-03-11,946088,47638879.65,50.35,0.4875,0.1357,4.323981500710038,3.0533527086745518,3.716660458669175,26.248897000052597,4536.166806232923,5,3,1,1,0,0,0,939058.0
2023-03-12,939058,48483007.47,51.63,0.4849,0.1176,4.248155396848949,2.9041690367083386,3.710651718210454,25.885974582466105,4560.5743988214435,6,3,1,1,0,0,0,1035235.0
2023-03-13,1035235,50820820.33,49.09,0.4915,0.1339,4.332358362679022,3.054464535158401,3.7489972548008916,27.49186768434658,4502.191773944188,0,3,1,0,0,0,0,952527.0
2023-03-14,952527,46609970.06,48.93,0.4699,0.1309,4.314058001411528,3.007662047228405,3.723847879253672,25.636028005762302,4586.693459424442,1,3,1,0,0,0,0,999576.0
2023-03-15,999576,49933699.77,49.95,0.5015,0.1282,4.301842869882024,3.0271743023205406,3.6988630885321157,26.371083673990167,4571.087542884382,2,3,1,0,0,0,0,1105962.0
2023-03-16,1105962,54862966.81,49.61,0.4717,0.1196,4.257210213049622,2.9353094890801628,3.743691992209526,26.241339991164228,4564.550993804736,3,3,1,0,0,0,0,1068701.0
2023-03-17,1068701,52504134.1,49.13,0.4887,0.1257,4.3420481329434795,2.851693549636021,3.6847595701584646,26.258451780036864,4534.097874009859,4,3,1,0,0,0,0,814853.0
2023-03-18,814853,43243544.58,53.07,0.4642,0.122,4.300693681774529,3.0224663581982556,3.686328253574511,26.702750312228638,4509.517824966072,5,3,1,1,0,0,0,899917.0
2023-03-19,899917,48209313.06,53.57,0.4717,0.125,4.275694429051053,2.814760962118345,3.6899884701735917,23.944030263363242,4603.8429580032525,6,3,1,1,0,0,0,1052423.0
2023-03-20,1052423,52380824.9,49.77,0.496,0.1233,4.2080818083169,2.9520732963662426,3.7835426250509574,22.951071516159843,4644.062335034247,0,3,1,0,0,0,0,991820.0
2023-03-21,991820,50016550.59,50.43,0.4781,0.1126,4.322344709189754,3.050385155492171,3.5543392826836437,24.346724858967935,4580.837856810341,1,3,1,0,0,0,0,907521.0
2023-03-22,907521,45375074.71,50.0,0.489,0.1316,4.394800199013046,2.9880728932615956,3.734670915287037,26.971220800480996,4644.369228623083,2,3,1,0,0,0,0,1013675.0
2023-03-23,1013675,52641233.17,51.93,0.4829,0.1244,4.390817161839448,3.126220200645861,3.716105378917625,27.016450116089366,4695.6237411590455,3,3,1,0,0,0,0,980068.0
2023-03-24,980068,51176565.96,52.22,0.4793,0.1219,4.306531436716792,3.049994530975016,3.629849023465223,26.566639341016252,4684.863262953475,4,3,1,0,0,0,0,865480.0
2023-03-25,865480,41181265.81,47.58,0.4939,0.1215,4.30116714126196,2.9133082809182897,3.7288795891331725,23.91616582312442,4698.926902283417,5,3,1,1,0,0,0,893155.0
2023-03-26,893155,45506993.87,50.95,0.4778,0.127,4.3444387810572636,2.9654409674700495,3.7366815010167396,21.787051147351832,4699.411588740471,6,3,1,1,0,0,0,1039184.0
2023-03-27,1039184,50156680.09,48.27,0.4622,0.1195,4.286176438399215,2.957103426124306,3.741876463712056,20.891312891989898,4784.725437387544,0,3,1,0,0,0,0,1038097.0
2023-03-28,1038097,54865375.45,52.85,0.4719,0.1114,4.33859944280323,2.831957614814371,3.5793036511527156,22.743202492112303,4751.691342174842,1,3,1,0,0,0,0,994266.0
2023-03-29,994266,50571911.67,50.86,0.4853,0.1273,4.357578762259617,2.880940052477537,3.7797150304725546,23.01935658234708,4759.077253351616,2,3,1,0,0,0,0,1015967.0
2023-03-30,1015967,49738514.61,48.96,0.4837,0.128,4.376412545743309,2.908952887454145,3.6740091856076886,24.59488743515761,4741.910142339451,3,3,1,0,0,0,0,953123.0
2023-03-31,953123,47483110.21,49.82,0.4639,0.1237,4.32372060872197,2.788559546133053,3.7447248265028232,23.852874727714617,4682.268448799415,4,3,1,0,1,1,0,870268.0
2023-04-01,870268,43283201.05,49.74,0.4722,0.118,4.319963274174904,2.952901770021294,3.7469505058583077,22.86222497444635,4776.690562435145,5,4,2,1,0,0,0,737113.0
2023-04-02,737113,37552275.19,50.95,0.4736,0.1255,4.293366278695372,2.9268233786427476,3.6655623015134426,21.29999182234539,4727.302967868864,6,4,2,1,0,0,0,985335.0
2023-04-03,985335,50950350.06,51.71,0.4756,0.1162,4.295777639841725,2.810566222705773,3.741920455669484,20.99414519423114,4737.821687485505,0,4,2,0,0,0,0,1030365.0
2023-04-04,1030365,49881821.25,48.41,0.4654,0.1188,4.320152892384845,2.974385194940779,3.689123063527861,22.232285743382782,4665.304515692007,1,4,2,0,0,0,0,939466.0
2023-04-05,939466,49679425.44,52.88,0.4728,0.1204,4.34425779307033,2.996970285765371,3.6043291013696757,22.545186196954738,4649.705558299868,2,4,2,0,0,0,0,1021442.0
2023-04-06,1021442,53645198.82,52.52,0.4717,0.13,4.366449621814432,2.955517441665435,3.765785260595715,21.961675050053483,4668.531265789462,3,4,2,0,0,0,0,1054112.0
2023-04-07,1054112,51425578.03,48.79,0.4866,0.1228,4.298114090578318,2.9090854102094887,3.66814609134963,20.034047159496033,4635.134854463768,4,4,2,0,0,0,0,710721.0
2023-04-08,710721,35675303.73,50.2,0.4869,0.1223,4.390275759809393,2.9799844278259364,3.6636738147223733,21.84211750399352,4660.81520955371,5,4,2,1,0,0,0,856651.0
2023-04-09,856651,45094911.18,52.64,0.4772,0.1367,4.320042206880305,2.9847469333340975,3.685745317973926,21.359910426028794,4650.679512052365,6,4,2,1,0,0,0,874370.0
2023-04-10,874370,45390323.0,51.91,0.4746,0.1271,4.330343367352233,2.952583942868971,3.7190105482967764,19.35340748225949,4700.641094657667,0,4,2,0,0,0,0,1000772.0
2023-04-11,1000772,49583654.12,49.55,0.4799,0.127,4.301612483491191,2.8596871805442103,3.7020352712631635,19.48843539745848,4759.773341221225,1,4,2,0,0,0,0,997666.0
2023-04-12,997666,51140191.56,51.26,0.4702,0.1228,4.234826224182217,2.945450921977325,3.7318021989142953,21.0493818072971,4735.868473279609,2,4,2,0,0,0,0,889383.0
2023-04-13,889383,48490814.96,54.52,0.4668,0.1214,4.367444535950525,3.0166302560767666,3.636924428310087,19.737620167123275,4740.307370070494,3,4,2,0,0,0,0,1080501.0
2023-04-14,1080501,54210333.52,50.17,0.4688,0.1119,4.361835372293738,2.8709327118278543,3.666279607138085,21.724243397805658,4749.312191699076,4,4,2,0,0,0,0,881134.0
2023-04-15,881134,43221721.56,49.05,0.4717,0.1308,4.321379430575422,3.084171751366591,3.697099088115248,20.219366901243706,4777.040284981988,5,4,2,1,0,0,0,839764.0
2023-04-16,839764,42196073.05,50.25,0.4664,0.1277,4.335575107540384,2.871962078295919,3.7972933114681093,18.837414488589907,4778.842217994031,6,4,2,1,0,0,0,1071556.0
2023-04-17,1071556,53948802.43,50.35,0.4795,0.1239,4.35378803257553,2.914283489630295,3.69620831603447,19.215202071214176,4788.218300083348,0,4,2,0,0,0,0,927514.0
2023-04-18,927514,45612379.57,49.18,0.4851,0.1242,4.270895663193642,2.855572928772742,3.7556600452587747,19.112398596620064,4778.928601056089,1,4,2,0,0,0,0,957114.0
2023-04-19,957114,48443021.96,50.61,0.4619,0.1294,4.312474482199997,2.924916808991926,3.702826674620819,17.974063257867822,4785.079675744739,2,4,2,0,0,0,0,913141.0
2023-04-20,913141,43882734.27,48.06,0.4779,0.1157,4.365638336238739,2.765363335439917,3.6762159653862305,17.56780719566005,4842.512779961283,3,4,2,0,0,0,0,1089037.0
2023-04-21,1089037,53283814.71,48.93,0.4754,0.1215,4.28391940960848,2.8587462638957355,3.6875626560850807,19.32242992848743,4871.971118609703,4,4,2,0,0,0,0,892470.0
2023-04-22,892470,45560878.38,51.05,0.4809,0.1182,4.346048628883399,2.812751101948605,3.690977872664195,19.316080429586982,4904.0455202977655,5,4,2,1,0,0,0,909092.0
2023-04-23,909092,42970758.43,47.27,0.4773,0.1356,4.280250461983575,2.908641754070854,3.729081129116953,18.850490298040537,4937.30270790778,6,4,2,1,0,0,0,1015238.0
2023-04-24,1015238,52022732.55,51.24,0.4628,0.1303,4.353370463548391,2.975067107347137,3.7671293943660875,19.77180672689387,4931.7131876571,0,4,2,0,0,0,0,1042228.0
2023-04-25,1042228,48834843.42,46.86,0.4646,0.1118,4.333479252622023,2.9448912307155104,3.7158828690919212,17.13409938100977,4947.131389472144,1,4,2,0,0,0,0,1012752.0
2023-04-26,1012752,47866854.38,47.26,0.4774,0.1159,4.2704834146584245,2.7011802371107563,3.7567527152542737,19.627536204725565,4900.287249743381,2,4,2,0,0,0,0,1029834.0
2023-04-27,1029834,50564396.69,49.1,0.4874,0.1242,4.381854174775783,3.051983684510153,3.6486593599220307,16.374918454109157,4957.8197231904505,3,4,2,0,0,0,0,1027452.0
2023-04-28,1027452,51645046.21,50.27,0.4549,0.1222,4.306048999020447,2.909948554004091,3.6756673497136663,16.081883642113393,4836.410849193862,4,4,2,0,0,0,0,872177.0
2023-04-29,872177,45187100.01,51.81,0.4804,0.117,4.303182784633045,2.8219172381414936,3.659683791647389,15.02974460569034,4833.846304432626,5,4,2,1,0,0,0,887845.0
2023-04-30,887845,44298867.25,49.89,0.4887,0.1367,4.343768038948152,2.894321421486648,3.711121207945733,16.45486766159358,4884.978907315544,6,4,2,1,1,0,0,1023494.0
2023-05-01,1023494,50586426.59,49.43,0.4752,0.1269,4.381835333365231,2.893563443970515,3.676951138016532,16.237046333716098,4826.613353287334,0,5,2,0,0,0,0,1013486.0
2023-05-02,1013486,51334131.09,50.65,0.4822,0.1278,4.295393724862849,2.823840526133502,3.730887803818703,17.32791500329959,4845.248082550302,1,5,2,0,0,0,0,943032.0
2023-05-03,943032,45701117.21,48.46,0.4696,0.1208,4.338622750335294,2.8907450606547016,3.6473491938837177,16.848339581448837,4816.884767323698,2,5,2,0,0,0,0,958584.0
2023-05-04,958584,47894570.5,49.96,0.4754,0.1293,4.353429386199002,2.824040429676574,3.695550975425657,14.986598117300858,4802.153728453492,3,5,2,0,0,0,0,1063608.0
2023-05-05,1063608,50991534.05,47.94,0.4603,0.1227,4.364114342142888,2.838018963353309,3.7272424963895787,15.813013957551364,4844.455201214514,4,5,2,0,0,0,0,873685.0
2023-05-06,873685,43554501.8,49.85,0.453,0.1233,4.343553404305914,2.8131985695144293,3.5891346649407883,15.708277617827404,4854.347033333372,5,5,2,1,0,0,0,922326.0
2023-05-07,922326,45672846.22,49.52,0.4858,0.1286,4.321912496158947,2.7512234850235786,3.7979816026771553,13.896226853558106,4767.505292234406,6,5,2,1,0,0,0,971957.0
2023-05-08,971957,47133935.04,48.49,0.4664,0.1152,4.303580122772204,2.875243746402839,3.677242709438064,14.72726546111183,4727.013415884746,0,5,2,0,0,0,0,953588.0
2023-05-09,953588,47616513.92,49.93,0.4717,0.1345,4.340211873960936,2.908143819412611,3.5896486091129667,14.860035330262331,4769.923855686428,1,5,2,0,0,0,0,969789.0
2023-05-10,969789,48402660.68,49.91,0.4623,0.126,4.29395522133439,2.9002570252071598,3.6983056375734464,17.389573996279744,4790.477219599018,2,5,2,0,0,0,0,1007420.0
2023-05-11,1007420,51803553.46,51.42,0.462,0.1326,4.220053712802352,2.922410310118984,3.6915734926141,15.786763628397223,4867.706794620531,3,5,2,0,0,0,0,983237.0
2023-05-12,983237,46444633.78,47.24,0.4743,0.1185,4.354429372860074,2.880516980318054,3.6853070175206106,16.24299152804546,4943.26940933745,4,5,2,0,0,0,0,955280.0
2023-05-13,955280,47302477.45,49.52,0.4687,0.1194,4.373175932230748,2.8097087601837147,3.7384617521323245,13.544937802107992,4929.351183581708,5,5,2,1,0,0,0,891304.0
2023-05-14,891304,43207332.3,48.48,0.4797,0.1179,4.242545119567445,2.9172605501576996,3.725774949737107,16.674788809119022,5042.982312007744,6,5,2,1,0,0,0,1098679.0
2023-05-15,1098679,55931013.52,50.91,0.4804,0.1264,4.296709398923935,2.739250324565689,3.7027970620797865,16.704976148337376,5045.413194850338,0,5,2,0,0,0,0,1051568.0
2023-05-16,1051568,53335132.73,50.72,0.479,0.1253,4.361893350655932,2.7735659908655212,3.709911634261928,12.65102190045469,5003.199524970227,1,5,2,0,0,0,0,916463.0
2023-05-17,916463,46131459.9,50.34,0.4781,0.1221,4.419447906391156,2.7662553974307103,3.681686580791935,14.111463987011643,4976.055001484082,2,5,2,0,0,0,0,1063320.0
2023-05-18,1063320,51575945.83,48.5,0.4915,0.1188,4.3379931089272,2.9275713583431346,3.775179749078399,15.464960486376043,4877.290863505771,3,5,2,0,0,0,0,949634.0
2023-05-19,949634,48311992.97,50.87,0.465,0.1173,4.308046893008527,2.91436923464749,3.6119461636944243,15.558856408517494,4949.648653300398,4,5,2,0,0,0,0,906214.0
2023-05-20,906214,42806486.94,47.24,0.4751,0.1245,4.329849191501992,2.875713702290138,3.692389362952389,13.890254732016455,5022.528231698769,5,5,2,1,0,0,0,856463.0
2023-05-21,856463,40180530.99,46.91,0.4869,0.122,4.392150544323013,2.920270692549238,3.6881588840536383,14.259973763298426,4978.149991200025,6,5,2,1,0,0,0,1124208.0
2023-05-22,1124208,53500222.39,47.59,0.4882,0.1207,4.311299770236269,2.7619646310494743,3.7250726066632525,13.83506208699936,4969.266852382501,0,5,2,0,0,0,0,1087968.0
2023-05-23,1087968,53787400.78,49.44,0.4612,0.1341,4.305145929961937,2.857989783772956,3.6417168889576406,14.612941976101904,4974.864815923115,1,5,2,0,0,0,0,984426.0
2023-05-24,984426,49700586.64,50.49,0.4723,0.1243,4.31777157673657,2.8178871504308334,3.5962270137706946,15.848701787306933,4933.363026857415,2,5,2,0,0,0,0,1022636.0
2023-05-25,1022636,46014054.29,45.0,0.489,0.1324,4.298908326881674,2.8934546530657688,3.6907529223394766,13.421560517610601,4857.341925352425,3,5,2,0,0,0,0,1029236.0
2023-05-26,1029236,52932696.37,51.43,0.4804,0.1216,4.341900895290714,2.814293215115664,3.6964744923614767,15.485544284988285,4849.448479388109,4,5,2,0,0,0,0,936434.0
2023-05-27,936434,46472448.22,49.63,0.4772,0.1262,4.4019263019721935,2.790526919712477,3.7563942050002477,13.287274280553822,4836.747956663991,5,5,2,1,0,0,0,900677.0
2023-05-28,900677,42389499.79,47.06,0.4731,0.1244,4.3497998968104055,2.8624103964382446,3.617897471539537,13.151768069656484,4821.16054412848,6,5,2,1,0,0,0,972732.0
2023-05-29,972732,48201209.63,49.55,0.4714,0.1145,4.326712641081634,2.887050818413246,3.738651676059286,15.097738514141072,4832.130109518797,0,5,2,0,0,0,0,988276.0
2023-05-30,988276,50426795.8,51.03,0.4781,0.1333,4.325056890509714,2.7613134840759153,3.7987891963211653,15.171061732962578,4896.015957849219,1,5,2,0,0,0,0,1022566.0
2023-05-31,1022566,51404990.47,50.27,0.4726,0.1239,4.274116785657501,2.8077231435566765,3.6610318026575435,15.038495816908613,4883.993301777024,2,5,2,0,1,0,0,1079096.0
2023-06-01,1079096,55039494.57,51.01,0.4747,0.1292,4.371876414319839,2.72576636539332,3.614874585478984,12.39260876210948,4892.810389213309,3,6,2,0,0,0,0,1040720.0
2023-06-02,1040720,49218065.84,47.29,0.4759,0.1202,4.333338680950323,2.608433512774373,3.6585747100495016,13.3698249279715,4926.253975415499,4,6,2,0,0,0,0,845398.0
2023-06-03,845398,41175749.52,48.71,0.4683,0.1237,4.329125670158752,2.8221563399029286,3.6791254931340394,14.876533910434015,4952.22404426643,5,6,2,1,0,0,0,910532.0
2023-06-04,910532,43637025.67,47.92,0.4803,0.1194,4.463954431495408,2.8526776078963034,3.7061165413839046,13.901302431385373,4926.2501166475395,6,6,2,1,0,0,0,1004386.0
2023-06-05,1004386,52100673.19,51.87,0.5041,0.132,4.348058083361945,2.822780606387003,3.6478594024683226,12.527990447182292,4931.864183157427,0,6,2,0,0,0,0,1056036.0
2023-06-06,1056036,53056074.9,50.24,0.4572,0.1265,4.305906751419261,2.6437049160335917,3.754691147440391,14.33377985257164,4957.576225792894,1,6,2,0,0,0,0,1135311.0
2023-06-07,1135311,60781331.09,53.54,0.4782,0.1268,4.318787116128105,2.769461037445959,3.6207067791888585,12.895754711084594,4908.823590438372,2,6,2,0,0,0,0,992354.0
2023-06-08,992354,48178893.38,48.55,0.4673,0.1327,4.381634887085388,2.6179248929267525,3.5889754059573513,15.878968870991763,4966.320203883784,3,6,2,0,0,0,0,1041012.0
2023-06-09,1041012,50124045.04,48.15,0.4806,0.1315,4.340076138120625,2.9028371443798404,3.7307735498143617,15.55359704937564,5032.097674953494,4,6,2,0,0,0,0,853298.0
2023-06-10,853298,41817499.14,49.01,0.4753,0.1291,4.277855101862043,2.7042496878698823,3.561209440467471,14.401127386540402,5000.8397273294695,5,6,2,1,0,0,0,871302.0
2023-06-11,871302,44674654.82,51.27,0.4824,0.116,4.371988926081266,2.88944403477941,3.6642365673919266,15.28795929524103,5010.938787369916,6,6,2,1,0,0,0,1016252.0
2023-06-12,1016252,49431970.65,48.64,0.4866,0.1203,4.308320213501331,2.8625637380865574,3.82982977846966,13.713102290582668,5041.373983074845,0,6,2,0,0,0,0,1003677.0
2023-06-13,1003677,49543473.54,49.36,0.4767,0.1184,4.40979676884903,2.712734123815757,3.672846314886477,14.536483245710093,5018.060370415155,1,6,2,0,0,0,0,1120859.0
2023-06-14,1120859,55263949.4,49.3,0.4861,0.1288,4.377878346108431,2.6920505418696856,3.6169129868616845,15.375776389004047,5041.248741948329,2,6,2,0,0,0,0,1002383.0
2023-06-15,1002383,49321070.34,49.2,0.4513,0.1255,4.31658781030108,2.8085997772236264,3.6695844813909435,13.883557055938066,5050.056347992681,3,6,2,0,0,0,0,1045469.0
2023-06-16,1045469,50339908.66,48.15,0.4906,0.1161,4.3855183123943275,2.7109259301269346,3.6694174106394706,13.271018712102345,4985.156956778416,4,6,2,0,0,0,0,810855.0
2023-06-17,810855,39657096.8,48.91,0.4785,0.1233,4.336781571490241,2.7845772239621693,3.6794931548689087,11.521765665985654,5007.188397024642,5,6,2,1,0,0,0,907295.0
2023-06-18,907295,44301440.03,48.83,0.4855,0.1154,4.367960724775943,2.735663785956664,3.704077129014582,13.459351171646826,4959.232365223849,6,6,2,1,0,0,0,1066855.0
2023-06-19,1066855,52351987.43,49.07,0.4625,0.124,4.353014262946671,2.6297138364761796,3.6185118598016364,14.540696742786,5002.720889077373,0,6,2,0,0,0,0,991811.0
2023-06-20,991811,50068985.92,50.48,0.4664,0.1144,4.299538614557709,2.5916905947241298,3.754348377536507,14.682452938795441,4973.976704066144,1,6,2,0,0,0,0,902104.0
2023-06-21,902104,46631974.91,51.69,0.4761,0.1275,4.307411588234005,2.786189347181069,3.6817303657719216,14.149610292886823,4968.14821494248,2,6,2,0,0,0,0,1019367.0
2023-06-22,1019367,48700503.36,47.78,0.4745,0.1265,4.374105497525291,2.7210616370771024,3.705318152858337,12.89301814638478,5031.294158404802,3,6,2,0,0,0,0,1032633.0
2023-06-23,1032633,50012733.97,48.43,0.4775,0.1357,4.319262329628144,2.7196758331437536,3.6370749037236996,11.17007235943239,5055.236766267867,4,6,2,0,0,0,0,922888.0
2023-06-24,922888,44083617.09,47.77,0.4855,0.1293,4.316246489546281,2.8175340331536094,3.732305529904292,12.949109447175823,5007.765983917747,5,6,2,1,0,0,0,980158.0
2023-06-25,980158,48291873.38,49.27,0.457,0.1217,4.29391942942525,2.853687394873616,3.6546379801077857,13.180643937111531,4963.626383256186,6,6,2,1,0,0,0,1003094.0
2023-06-26,1003094,48314575.62,48.17,0.4844,0.1291,4.348793031399979,2.7359607340968948,3.680872533848578,13.174167855594547,4938.315503251992,0,6,2,0,0,0,0,975454.0
2023-06-27,975454,48106455.49,49.32,0.4747,0.1158,4.4140676456775205,2.728473959605643,3.6198440440517468,14.297064398240137,4957.283698132804,1,6,2,0,0,0,0,954987.0
2023-06-28,954987,48319406.0,50.6,0.4726,0.1184,4.288575768730441,2.7936961211786753,3.616157340419672,15.943967634757643,4974.699569400055,2,6,2,0,0,0,0,1028318.0
2023-06-29,1028318,46415085.09,45.14,0.4599,0.1261,4.331949168533497,2.6430979658561986,3.699918896961842,13.716951876096795,4938.491178751616,3,6,2,0,0,0,0,1039753.0
2023-06-30,1039753,51621083.08,49.65,0.4797,0.1111,4.387165398338617,2.767478531542399,3.642833138077779,13.317359014155421,4888.268869522668,4,6,2,0,1,1,0,852649.0
2023-07-01,852649,41100752.97,48.2,0.4505,0.1238,4.327179999536918,2.7917560155456504,3.6218273131897107,13.276209478267997,4902.063282728001,5,7,3,1,0,0,0,909377.0
2023-07-02,909377,45076537.98,49.57,0.4812,0.1179,4.3481425116335695,2.800007811878509,3.631864430445988,13.747453781702674,4895.437416999034,6,7,3,1,0,0,0,1036042.0
2023-07-03,1036042,49229923.23,47.52,0.4598,0.1246,4.287226801111471,2.5886388748203877,3.6984765250985423,12.616194639710267,4992.831644908574,0,7,3,0,0,0,0,838850.0
2023-07-04,838850,42479718.94,50.64,0.4752,0.1175,4.3465226587625425,2.6806658350845636,3.6315823983775166,13.76734098210068,4995.900832645553,1,7,3,0,0,0,1,965079.0
2023-07-05,965079,48446916.98,50.2,0.4735,0.1265,4.321565379420862,2.669313863128162,3.656657112718556,14.17799634251426,5079.595203042566,2,7,3,0,0,0,0,982923.0
2023-07-06,982923,48818372.63,49.67,0.4864,0.124,4.36813407983162,2.7455720784097117,3.6627969645856364,13.90349071734766,5027.80815948463,3,7,3,0,0,0,0,893776.0
2023-07-07,893776,44677881.97,49.99,0.4729,0.1323,4.375847019212753,2.7740524499202173,3.565684002430199,14.216655546505688,4958.541726030093,4,7,3,0,0,0,0,880777.0
2023-07-08,880777,41980858.67,47.66,0.4678,0.1239,4.431573799463196,2.8533470709337605,3.5875011499828933,14.204697823559,4910.215608797146,5,7,3,1,0,0,0,888728.0
2023-07-09,888728,42513484.97,47.84,0.4697,0.1192,4.350809249151712,2.692035978341365,3.6773775440702714,11.575344603309048,4964.47427663973,6,7,3,1,0,0,0,1012163.0
2023-07-10,1012163,50484962.28,49.88,0.4875,0.1223,4.340281447454454,2.689856049064822,3.6232185187155217,14.484076955651012,5045.012649315626,0,7,3,0,0,0,0,1031115.0
2023-07-11,1031115,49062405.83,47.58,0.4801,0.1157,4.334643655864658,2.8196699261932636,3.7124127292842672,12.933588016093426,5011.0668773403795,1,7,3,0,0,0,0,1029702.0
2023-07-12,1029702,52397178.49,50.89,0.4709,0.1262,4.312353349852622,2.749462348757525,3.707423497633987,12.443502473060684,4991.779694094703,2,7,3,0,0,0,0,1005507.0
2023-07-13,1005507,48481260.04,48.22,0.4725,0.1273,4.339624114125652,2.8251940862199163,3.6945483981662637,12.453572064004284,4940.966079128754,3,7,3,0,0,0,0,1004913.0
2023-07-14,1004913,49680635.98,49.44,0.4592,0.1385,4.313866516162155,2.7449317490662435,3.7490855423380576,14.320241620034052,4862.466278587375,4,7,3,0,0,0,0,816182.0
2023-07-15,816182,42292546.71,51.82,0.4788,0.1199,4.332011889450687,2.627321523646599,3.653449642376574,13.554624231270703,4895.427419845515,5,7,3,1,0,0,0,860639.0
2023-07-16,860639,40960458.27,47.59,0.4573,0.122,4.377561307594146,2.611303758637192,3.689555530487438,11.825692348481123,4906.688798619749,6,7,3,1,0,0,0,1008764.0
2023-07-17,1008764,49166428.0,48.74,0.4824,0.1201,4.284172749544553,2.5919020790404748,3.627398882397366,14.440633423031535,4908.5802300829355,0,7,3,0,0,0,0,978470.0
2023-07-18,978470,49120281.76,50.2,0.4762,0.1248,4.36959974307255,2.7670621240461135,3.7787450974804884,12.162958815035704,4848.530634914414,1,7,3,0,0,0,0,1040402.0
2023-07-19,1040402,52051766.2,50.03,0.4988,0.1258,4.376252466538963,2.8072665558230283,3.7548161306116006,14.08231788321562,4922.060394793669,2,7,3,0,0,0,0,972643.0
2023-07-20,972643,46779714.74,48.1,0.464,0.1232,4.318401512980826,2.8582145562348336,3.6557364933785346,14.225294381675559,4901.245595706909,3,7,3,0,0,0,0,1011541.0
2023-07-21,1011541,48347346.92,47.8,0.474,0.13,4.237799587552687,2.775806756292105,3.6739799862874127,15.026848687506055,4926.283387559727,4,7,3,0,0,0,0,869108.0
2023-07-22,869108,41895140.11,48.2,0.4931,0.1197,4.297903584948533,2.7994841578929814,3.7221239393424437,16.127713676802657,4863.63954661094,5,7,3,1,0,0,0,917656.0
2023-07-23,917656,46534207.03,50.71,0.487,0.1293,4.37363209089829,2.658160531399987,3.6463106521232826,12.378070174503687,4856.733134910271,6,7,3,1,0,0,0,1048938.0
2023-07-24,1048938,50457074.76,48.1,0.4682,0.1266,4.3203666070368785,2.6101593902384983,3.620345177186013,13.979136642840665,4870.918596374841,0,7,3,0,0,0,0,1038572.0
2023-07-25,1038572,50497885.31,48.62,0.4774,0.1233,4.280831448811712,2.768795897654666,3.6963848089743627,13.737340373778213,4886.717552748033,1,7,3,0,0,0,0,908530.0
2023-07-26,908530,43471917.37,47.85,0.4752,0.1214,4.300127950089407,2.7323270110830746,3.6561164137252993,14.616674720382596,4894.96783202247,2,7,3,0,0,0,0,1057684.0
2023-07-27,1057684,52387810.78,49.53,0.4781,0.1378,4.353452369258579,2.705637231262651,3.6608534951618954,14.382586518396549,4918.255516497366,3,7,3,0,0,0,0,1076033.0
2023-07-28,1076033,52391166.15,48.69,0.4683,0.1183,4.341198756760851,2.726166686722734,3.609499720007777,13.728696175349334,4869.908500581819,4,7,3,0,0,0,0,857494.0
2023-07-29,857494,40245849.16,46.93,0.4744,0.125,4.3092672126092735,2.7191732761138163,3.5648393894084403,13.650978356676104,4880.012980922094,5,7,3,1,0,0,0,891839.0
2023-07-30,891839,41889396.2,46.97,0.4594,0.1187,4.303639851473972,2.794171463348162,3.662040024130005,12.86895437644966,4886.4619757137125,6,7,3,1,0,0,0,958154.0
2023-07-31,958154,43508341.06,45.41,0.4768,0.1338,4.302124094284353,2.7932188714606943,3.6949911116235596,15.423072859042218,4898.116949519271,0,7,3,0,1,0,0,906492.0
2023-08-01,906492,42734672.95,47.14,0.48,0.1284,4.280372878179462,2.731317821091248,3.6379629790697914,14.8179212621352,4902.766535306932,1,8,3,0,0,0,0,954559.0
2023-08-02,954559,47312031.44,49.56,0.4732,0.119,4.381352463532233,2.7536108738564256,3.720585302496033,15.39771421539843,4848.352092965393,2,8,3,0,0,0,0,973555.0
2023-08-03,973555,49011154.92,50.34,0.4594,0.1261,4.303306064708558,2.7252444068815063,3.613078725218583,13.95369763600883,4792.6201056306445,3,8,3,0,0,0,0,983932.0
2023-08-04,983932,48575349.54,49.37,0.4855,0.1245,4.364339980993028,2.645404914583951,3.595050240645337,13.568001680918254,4699.461198933318,4,8,3,0,0,0,0,826906.0
2023-08-05,826906,40647102.54,49.16,0.4793,0.1198,4.37595436008991,2.7410091135201986,3.6439350788265283,13.09249463971701,4735.584362540775,5,8,3,1,0,0,0,832051.0
2023-08-06,832051,40036080.12,48.12,0.4685,0.1274,4.354475564952595,2.5671161601817394,3.642678307054514,14.847666598684429,4772.422058959363,6,8,3,1,0,0,0,1000383.0
2023-08-07,1000383,49471856.72,49.45,0.473,0.1252,4.296713072662479,2.761185319445231,3.68481792682142,13.199918219438501,4810.236393350874,0,8,3,0,0,0,0,951986.0
2023-08-08,951986,46364925.48,48.7,0.4608,0.1241,4.329555202009258,2.579516816446775,3.607083118233843,16.696970107267468,4824.987313430371,1,8,3,0,0,0,0,1027231.0
2023-08-09,1027231,52351825.33,50.96,0.4656,0.1225,4.31185965637251,2.696154020883727,3.7137479571621035,12.940495746230598,4734.666227500976,2,8,3,0,0,0,0,1026107.0
2023-08-10,1026107,49348639.31,48.09,0.4706,0.1253,4.2760942693447035,2.6038950204361053,3.743201297984306,14.869328216325265,4692.532775473368,3,8,3,0,0,0,0,1092818.0
2023-08-11,1092818,54901686.81,50.24,0.4883,0.1241,4.324624970985034,2.714002530458413,3.6424106736516606,16.45259686214914,4701.155269880455,4,8,3,0,0,0,0,913641.0
2023-08-12,913641,45242289.49,49.52,0.4697,0.123,4.263890668668557,2.6652479864085414,3.706366043703697,15.322869431749643,4708.316637939466,5,8,3,1,0,0,0,877317.0
2023-08-13,877317,43246496.19,49.29,0.4825,0.1188,4.357954512945152,2.538618660665228,3.590568541359541,14.846505847295663,4700.310825029093,6,8,3,1,0,0,0,972887.0
2023-08-14,972887,43932657.08,45.16,0.4708,0.1327,4.291251150911822,2.698098802758682,3.696667570595964,13.505387975992981,4717.373843640709,0,8,3,0,0,0,0,1017247.0
2023-08-15,1017247,50405991.62,49.55,0.4787,0.1162,4.31726417452886,2.6164594489318342,3.694783641007581,13.041442010036853,4719.302021798865,1,8,3,0,0,0,0,1004010.0
2023-08-16,1004010,48141964.92,47.95,0.4749,0.1251,4.319924700501838,2.731441732866573,3.6851052419745565,15.655738308168699,4725.871865002286,2,8,3,0,0,0,0,963888.0
2023-08-17,963888,45744590.5,47.46,0.4851,0.1205,4.297605847630922,2.659319560984844,3.6406690131948545,16.571275482099946,4700.200300329257,3,8,3,0,0,0,0,1033854.0
2023-08-18,1033854,47436606.92,45.88,0.4711,0.133,4.330792134881408,2.689117342963029,3.493248744481652,14.26959818325255,4743.372107960604,4,8,3,0,0,0,0,811671.0
2023-08-19,811671,39027256.81,48.08,0.4608,0.117,4.287684059789705,2.5791549742975453,3.6083890944419124,13.461754051091205,4726.461634159665,5,8,3,1,0,0,0,869534.0
2023-08-20,869534,41846022.61,48.12,0.4628,0.1179,4.34088141983172,2.6068974275914063,3.608694148938814,11.911316334739613,4671.624814824908,6,8,3,1,0,0,0,1028332.0
2023-08-21,1028332,47409355.53,46.1,0.4713,0.1165,4.2515331728793,2.6156431397429616,3.590591941177745,13.716767760454045,4640.742132076248,0,8,3,0,0,0,0,981417.0
2023-08-22,981417,44979400.07,45.83,0.4642,0.1242,4.309763897306107,2.719167382732283,3.645131818565544,14.78992966434419,4627.630068917667,1,8,3,0,0,0,0,972291.0
2023-08-23,972291,47403330.97,48.75,0.4809,0.114,4.381595761575101,2.783125053972295,3.617586720258791,16.87795691106518,4670.649276141642,2,8,3,0,0,0,0,987301.0
2023-08-24,987301,48688970.86,49.32,0.4722,0.1193,4.263348781115836,2.5828316179521553,3.596819762121087,15.79951210890261,4670.309287924502,3,8,3,0,0,0,0,954947.0
2023-08-25,954947,46101427.16,48.28,0.5007,0.1092,4.275569224281247,2.731710468630956,3.58462607308687,15.390641186784242,4663.927953776686,4,8,3,0,0,0,0,922894.0
2023-08-26,922894,45868372.77,49.7,0.4597,0.1235,4.322545894092156,2.470312489502855,3.601306398866997,14.577219537104456,4613.231040135858,5,8,3,1,0,0,0,823782.0
2023-08-27,823782,39399920.58,47.83,0.4792,0.119,4.308476987844727,2.54668242242307,3.692673228063478,14.390419319412329,4647.394346830893,6,8,3,1,0,0,0,1002150.0
2023-08-28,1002150,47962375.32,47.86,0.4659,0.113,4.314616647883137,2.5638530339214127,3.6030634876917147,16.80987434454399,4621.634503849188,0,8,3,0,0,0,0,1014033.0
2023-08-29,1014033,47202019.17,46.55,0.4723,0.1284,4.319450258741871,2.5306992138308555,3.6098845336095744,15.396880056269985,4618.9060481659435,1,8,3,0,0,0,0,966742.0
2023-08-30,966742,44051840.94,45.57,0.4788,0.114,4.324556575544612,2.5105643171422067,3.6123135741769135,12.66578077221843,4682.3010430103495,2,8,3,0,0,0,0,1000553.0
2023-08-31,1000553,50701039.91,50.67,0.4542,0.1266,4.342834278720941,2.6686496792680465,3.651615376035702,14.413566859395543,4705.250797915397,3,8,3,0,1,0,0,955259.0
2023-09-01,955259,47353448.81,49.57,0.4799,0.1176,4.314111235834586,2.6168496447044665,3.656995681539736,14.22486702984925,4638.243529639841,4,9,3,0,0,0,0,927883.0
2023-09-02,927883,42468232.26,45.77,0.4966,0.1314,4.2873340354289695,2.662699720189491,3.481468150199722,14.63211436926887,4566.383436120502,5,9,3,1,0,0,0,804299.0
2023-09-03,804299,38666435.42,48.07,0.4732,0.1262,4.323146800493988,2.6859642818983764,3.6843007731108517,15.996016170962193,4565.164311038027,6,9,3,1,0,0,0,959346.0
2023-09-04,959346,45736211.16,47.67,0.4804,0.1156,4.371492310650847,2.6503619727532417,3.7045557165257508,15.224463323873525,4517.017959640927,0,9,3,0,0,0,0,935768.0
2023-09-05,935768,44352418.32,47.4,0.4881,0.1161,4.2894385453532955,2.6801267979969783,3.5797465594024915,15.294008529492674,4544.881044988452,1,9,3,0,0,0,0,922873.0
2023-09-06,922873,43538972.74,47.18,0.4763,0.1252,4.2550032772530795,2.6203432923347636,3.583159816479121,16.995235210035784,4548.033457182638,2,9,3,0,0,0,0,1067077.0
2023-09-07,1067077,51589385.21,48.35,0.4723,0.1199,4.3375019338193574,2.529353552388935,3.608781174684794,14.616099697718392,4556.2358603241355,3,9,3,0,0,0,0,1002581.0
2023-09-08,1002581,49111624.74,48.99,0.4554,0.1204,4.2876314325385,2.707352338952099,3.5930130332944787,17.721637936424877,4528.76805481619,4,9,3,0,0,0,0,873968.0
2023-09-09,873968,42251903.36,48.34,0.4847,0.129,4.204761594774617,2.574019463391871,3.641529244916107,14.711729614849272,4601.749852802128,5,9,3,1,0,0,0,832664.0
2023-09-10,832664,39588130.66,47.54,0.4772,0.1169,4.324780677682956,2.5447290235746114,3.5325265825311805,15.656986390689383,4722.482494447139,6,9,3,1,0,0,0,1035151.0
2023-09-11,1035151,49140988.01,47.47,0.4683,0.1219,4.268679864561376,2.603778670001594,3.5734766926764188,15.245098652920177,4712.14110123476,0,9,3,0,0,0,0,954278.0
2023-09-12,954278,46851965.66,49.1,0.4798,0.127,4.285674600452192,2.543429693194785,3.705853441833711,15.763179969372667,4728.62842572108,1,9,3,0,0,0,0,1024998.0
2023-09-13,1024998,49579297.31,48.37,0.4728,0.1261,4.30177185393903,2.5815097116446193,3.582003376639523,16.18105619266457,4734.271155447825,2,9,3,0,0,0,0,948108.0
2023-09-14,948108,45288695.67,47.77,0.4735,0.1202,4.295303116954405,2.640885154654708,3.690106868445821,16.200546810582956,4724.713155919144,3,9,3,0,0,0,0,965295.0
2023-09-15,965295,45936463.1,47.59,0.4849,0.1194,4.315245482381601,2.639692016281075,3.6452237321211287,14.808527636085076,4690.948788118895,4,9,3,0,0,0,0,903781.0
2023-09-16,903781,43510928.11,48.14,0.4656,0.1106,4.268626036465093,2.5384692595077643,3.5365150945946118,14.397015230733267,4646.83895619921,5,9,3,1,0,0,0,883655.0
2023-09-17,883655,41448952.56,46.91,0.4895,0.1147,4.3057416172012015,2.5697573878753275,3.658266890161801,18.780479277358086,4601.048719259525,6,9,3,1,0,0,0,1018369.0
2023-09-18,1018369,49721433.2,48.82,0.4652,0.1229,4.274001235248691,2.693205789689136,3.620139309374821,15.227963508979343,4619.328083063477,0,9,3,0,0,0,0,937030.0
2023-09-19,937030,43067747.45,45.96,0.4727,0.1201,4.313095072415773,2.6454636822849564,3.602771861672736,16.679778018757823,4599.23700290996,1,9,3,0,0,0,0,975065.0
2023-09-20,975065,45771582.56,46.94,0.4986,0.1213,4.307310747739277,2.770256604548585,3.637315906971468,13.943434219022603,4495.1741607671065,2,9,3,0,0,0,0,996872.0
2023-09-21,996872,48307867.22,48.46,0.4908,0.127,4.24442575044654,2.6971686015813576,3.648322864154153,15.568847136031053,4514.647710109902,3,9,3,0,0,0,0,948923.0
2023-09-22,948923,43486294.5,45.83,0.4806,0.1136,4.324423698817426,2.692815969724106,3.659494220180015,15.783415289604044,4514.535121750907,4,9,3,0,0,0,0,920451.0
2023-09-23,920451,41558695.28,45.15,0.4703,0.1193,4.258680868002254,2.4887644593231792,3.6825510142127036,16.5349940060731,4571.046075578391,5,9,3,1,0,0,0,766049.0
2023-09-24,766049,36454782.42,47.59,0.4745,0.1218,4.311570595830536,2.6594314452189827,3.6435692156816044,12.732117269347226,4587.890693218552,6,9,3,1,0,0,0,953674.0
2023-09-25,953674,42850797.19,44.93,0.4807,0.1164,4.293062551405442,2.5926100130931182,3.5539050711677165,16.229758001115584,4528.690815442523,0,9,3,0,0,0,0,972408.0
2023-09-26,972408,44256632.57,45.51,0.4804,0.1291,4.351015088169922,2.551323231060261,3.598529167548163,14.68190306344814,4440.143850842821,1,9,3,0,0,0,0,858165.0
2023-09-27,858165,41688901.26,48.58,0.4793,0.1259,4.267659701630812,2.6073935099948176,3.7688888331783277,16.481883572301935,4412.903574844128,2,9,3,0,0,0,0,931122.0
2023-09-28,931122,43875103.94,47.12,0.48,0.1222,4.2617301968064965,2.6681270133037556,3.657486258478549,14.880017841713121,4389.5585101086035,3,9,3,0,0,0,0,1020797.0
2023-09-29,1020797,50365857.3,49.34,0.4783,0.1312,4.274024550297017,2.631141736809692,3.7392516745036555,15.127841975021303,4428.403846971187,4,9,3,0,0,0,0,862876.0
2023-09-30,862876,39336750.64,45.59,0.4661,0.1113,4.2617665574724155,2.5193697462256295,3.690084934433114,15.85673654264382,4429.478621211674,5,9,3,1,1,1,0,982548.0
2023-10-01,982548,46413534.7,47.24,0.4755,0.1202,4.304977797663026,2.6476241363896302,3.6319295735136152,14.952818904557839,4476.3499536422605,6,10,4,1,0,0,0,1111889.0
2023-10-02,1111889,53328354.18,47.96,0.4899,0.1224,4.20740803872597,2.5358075351868465,3.63443638368503,15.675349682934376,4424.723302681403,0,10,4,0,0,0,0,1065016.0
2023-10-03,1065016,48554628.14,45.59,0.4672,0.1147,4.228987486544082,2.602743655477763,3.617063911003344,14.844165069686667,4464.774801787219,1,10,4,0,0,0,0,1065083.0
2023-10-04,1065083,52058780.15,48.88,0.4791,0.1219,4.227490975508974,2.5597428297624867,3.53152988943945,14.106480742189687,4495.296863108749,2,10,4,0,0,0,0,1033969.0
2023-10-05,1033969,49713037.83,48.08,0.473,0.1134,4.30727770393344,2.5651107354095783,3.618850016414169,17.557743488950848,4415.813204959337,3,10,4,0,0,0,0,922851.0
2023-10-06,922851,41420922.68,44.88,0.4824,0.1241,4.336746251821665,2.6425360542828398,3.6780092431909583,14.810682948366482,4470.142788354981,4,10,4,0,0,0,0,847756.0
2023-10-07,847756,40035088.04,47.22,0.4775,0.1263,4.263194083540403,2.496645088685062,3.587021707698395,16.181103474434085,4475.359285687342,5,10,4,1,0,0,0,904631.0
2023-10-08,904631,43281305.33,47.84,0.4963,0.1215,4.2596635472920035,2.7341075601396985,3.637129881257759,17.328398028811996,4492.640293187234,6,10,4,1,0,0,0,1071089.0
2023-10-09,1071089,49659956.24,46.36,0.4867,0.1087,4.268256905086839,2.431443842955571,3.658640641339917,15.7162292876986,4459.258096089193,0,10,4,0,0,0,0,1055646.0
2023-10-10,1055646,47517951.76,45.01,0.4687,0.114,4.310962401201214,2.5279635027138605,3.5701062605800304,15.493018186304353,4512.204802774598,1,10,4,0,0,0,0,996044.0
2023-10-11,996044,47446092.58,47.63,0.4887,0.1231,4.226419652198391,2.6040474799789077,3.5925546704717752,16.783575921105786,4465.7620762925835,2,10,4,0,0,0,0,1072341.0
2023-10-12,1072341,54172130.65,50.52,0.4743,0.1198,4.27206911297739,2.6198367037643755,3.5637541098330603,17.88229799225487,4500.8025219680685,3,10,4,0,0,0,0,1110721.0
2023-10-13,1110721,51764310.25,46.6,0.4764,0.1034,4.300556912247852,2.563721992210995,3.573071616095459,15.166096897024524,4535.650745161036,4,10,4,0,0,0,0,950427.0
2023-10-14,950427,47067571.62,49.52,0.4855,0.127,4.280601514138212,2.565844718011889,3.549330187604372,16.417402655054683,4497.532025330246,5,10,4,1,0,0,0,961904.0
2023-10-15,961904,44270916.95,46.02,0.4776,0.1203,4.2671438487480815,2.6019633574711705,3.5682189292369673,14.546694844353965,4580.037940476363,6,10,4,1,0,0,0,1013585.0
2023-10-16,1013585,48104778.35,47.46,0.4915,0.1145,4.2985993705085574,2.5493246276115036,3.6837453839026377,16.181755393431892,4591.099391554431,0,10,4,0,0,0,0,1086312.0
2023-10-17,1086312,52445025.96,48.28,0.475,0.1253,4.149419293259278,2.677962986912104,3.5665303448780445,16.72234689163579,4619.716715091201,1,10,4,0,0,0,0,1047095.0
2023-10-18,1047095,49310033.73,47.09,0.4767,0.1152,4.28364878081336,2.6323621874905134,3.618159104541851,15.683249333254668,4558.157562690021,2,10,4,0,0,0,0,1062714.0
2023-10-19,1062714,49567477.14,46.64,0.4765,0.1151,4.229350058021535,2.6337534561759774,3.58622500582008,16.187695854764115,4647.398628116835,3,10,4,0,0,0,0,1064485.0
2023-10-20,1064485,51268022.72,48.16,0.4775,0.1213,4.181261230384751,2.485355703465976,3.66984439479954,15.073287192228566,4597.977505486609,4,10,4,0,0,0,0,900555.0
2023-10-21,900555,44932680.93,49.89,0.4943,0.1298,4.273902264040412,2.5550253897120845,3.6759922236204803,16.882509631701623,4642.118279037036,5,10,4,1,0,0,0,860665.0
2023-10-22,860665,40874980.01,47.49,0.4898,0.1288,4.307362277798274,2.5360749045419633,3.6531709770062566,18.08348375394826,4602.264542121069,6,10,4,1,0,0,0,1040979.0
2023-10-23,1040979,48146917.28,46.25,0.5007,0.1212,4.245873942668436,2.4784072867283413,3.6248079347962934,15.526489420976821,4578.212149830093,0,10,4,0,0,0,0,1083507.0
2023-10-24,1083507,50627177.61,46.73,0.5064,0.1217,4.288436992883832,2.5864192523002174,3.5974823215387883,16.122040115715684,4612.35553375651,1,10,4,0,0,0,0,1013960.0
2023-10-25,1013960,51482561.91,50.77,0.4736,0.1236,4.313757458642028,2.513352686874896,3.54897601827233,17.498255403654678,4656.752679001531,2,10,4,0,0,0,0,1066473.0
2023-10-26,1066473,50317127.15,47.18,0.4848,0.1113,4.300801422434545,2.6075623973306707,3.7052810183625398,18.375428715747653,4605.304726340298,3,10,4,0,0,0,0,1079294.0
2023-10-27,1079294,49724409.49,46.07,0.4724,0.1226,4.312736149086978,2.4682880270769934,3.569656111827454,15.154575096817402,4652.270979485851,4,10,4,0,0,0,0,890903.0
2023-10-28,890903,40295215.37,45.23,0.4766,0.1143,4.275749607791318,2.6902073839774565,3.6403576379186573,16.769104112950934,4697.794056841407,5,10,4,1,0,0,0,968313.0
2023-10-29,968313,42792455.39,44.19,0.4782,0.1206,4.248003019472024,2.4797658305028683,3.659689528351094,17.33640248320551,4659.856047874284,6,10,4,1,0,0,0,1022975.0
2023-10-30,1022975,48551890.13,47.46,0.4741,0.1172,4.179822441607165,2.5678124672959344,3.5784835271847526,16.898931194872794,4728.962430057872,0,10,4,0,0,0,0,1118107.0
2023-10-31,1118107,53537787.05,47.88,0.4743,0.1215,4.232968217945305,2.6124203944296953,3.6576848557178163,14.073752347621891,4668.920453913262,1,10,4,0,1,0,0,1063298.0
2023-11-01,1063298,49220094.49,46.29,0.4835,0.1192,4.207984749038738,2.5022313196390025,3.6435319437060865,17.671462360952315,4644.2925025270915,2,11,4,0,0,0,0,1032109.0
2023-11-02,1032109,48351376.78,46.85,0.4729,0.1,4.3274504776508405,2.614898487961568,3.691256908212199,18.91735404373989,4665.9176920822365,3,11,4,0,0,0,0,1006890.0
2023-11-03,1006890,45409232.27,45.1,0.4937,0.1194,4.232469761949099,2.4471922916382014,3.5809292065927876,17.257882173028413,4631.761458002984,4,11,4,0,0,0,0,915807.0
2023-11-04,915807,43077915.99,47.04,0.4763,0.1221,4.243320090238341,2.660529921253676,3.539641524936878,15.904037092197768,4644.328297803216,5,11,4,1,0,0,0,909052.0
2023-11-05,909052,43221517.48,47.55,0.5137,0.1209,4.259332303135227,2.544333517363647,3.578198818178262,16.548823672411803,4655.977689896274,6,11,4,1,0,0,0,978629.0
2023-11-06,978629,45022220.12,46.01,0.4812,0.1175,4.237892271213897,2.49433728124688,3.6134549493353307,19.311416914070954,4649.706346371013,0,11,4,0,0,0,0,1029149.0
2023-11-07,1029149,50766428.42,49.33,0.4866,0.1279,4.302819803864607,2.5169718183308367,3.6054622627735737,18.302151159054304,4686.245936465218,1,11,4,0,0,0,0,1005061.0
2023-11-08,1005061,45752359.51,45.52,0.4731,0.1199,4.208975688725078,2.604483617863908,3.582419475611407,18.000630134964698,4678.198308908768,2,11,4,0,0,0,0,1071140.0
2023-11-09,1071140,50544574.85,47.19,0.5033,0.1206,4.240524182796814,2.4918849202956306,3.5061716331181634,17.68241980957053,4689.53647534654,3,11,4,0,0,0,0,1110078.0
2023-11-10,1110078,53305660.69,48.02,0.4976,0.1242,4.2018936113364145,2.477571547934852,3.6246961849908526,16.483208387107407,4739.772500718222,4,11,4,0,0,0,0,862540.0
2023-11-11,862540,40208344.64,46.62,0.4895,0.12,4.177638421566204,2.518683607584663,3.699330183569193,17.05745471069623,4775.233107669107,5,11,4,1,0,0,0,995501.0
2023-11-12,995501,46225434.12,46.43,0.4732,0.1124,4.204809790943822,2.4411434920482153,3.6234668431014847,17.225916376315286,4810.758436939418,6,11,4,1,0,0,0,1033852.0
2023-11-13,1033852,46067113.88,44.56,0.489,0.1031,4.226634668769021,2.679845453052221,3.630252777712494,17.99991006399877,4762.869225484171,0,11,4,0,0,0,0,993742.0
2023-11-14,993742,48418109.35,48.72,0.4758,0.1148,4.209773999389652,2.4877994062035076,3.6279603884493596,19.17183188119266,4787.038026105371,1,11,4,0,0,0,0,1072236.0
2023-11-15,1072236,49770193.56,46.42,0.5018,0.1221,4.198073566636599,2.5985569030596354,3.6187329806662825,18.72355183319673,4750.947843980165,2,11,4,0,0,0,0,1034333.0
2023-11-16,1034333,49092717.1,47.46,0.4955,0.1154,4.168336402531837,2.5477093067225756,3.6450068740247556,15.698407716876495,4698.064009647115,3,11,4,0,0,0,0,1041451.0
2023-11-17,1041451,49626508.63,47.65,0.4885,0.1223,4.220077959201465,2.4511206684560207,3.6177355945566987,17.690289307915464,4696.626928594207,4,11,4,0,0,0,0,893707.0
2023-11-18,893707,40828954.77,45.68,0.4634,0.1183,4.1620208418994284,2.5283462599943665,3.5818767949643093,18.325138837142063,4660.140795882224,5,11,4,1,0,0,0,872915.0
2023-11-19,872915,40430193.73,46.32,0.4781,0.125,4.25141377178441,2.5904896540387754,3.557255360854575,18.202881359974974,4695.014873363222,6,11,4,1,0,0,0,1081831.0
2023-11-20,1081831,52576512.19,48.6,0.4949,0.1155,4.22310540919889,2.511662869306605,3.5841506882808503,16.724090876038165,4731.169747862697,0,11,4,0,0,0,0,1013858.0
2023-11-21,1013858,45529654.72,44.91,0.5004,0.12,4.16029646221296,2.6211347041687665,3.6118508241608236,20.99471882876087,4652.429382638897,1,11,4,0,0,0,0,986739.0
2023-11-22,986739,49100462.01,49.76,0.4995,0.1202,4.205015287232166,2.6063763385682592,3.579885594999132,15.983594322180032,4619.450751436076,2,11,4,0,0,0,0,905283.0
2023-11-23,905283,41132911.79,45.44,0.4727,0.1261,4.186076954923188,2.5971452784918743,3.6109524881708177,16.234267075729015,4560.713360580413,3,11,4,0,0,0,1,989269.0
2023-11-24,989269,44289549.36,44.77,0.4918,0.1068,4.227704192754021,2.4858440734908926,3.6167392907169282,17.83209188831857,4543.315419800717,4,11,4,0,0,0,0,850387.0
2023-11-25,850387,39732785.57,46.72,0.4991,0.1142,4.267323679324352,2.435221284416866,3.63598740648682,20.10931101563916,4563.525825726844,5,11,4,1,0,0,0,975489.0
2023-11-26,975489,48601544.93,49.82,0.4725,0.1219,4.137461667347594,2.47152127400539,3.658015256943769,16.58276592201166,4555.144182654313,6,11,4,1,0,0,0,991911.0
2023-11-27,991911,43276418.02,43.63,0.4892,0.1261,4.215826976951347,2.535314694309166,3.5973233775030535,17.283938825316678,4532.582664642465,0,11,4,0,0,0,0,934270.0
2023-11-28,934270,43228545.95,46.27,0.4922,0.1182,4.2035724600651205,2.5622930241676127,3.527582102707775,18.91209705429659,4587.5051965205785,1,11,4,0,0,0,0,1075683.0
2023-11-29,1075683,50752267.72,47.18,0.4866,0.1149,4.235577690896761,2.3439265709065693,3.575264078627277,17.613998477796322,4494.865703444973,2,11,4,0,0,0,0,1033465.0
2023-11-30,1033465,48059439.76,46.5,0.4713,0.1211,4.215992754116142,2.516032948084077,3.594271194265236,17.249671502664985,4546.742754535652,3,11,4,0,1,0,0,1045808.0
2023-12-01,1045808,49164858.91,47.01,0.4867,0.1217,4.176121409360194,2.5283663842230406,3.4998288422411545,18.345391375560535,4526.0801913665155,4,12,4,0,0,0,0,912097.0
2023-12-02,912097,41361066.52,45.35,0.4869,0.1143,4.192167818589646,2.492560464855922,3.6606001537417865,18.008760041297542,4524.4559770834585,5,12,4,1,0,0,0,930760.0
2023-12-03,930760,42359382.95,45.51,0.4889,0.1184,4.171813242072338,2.617118184734058,3.597835906381773,18.933040484521175,4504.583487167664,6,12,4,1,0,0,0,1014774.0
2023-12-04,1014774,46855537.31,46.17,0.4849,0.1234,4.245413376306242,2.546618464587182,3.609335172637426,19.260719201787,4569.144906127181,0,12,4,0,0,0,0,1119847.0
2023-12-05,1119847,50042730.75,44.69,0.4863,0.1276,4.20193889231458,2.6167586965935743,3.658094813117358,18.09346812103794,4520.362627932616,1,12,4,0,0,0,0,988821.0
2023-12-06,988821,45783309.23,46.3,0.4905,0.1206,4.275841917638604,2.493741287156262,3.5578627482931697,18.088915212497557,4522.401171921449,2,12,4,0,0,0,0,1075231.0
2023-12-07,1075231,49214246.99,45.77,0.4955,0.1164,4.196070256729709,2.585098607619967,3.617623828674719,18.00920249217927,4545.490146241828,3,12,4,0,0,0,0,1082153.0
2023-12-08,1082153,49384053.41,45.64,0.4882,0.1157,4.168857359860206,2.6399954886653862,3.582980812619246,18.352319572457915,4481.610018379981,4,12,4,0,0,0,0,892775.0
2023-12-09,892775,41788093.82,46.81,0.4874,0.1193,4.135336545164289,2.613222906018699,3.5788224081718005,17.84431986386851,4446.198167898844,5,12,4,1,0,0,0,885270.0
2023-12-10,885270,38581320.93,43.58,0.4926,0.1152,4.1224455800757545,2.420020834098808,3.548970312774105,17.78979414190817,4441.810998652598,6,12,4,1,0,0,0,1097191.0
2023-12-11,1097191,50421431.6,45.96,0.4726,0.117,4.129886338384966,2.4862102796130383,3.67041372317111,19.238541584082945,4408.034381394072,0,12,4,0,0,0,0,1004333.0
2023-12-12,1004333,49976596.65,49.76,0.4968,0.1094,4.202612020593672,2.478010860388152,3.5679126422716547,19.633647180384106,4377.314945416738,1,12,4,0,0,0,0,1037898.0
2023-12-13,1037898,46333986.89,44.64,0.4922,0.1235,4.21094571009594,2.543891531213023,3.621215391658713,16.016615514823336,4365.068983243711,2,12,4,0,0,0,0,1098665.0
2023-12-14,1098665,52940227.4,48.19,0.4928,0.1088,4.1260134185110005,2.558794038570742,3.4920468000105105,17.84872687045244,4392.189069659569,3,12,4,0,0,0,0,1063530.0
2023-12-15,1063530,49269252.66,46.33,0.5022,0.113,4.223721505989261,2.4359163735897145,3.6443520427504823,17.020940402845675,4380.1855998298715,4,12,4,0,0,0,0,849153.0
2023-12-16,849153,38488916.58,45.33,0.4732,0.1161,4.167251054147439,2.5076043427420665,3.637519079535633,17.484528674779515,4424.445752313869,5,12,4,1,0,0,0,1007102.0
2023-12-17,1007102,44550452.81,44.24,0.4732,0.1274,4.191093341933517,2.3397399829394123,3.589336593090695,18.350681800536382,4386.420663386237,6,12,4,1,0,0,0,1026875.0
2023-12-18,1026875,47660755.05,46.41,0.4959,0.1128,4.248353180720421,2.6158541044140358,3.5726745922477656,18.680602281012998,4338.787315794479,0,12,4,0,0,0,0,1040977.0
2023-12-19,1040977,50352730.08,48.37,0.4933,0.1113,4.218375277653687,2.4586803182748307,3.6035790077276264,17.75198317417926,4416.205764911945,1,12,4,0,0,0,0,1080870.0
2023-12-20,1080870,49280611.68,45.59,0.4952,0.1119,4.170392450170357,2.5033185378215315,3.6975762980675198,15.599428818127917,4391.665134531905,2,12,4,0,0,0,0,1094227.0
2023-12-21,1094227,50381092.13,46.04,0.4891,0.1251,4.1441125860720565,2.4732640143299482,3.494533155108114,16.745927379209586,4341.672728140249,3,12,4,0,0,0,0,1141002.0
2023-12-22,1141002,54387547.28,47.67,0.5006,0.0982,4.092308892218025,2.5889121619592195,3.621355053682089,18.987968024099647,4275.627707265392,4,12,4,0,0,0,0,875077.0
2023-12-23,875077,40821582.99,46.65,0.5035,0.109,4.148231249060418,2.2694307926345383,3.536231984431301,14.631483534525247,4318.7103826660095,5,12,4,1,0,0,0,958677.0
2023-12-24,958677,41957816.5,43.77,0.4992,0.1313,4.167162692358322,2.4943112116139172,3.580376567708467,19.352374154930246,4306.973010085676,6,12,4,1,0,0,0,920063.0
2023-12-25,920063,42562241.73,46.26,0.4919,0.1184,4.134725893525219,2.486390639908082,3.5685385940642584,18.56004248266442,4298.656190246837,0,12,4,0,0,0,1,1045224.0
2023-12-26,1045224,50554597.73,48.37,0.4736,0.1082,4.167562627292212,2.4577886926545847,3.5590772758928577,19.52072042456104,4294.007362424533,1,12,4,0,0,0,0,1092756.0
2023-12-27,1092756,50300225.38,46.03,0.5026,0.1145,4.174481477320165,2.631408543108646,3.579530999122112,17.70940561470806,4334.853995649558,2,12,4,0,0,0,0,1115272.0
2023-12-28,1115272,46797909.78,41.96,0.5073,0.115,4.161002329363386,2.421562221987467,3.52290724488603,15.480017734168365,4329.3761192322645,3,12,4,0,0,0,0,993939.0
2023-12-29,993939,46360092.99,46.64,0.5017,0.1196,4.142580308541656,2.5535377661610297,3.6306368520684615,18.47579036593889,4423.235652829378,4,12,4,0,0,0,0,1000722.0
2023-12-30,1000722,45783134.29,45.75,0.4867,0.1255,4.1739051241444765,2.5195471128251268,3.4890331661031233,19.494224549552285,4430.121988797471,5,12,4,1,0,0,0,851757.0
2023-12-31,851757,36873855.97,43.29,0.5024,0.1168,4.183409776889864,2.591228562357307,3.60529156374425,19.079226570779817,4474.234322408606,6,12,4,1,1,1,0,857551.0
2024-01-01,857551,37306715.34,43.5,0.5045,0.1111,4.120684095348905,2.4361993325044504,3.561540028702679,17.178883618947317,4508.365625292225,0,1,1,0,0,0,1,1060687.0
2024-01-02,1060687,50353734.98,47.47,0.5117,0.119,4.219299960772939,2.4302116790309474,3.518884548398459,18.0824125140607,4508.476209082652,1,1,1,0,0,0,0,1160767.0
2024-01-03,1160767,52117369.52,44.9,0.4875,0.11,4.157476452674387,2.575816799420374,3.5871144236551435,17.342713837968105,4486.304406282527,2,1,1,0,0,0,0,1063716.0
2024-01-04,1063716,47467293.46,44.62,0.4942,0.1079,4.160725986112312,2.5214462009924716,3.4987126548453564,17.0024475817185,4501.316976761465,3,1,1,0,0,0,0,1066872.0
2024-01-05,1066872,48990226.44,45.92,0.5042,0.1035,4.1868473177502175,2.363122061004868,3.5781113480814035,19.13511501771656,4523.627419948633,4,1,1,0,0,0,0,1015190.0
2024-01-06,1015190,45677860.79,44.99,0.4975,0.1046,4.166388847593963,2.4428764519824138,3.5045477549170534,16.554322387225934,4501.967223642061,5,1,1,1,0,0,0,932625.0
2024-01-07,932625,42992689.17,46.1,0.4859,0.1085,4.1937218565736405,2.5162425107265216,3.5983216450694187,16.92112457250505,4510.307313389568,6,1,1,1,0,0,0,1025015.0
2024-01-08,1025015,46773791.09,45.63,0.5015,0.1068,4.165612279452189,2.551671311005156,3.528607113685819,16.670847068230664,4562.383372452215,0,1,1,0,0,0,0,1064803.0
2024-01-09,1064803,46983708.88,44.12,0.5033,0.1157,4.128155477592905,2.429637213991546,3.551842719729832,16.208984506717847,4649.822024040752,1,1,1,0,0,0,0,1137828.0
2024-01-10,1137828,51367832.19,45.15,0.4986,0.1065,4.165633516733723,2.250167886464512,3.5886578326227943,18.17421236025931,4687.375184391915,2,1,1,0,0,0,0,1070381.0
2024-01-11,1070381,49841762.41,46.56,0.5001,0.0948,4.103939479248452,2.5245061144996996,3.5349017044364643,19.39318236038109,4768.311844279885,3,1,1,0,0,0,0,1163179.0
2024-01-12,1163179,53449681.44,45.95,0.4955,0.1073,4.152540821464498,2.3843696809917034,3.5701995627329066,17.778019797038503,4743.062040296816,4,1,1,0,0,0,0,989586.0
2024-01-13,989586,45277303.55,45.75,0.5131,0.1107,4.145373898335009,2.3199624792249853,3.496975697950813,16.193097395468897,4774.814204699656,5,1,1,1,0,0,0,914043.0
2024-01-14,914043,44578820.66,48.77,0.4895,0.1098,4.136877852542662,2.2541249139088215,3.6037809728207355,19.0076806895621,4834.4006695100325,6,1,1,1,0,0,0,1064259.0
2024-01-15,1064259,49966786.4,46.95,0.4929,0.1225,4.138555224455929,2.5451980069250597,3.6600533635975916,20.021971497105973,4797.264304128637,0,1,1,0,0,0,0,1039357.0
2024-01-16,1039357,48974848.3,47.12,0.4991,0.1096,4.066911735393957,2.4897446169563464,3.7109891101640007,17.222650494621192,4778.044626090874,1,1,1,0,0,0,0,1047328.0
2024-01-17,1047328,47738442.25,45.58,0.5079,0.1185,4.118720452390039,2.4607855129600935,3.5755085820356176,17.42251791779475,4855.094847762984,2,1,1,0,0,0,0,1269473.0
2024-01-18,1269473,58584745.98,46.15,0.4844,0.113,4.142861780333335,2.589349881513185,3.609932405875252,18.613847578821613,4814.388688237505,3,1,1,0,0,0,0,1109155.0
2024-01-19,1109155,50090100.02,45.16,0.4865,0.1128,4.144015564526435,2.528610909453651,3.481063457234318,19.939205348891583,4758.32377467501,4,1,1,0,0,0,0,983479.0
2024-01-20,983479,46186366.37,46.96,0.4794,0.108,4.094982421559796,2.6063330203762485,3.6448045188603,17.366688408474175,4825.93289960225,5,1,1,1,0,0,0,924251.0
2024-01-21,924251,42163436.28,45.62,0.5003,0.1126,4.185180657745862,2.365021327502169,3.6080528107753285,16.3887129855296,4879.935103859348,6,1,1,1,0,0,0,1141890.0
2024-01-22,1141890,52649116.2,46.11,0.489,0.1082,4.09836307038616,2.47309431603157,3.5446188193201023,18.74214954742557,4900.700770588267,0,1,1,0,0,0,0,1119883.0
2024-01-23,1119883,51518212.44,46.0,0.4966,0.1138,4.170240880505484,2.345946534991286,3.6302491623486626,18.939754958364826,4900.436256167929,1,1,1,0,0,0,0,1158674.0
2024-01-24,1158674,52979182.23,45.72,0.5072,0.1113,4.146997707724754,2.4563652816838353,3.5552414757079718,17.984289056558676,4882.879689250544,2,1,1,0,0,0,0,1161248.0
2024-01-25,1161248,58233697.49,50.15,0.4944,0.1069,4.102502998799517,2.4542658730493816,3.544639705734383,17.30286193129196,4897.037992034271,3,1,1,0,0,0,0,999709.0
2024-01-26,999709,44716357.11,44.73,0.5033,0.1185,4.197801506553694,2.5237305008201605,3.590883926337457,19.161199860345526,4968.9415426612595,4,1,1,0,0,0,0,893095.0
2024-01-27,893095,39925702.91,44.7,0.4982,0.115,4.077475403435264,2.4766997695156503,3.5135262017867697,18.596545719650585,4981.406126000685,5,1,1,1,0,0,0,902401.0
2024-01-28,902401,42186167.13,46.75,0.5082,0.1097,4.160413680146686,2.522387445126566,3.6173524449347276,17.035371238280035,5081.331369713811,6,1,1,1,0,0,0,1030739.0
2024-01-29,1030739,46181425.04,44.8,0.5064,0.1132,4.162092277454701,2.5282572505997423,3.5130495309699494,18.010633761563362,5042.2403801135815,0,1,1,0,0,0,0,1095682.0
2024-01-30,1095682,49578721.01,45.25,0.495,0.1117,4.093660487281054,2.6438504356911183,3.512924633530546,16.32353286486436,5043.156885835806,1,1,1,0,0,0,0,1045217.0
2024-01-31,1045217,46037740.72,44.05,0.5004,0.107,4.174595062238032,2.4457134309533983,3.519521773347145,18.762148621973783,5028.057874155677,2,1,1,0,1,0,0,1180414.0
2024-02-01,1180414,54774230.84,46.4,0.5127,0.1125,4.107300592176176,2.3951432740141305,3.6025606943641035,17.617535116286508,4980.9807189883595,3,2,1,0,0,0,0,1172112.0
2024-02-02,1172112,54399099.64,46.41,0.5064,0.1083,4.127251052595998,2.4896065951262365,3.533326895790204,17.40213572780692,4975.911266927129,4,2,1,0,0,0,0,955680.0
2024-02-03,955680,43169640.19,45.17,0.4888,0.1063,4.124511891940611,2.405239192869155,3.496346389362988,17.877951565605784,4996.432491119249,5,2,1,1,0,0,0,1040145.0
2024-02-04,1040145,48581403.66,46.71,0.5095,0.1021,4.107117240110269,2.5874870029616397,3.5330432383149177,17.957822238855492,5021.868576238268,6,2,1,1,0,0,0,1146109.0
2024-02-05,1146109,49095587.11,42.84,0.4923,0.1096,4.143307356557182,2.4457880859640277,3.561306726199006,18.97506193737663,5122.774648374827,0,2,1,0,0,0,0,1061780.0
2024-02-06,1061780,47306037.87,44.55,0.5175,0.1151,4.140994878819011,2.4227216320680878,3.503442375335665,18.601789202456906,5146.0872509804585,1,2,1,0,0,0,0,998607.0
2024-02-07,998607,45285597.26,45.35,0.5138,0.1075,4.0376892279142265,2.429791504568916,3.5044896488889288,17.695767038992688,5201.506704879623,2,2,1,0,0,0,0,1068313.0
2024-02-08,1068313,46829844.93,43.84,0.5067,0.1267,4.1581741698170225,2.524505968606824,3.6672217775724727,18.79048158305687,5206.478961605253,3,2,1,0,0,0,0,1056793.0
2024-02-09,1056793,45400630.87,42.96,0.5056,0.1168,4.037865814135031,2.453955403446389,3.5182125005757032,18.345231316658108,5287.61403553943,4,2,1,0,0,0,0,1179691.0
2024-02-10,1179691,53218390.58,45.11,0.5021,0.1192,4.14402715952086,2.4147911618237816,3.544673017263464,17.342340238119167,5404.94429392004,5,2,1,1,0,0,0,1168249.0
2024-02-11,1168249,54446538.43,46.61,0.5112,0.1161,4.146148222441755,2.59890874701673,3.542048207297218,17.694158827085385,5432.802322634291,6,2,1,1,0,0,0,1332229.0
2024-02-12,1332229,63251158.44,47.48,0.5009,0.1224,4.055790957061722,2.3967498161047325,3.5389276969433876,17.655162880311593,5386.42824788602,0,2,1,0,0,0,0,1345350.0
2024-02-13,1345350,60169408.65,44.72,0.5072,0.1065,4.081341535438648,2.4676582051901597,3.5906489143428297,18.428203935452302,5361.827061569637,1,2,1,0,0,0,0,1273119.0
2024-02-14,1273119,59372155.04,46.64,0.5138,0.0958,4.051885311948583,2.516573615892965,3.6065753265540166,17.36997478476027,5377.394165826322,2,2,1,0,0,0,0,1110137.0
2024-02-15,1110137,51599968.91,46.48,0.4997,0.1084,4.085850951867633,2.333465190289819,3.5434576224670393,17.330075537872837,5401.486877946463,3,2,1,0,0,0,0,1055095.0
2024-02-16,1055095,49952874.38,47.34,0.4993,0.1143,4.080455622333764,2.5019823675815824,3.4965191597057075,20.148894473562247,5437.514931295572,4,2,1,0,0,0,0,960137.0
2024-02-17,960137,43188808.3,44.98,0.4938,0.1118,4.122287525371444,2.3787490767377446,3.621653382047055,18.901543426305164,5462.060749275003,5,2,1,1,0,0,0,1001872.0
2024-02-18,1001872,42880346.08,42.8,0.4953,0.1125,4.141832477544931,2.5285830933361435,3.5527531809884514,16.84827274843239,5464.384022575595,6,2,1,1,0,0,0,1027683.0
2024-02-19,1027683,46856277.75,45.59,0.4879,0.1187,4.143561420429839,2.3853577684720575,3.643625761103747,18.432914576113387,5435.155745244649,0,2,1,0,0,0,0,1074081.0
2024-02-20,1074081,47215577.47,43.96,0.5136,0.113,4.0635562073066955,2.5174073305219706,3.4444203818564185,17.876258070535947,5456.792407499013,1,2,1,0,0,0,0,1078304.0
2024-02-21,1078304,47861038.82,44.39,0.5247,0.1154,4.075977837216416,2.550074973201534,3.56606041737379,18.190214453655887,5550.671555076397,2,2,1,0,0,0,0,1063236.0
2024-02-22,1063236,47856234.73,45.01,0.521,0.1049,4.015307895006415,2.5301523124855785,3.651811727417218,17.870941841816506,5603.891851481516,3,2,1,0,0,0,0,1121711.0
2024-02-23,1121711,50414824.37,44.94,0.4907,0.1039,4.04870426056182,2.480978308537389,3.5378099348395007,19.11914854895097,5632.970238534957,4,2,1,0,0,0,0,923210.0
2024-02-24,923210,42150573.03,45.66,0.5145,0.1201,4.11782170229097,2.442010992143586,3.543790779439969,18.091434619896443,5687.474769613739,5,2,1,1,0,0,0,932904.0
2024-02-25,932904,43370936.63,46.49,0.5216,0.1109,4.142134460052165,2.414050077834419,3.569433923919563,17.58696614822236,5670.573719345906,6,2,1,1,0,0,0,1049417.0
2024-02-26,1049417,47092902.15,44.88,0.5031,0.1065,4.026415641912049,2.57750146169934,3.5263120184956396,18.89655508474191,5646.746800432256,0,2,1,0,0,0,0,1137807.0
2024-02-27,1137807,52352684.27,46.01,0.5089,0.1064,4.050364418725585,2.403520557968236,3.5382422659297057,17.909995593731924,5610.912482047766,1,2,1,0,0,0,0,1067024.0
2024-02-28,1067024,48477191.91,45.43,0.488,0.1062,4.071275096796524,2.3761828058844947,3.536549745531626,17.75963029705763,5606.6296504836355,2,2,1,0,0,0,0,1106066.0
2024-02-29,1106066,51769192.82,46.8,0.511,0.1057,4.081801060098743,2.51205193004925,3.521664687466578,17.974162887330515,5587.409952793309,3,2,1,0,1,0,0,1182673.0
2024-03-01,1182673,53350824.18,45.11,0.4979,0.1022,4.036468711275309,2.3948121818660595,3.6140743635015724,17.468164043354587,5650.559672573715,4,3,1,0,0,0,0,959159.0
2024-03-02,959159,43417929.12,45.27,0.5107,0.1008,4.084068486757598,2.382185124569032,3.5752818388837135,17.574407793699677,5628.489508368474,5,3,1,1,0,0,0,1017840.0
2024-03-03,1017840,45614831.27,44.82,0.4933,0.1086,4.046400621467671,2.3423952888466335,3.564356341239497,16.84182596839678,5590.01062133965,6,3,1,1,0,0,0,1172565.0
2024-03-04,1172565,52912589.19,45.13,0.5146,0.1061,4.063019215194092,2.41895059502877,3.5918510650443984,16.626668583762992,5690.676270616232,0,3,1,0,0,0,0,1144652.0
2024-03-05,1144652,50577227.59,44.19,0.5196,0.1163,4.083686749736813,2.450672239120116,3.537802902415059,16.31168245182983,5669.673703522462,1,3,1,0,0,0,0,1100472.0
2024-03-06,1100472,48452826.89,44.03,0.5017,0.1113,4.0603253102658226,2.476449124008441,3.511909278449987,15.821174770478663,5679.585837915339,2,3,1,0,0,0,0,1126678.0
2024-03-07,1126678,52400523.79,46.51,0.4984,0.1111,4.0408409920981265,2.532824895325863,3.5200876269512595,16.4171740838172,5704.785282370464,3,3,1,0,0,0,0,1035508.0
2024-03-08,1035508,45264851.57,43.71,0.4884,0.1049,4.052135015076324,2.4985970840584537,3.549907966176038,17.244689393841266,5648.784382674119,4,3,1,0,0,0,0,928580.0
2024-03-09,928580,41647915.53,44.85,0.5076,0.1086,4.051202842286635,2.440906550425924,3.4964588013655566,17.55822291549009,5714.033209690338,5,3,1,1,0,0,0,939176.0
2024-03-10,939176,43996002.15,46.85,0.5046,0.1114,4.038149849387218,2.440057954062558,3.524007510940544,17.08929737191332,5748.993012948885,6,3,1,1,0,0,0,1208738.0
2024-03-11,1208738,54134277.37,44.79,0.4951,0.1135,4.04080635706858,2.4964696670150732,3.5228165085795635,14.568082363709436,5832.325585070114,0,3,1,0,0,0,0,1044130.0
2024-03-12,1044130,48604829.35,46.55,0.5154,0.1085,4.1133069769725745,2.5572123036729506,3.6544525365783067,19.264207818446025,5798.902080972604,1,3,1,0,0,0,0,1051098.0
2024-03-13,1051098,46683010.57,44.41,0.5066,0.1155,4.0699957427112965,2.46526758607805,3.409136969604805,18.65796480352813,5806.201908416761,2,3,1,0,0,0,0,1045905.0
2024-03-14,1045905,45722955.2,43.72,0.5005,0.109,4.033932613218411,2.4173938580185683,3.538450330734822,17.868294306863973,5810.385219122044,3,3,1,0,0,0,0,1108845.0
2024-03-15,1108845,47562276.46,42.89,0.506,0.1136,4.071817852172097,2.375263017547515,3.633320216923998,19.601277052863015,5826.33418727414,4,3,1,0,0,0,0,979344.0
2024-03-16,979344,46271847.19,47.25,0.5224,0.1059,4.028769737722356,2.3388499209682743,3.5527325728257506,16.11807160046654,5752.66229539644,5,3,1,1,0,0,0,1000136.0
2024-03-17,1000136,43572356.5,43.57,0.518,0.0978,4.087225337729919,2.5075480116228657,3.5839166590644718,19.534396156540858,5760.513792451929,6,3,1,1,0,0,0,1129369.0
2024-03-18,1129369,52386491.4,46.39,0.5108,0.1103,4.053258870706891,2.500270844662533,3.5508431519393704,16.08904643908526,5689.1167032963995,0,3,1,0,0,0,0,1030920.0
2024-03-19,1030920,45111124.99,43.76,0.5185,0.1129,4.032348926177558,2.5000137766686703,3.5120918345069945,17.511568718930477,5709.586612527273,1,3,1,0,0,0,0,1066790.0
2024-03-20,1066790,50381718.16,47.23,0.501,0.112,4.052712518224831,2.4433300555017774,3.43296999239161,15.673983597010183,5603.29889077601,2,3,1,0,0,0,0,1155314.0
2024-03-21,1155314,56096113.05,48.55,0.5131,0.111,3.9701266268723145,2.5659816696586937,3.5549464787547667,17.197454558720175,5512.719567930748,3,3,1,0,0,0,0,1085520.0
2024-03-22,1085520,46360761.18,42.71,0.5145,0.1063,3.9860438106038147,2.414507428875479,3.5055018907637616,17.620185587546136,5555.519612384881,4,3,1,0,0,0,0,1019706.0
2024-03-23,1019706,44463810.13,43.6,0.5085,0.1034,3.981505352249279,2.529474382885474,3.503874600147474,16.94785527135652,5530.2745836993,5,3,1,1,0,0,0,954484.0
2024-03-24,954484,44273732.69,46.38,0.5178,0.1115,4.033122928241107,2.449775242007641,3.5185517815529703,17.966571090060338,5483.337264220446,6,3,1,1,0,0,0,1050537.0
2024-03-25,1050537,48312688.75,45.99,0.5058,0.1107,4.094843667199239,2.404034313467523,3.630354614574519,17.204909503927833,5548.450941665597,0,3,1,0,0,0,0,1081938.0
2024-03-26,1081938,50178309.88,46.38,0.5189,0.1047,4.112927948647965,2.4999383485927447,3.662964448801092,16.43511095828812,5566.880144414693,1,3,1,0,0,0,0,1055527.0
2024-03-27,1055527,46808439.21,44.35,0.5196,0.1146,4.047325877200408,2.4851461880794536,3.553194625119383,16.357494552428406,5612.80758066176,2,3,1,0,0,0,0,1066328.0
2024-03-28,1066328,51377746.97,48.18,0.4851,0.1026,4.039960519160124,2.4807782958863784,3.5187081542648384,17.986177400704783,5606.476437630192,3,3,1,0,0,0,0,1112838.0
2024-03-29,1112838,50491417.62,45.37,0.5264,0.1043,3.94600235637206,2.4585737041139635,3.48269811401907,16.203752251626284,5745.4414572145615,4,3,1,0,0,0,0,986018.0
2024-03-30,986018,42757071.39,43.36,0.4842,0.1176,3.994450659724594,2.448896694213357,3.5645999961622032,18.06164260627041,5716.369350478469,5,3,1,1,0,0,0,886453.0
2024-03-31,886453,39716040.24,44.8,0.5087,0.1129,3.982754229821837,2.6428603422233676,3.6299324565892763,18.405087184560326,5808.963617109338,6,3,1,1,1,1,0,1058631.0
2024-04-01,1058631,45914950.54,43.37,0.5254,0.1055,3.987534668134228,2.546399264432627,3.528034982586977,14.909811153635388,5807.892753592821,0,4,2,0,0,0,0,1017226.0
2024-04-02,1017226,48377403.76,47.56,0.5122,0.1093,4.003740837207613,2.5093587186518973,3.421067663644581,18.245978128486538,5724.156698086831,1,4,2,0,0,0,0,1008966.0
2024-04-03,1008966,44571822.82,44.18,0.5009,0.1084,3.9896760121547343,2.460355994286514,3.5731360529469636,19.332939482435236,5751.2025957163005,2,4,2,0,0,0,0,1055179.0
2024-04-04,1055179,48432228.56,45.9,0.5048,0.0909,3.9274757172541195,2.5318697686207514,3.5885203000681565,17.136572857690087,5769.641988119516,3,4,2,0,0,0,0,1021304.0
2024-04-05,1021304,45396414.73,44.45,0.5262,0.1019,4.034647225051377,2.492627517914624,3.4595754206143674,17.526579028341025,5717.4128589730535,4,4,2,0,0,0,0,977423.0
2024-04-06,977423,43228624.12,44.23,0.4969,0.1069,3.9598992312479853,2.4531806473633586,3.5473099444838,18.025370889141485,5672.243865879404,5,4,2,1,0,0,0,975713.0
2024-04-07,975713,41252829.57,42.28,0.5277,0.105,4.010451998215256,2.426701016285863,3.560665714831304,16.42345234569649,5673.072926992474,6,4,2,1,0,0,0,1101255.0
2024-04-08,1101255,50698744.54,46.04,0.516,0.1086,4.081913637252168,2.4444202099075376,3.534068375230039,16.94561747134509,5693.0559018456925,0,4,2,0,0,0,0,1042250.0
2024-04-09,1042250,49073055.02,47.08,0.5049,0.1138,3.9602381905510997,2.1971724876330034,3.4978051697870365,15.12247865372334,5569.91492460315,1,4,2,0,0,0,0,1008641.0
2024-04-10,1008641,44134240.42,43.76,0.5112,0.105,3.893860355468401,2.4675730536230183,3.5877612029552317,16.83830719478959,5625.031375235341,2,4,2,0,0,0,0,1053187.0
2024-04-11,1053187,45084240.12,42.81,0.507,0.1005,3.981685009515994,2.4115708057670115,3.5164166326567945,17.241900215749265,5602.11815259745,3,4,2,0,0,0,0,1039024.0
2024-04-12,1039024,48133344.47,46.33,0.5261,0.1087,4.035211927059197,2.577991838687623,3.4619482436557183,17.23557912756397,5537.4152632411115,4,4,2,0,0,0,0,887369.0
2024-04-13,887369,37843242.16,42.65,0.5249,0.1048,4.067550845725317,2.4520605272288787,3.433356414512301,17.86651132067127,5586.574403391398,5,4,2,1,0,0,0,876355.0
2024-04-14,876355,41136704.23,46.94,0.5006,0.1057,3.9380734136473783,2.355336081873599,3.5984958584800553,15.629861143323767,5587.448003718313,6,4,2,1,0,0,0,1053417.0
2024-04-15,1053417,46087350.25,43.75,0.514,0.1048,4.0051568615069835,2.4464082630632706,3.5659104831742092,15.891925209648504,5651.026068860161,0,4,2,0,0,0,0,1025729.0
2024-04-16,1025729,44565490.53,43.45,0.5096,0.12,3.9647050160218096,2.366659849489911,3.539100523268327,18.776902676433156,5675.438068760904,1,4,2,0,0,0,0,1084935.0
2024-04-17,1084935,49333061.23,45.47,0.5314,0.093,3.9771030896494866,2.4881783061666125,3.5123133368229467,16.292954889844072,5677.455919678802,2,4,2,0,0,0,0,1079958.0
2024-04-18,1079958,47018017.24,43.54,0.5051,0.104,4.085133396263461,2.473542969064281,3.5075030334004613,16.684262667193,5671.750652926006,3,4,2,0,0,0,0,1104606.0
2024-04-19,1104606,48635072.89,44.03,0.5349,0.1063,3.9172545380298347,2.5268610823970326,3.4797926713216376,16.334504959212502,5698.548329639007,4,4,2,0,0,0,0,873664.0
2024-04-20,873664,39853906.52,45.62,0.5187,0.1015,3.985531677789468,2.386935340051181,3.511633936830594,15.399420225266168,5679.475898233307,5,4,2,1,0,0,0,933115.0
2024-04-21,933115,38666805.59,41.44,0.5076,0.1115,3.9920936108754748,2.452903716467331,3.426830240790359,18.304021437579777,5638.145111310438,6,4,2,1,0,0,0,1026298.0
2024-04-22,1026298,48792140.79,47.54,0.5127,0.1109,4.0148161832894695,2.3409636987525144,3.495659970022098,15.692726478569183,5671.273462444808,0,4,2,0,0,0,0,1005584.0
2024-04-23,1005584,45392040.5,45.14,0.5116,0.1057,3.9732979574014657,2.5062725610401397,3.5165454981742976,14.943243634699632,5665.996155779373,1,4,2,0,0,0,0,1037115.0
2024-04-24,1037115,44732245.91,43.13,0.5071,0.1043,3.9796896095404373,2.4916553456659964,3.562216269277988,15.724956024000644,5669.802599361168,2,4,2,0,0,0,0,1115154.0
2024-04-25,1115154,48555419.92,43.54,0.521,0.1052,3.949685658702855,2.4898078363833154,3.5293565097871276,13.833498972836018,5727.781226650186,3,4,2,0,0,0,0,1042150.0
2024-04-26,1042150,48513458.2,46.55,0.508,0.1052,3.9740957502176926,2.450275825404708,3.5707302292753518,15.42355050007405,5724.028853591521,4,4,2,0,0,0,0,1001288.0
2024-04-27,1001288,46021254.07,45.96,0.4987,0.1052,3.9475771114040503,2.4833360609974653,3.598072745526509,15.012741648091877,5726.919658629913,5,4,2,1,0,0,0,943870.0
2024-04-28,943870,44491542.15,47.14,0.5169,0.1045,3.9841368674939415,2.578514317719289,3.5831570891871247,16.884665832078095,5698.201475867564,6,4,2,1,0,0,0,1043227.0
2024-04-29,1043227,45933163.42,44.03,0.5028,0.1071,3.9424538284581088,2.4273776140537815,3.55340735009537,15.304768694511026,5722.449372206624,0,4,2,0,0,0,0,1103040.0
2024-04-30,1103040,50183655.45,45.5,0.5135,0.11,3.970281569058428,2.4612997148014655,3.530108945388352,17.14720742227125,5742.617306499015,1,4,2,0,1,0,0,1061573.0
2024-05-01,1061573,48500866.81,45.69,0.5122,0.098,3.9519814144112235,2.3633458951887034,3.4801110466480365,17.72886684940057,5791.50273835913,2,5,2,0,0,0,0,1001228.0
2024-05-02,1001228,46144460.79,46.09,0.5127,0.099,3.996143373724909,2.380807948275391,3.5657829686750713,16.956810106409637,5763.525815883118,3,5,2,0,0,0,0,1132282.0
2024-05-03,1132282,52914998.33,46.73,0.5417,0.0948,3.9469901153644793,2.4581316152480612,3.612409139111284,15.72952155085918,5741.949885021373,4,5,2,0,0,0,0,929151.0
2024-05-04,929151,40848730.73,43.96,0.5224,0.1104,3.8760641308463097,2.5386638360335505,3.545163762189526,16.12579071565448,5785.170978302442,5,5,2,1,0,0,0,927363.0
2024-05-05,927363,41606599.85,44.87,0.5245,0.1066,3.9953969202710558,2.4298941340630433,3.6235587956010433,14.094819134109496,5800.462657089298,6,5,2,1,0,0,0,1012962.0
2024-05-06,1012962,44690840.66,44.12,0.5045,0.1081,3.906620465001153,2.4315755458107704,3.4510553199658363,15.73249938613544,5755.4750988238775,0,5,2,0,0,0,0,1109184.0
2024-05-07,1109184,49860941.94,44.95,0.5159,0.0964,3.914623867107474,2.417955110361898,3.469264493983219,14.8286317923043,5825.70763070974,1,5,2,0,0,0,0,1069216.0
2024-05-08,1069216,49266275.28,46.08,0.5248,0.1156,3.9148679000092046,2.4077872247325725,3.569372188572035,16.66236661748423,5739.4554246648295,2,5,2,0,0,0,0,1060765.0
2024-05-09,1060765,45131335.73,42.55,0.5126,0.1012,3.9915867747662883,2.474232043074751,3.53946676720603,18.884392467093168,5782.249683632216,3,5,2,0,0,0,0,1027422.0
2024-05-10,1027422,47969252.97,46.69,0.5321,0.1058,3.8490922505274954,2.33092499592268,3.591582204031448,16.364691797952055,5718.89647784557,4,5,2,0,0,0,0,965065.0
2024-05-11,965065,41800846.15,43.31,0.5112,0.1098,4.057934197863367,2.553256740184402,3.5247610480984015,13.343259458974021,5818.938864739908,5,5,2,1,0,0,0,963723.0
2024-05-12,963723,42943241.0,44.56,0.5205,0.0987,3.9725666362746277,2.3976284151383327,3.4817780918014525,15.266782762232546,5740.730648679558,6,5,2,1,0,0,0,1018756.0
2024-05-13,1018756,47764161.23,46.88,0.5177,0.1013,3.9371490983958672,2.5086997339484447,3.5141401329030666,15.814793009351142,5802.719746240084,0,5,2,0,0,0,0,988968.0
2024-05-14,988968,45007014.98,45.51,0.5254,0.1056,3.9239140307852436,2.349437427333357,3.4478292292731703,15.740095270308538,5800.603758566955,1,5,2,0,0,0,0,1081019.0
2024-05-15,1081019,49212982.13,45.52,0.5176,0.1216,3.935417274358773,2.5046389621036202,3.467678229116601,14.725674643221382,5783.636165895397,2,5,2,0,0,0,0,977307.0
2024-05-16,977307,42261444.4,43.24,0.5215,0.1062,3.9427204011229544,2.5049863059186217,3.5723750011881674,15.864310118554132,5795.43852599506,3,5,2,0,0,0,0,1064783.0
2024-05-17,1064783,46260581.33,43.45,0.522,0.1139,3.9455595925900067,2.4820704102999174,3.567037915525123,14.04619829181296,5830.64862094778,4,5,2,0,0,0,0,908101.0
2024-05-18,908101,42156390.66,46.42,0.5172,0.1115,3.939845685948593,2.3718879641078754,3.5411952089569096,14.370481777402151,5785.522319411271,5,5,2,1,0,0,0,973350.0
2024-05-19,973350,42949671.7,44.13,0.5296,0.1064,3.919070346138162,2.471518568793521,3.4366382764033334,16.24644009551902,5745.3254183405425,6,5,2,1,0,0,0,1042746.0
2024-05-20,1042746,46157880.95,44.27,0.5273,0.0982,3.9054542674888664,2.357027125419071,3.5044198406416207,14.219739522339404,5781.152118088124,0,5,2,0,0,0,0,1099891.0
2024-05-21,1099891,51093037.31,46.45,0.5242,0.1104,3.9051526325928085,2.431571877440448,3.4607386025898577,16.051387660170835,5695.104196316089,1,5,2,0,0,0,0,1035825.0
2024-05-22,1035825,44986852.09,43.43,0.521,0.095,3.901258066958634,2.5342716868767767,3.580464549363221,13.729125472799893,5667.333990695822,2,5,2,0,0,0,0,1085756.0
2024-05-23,1085756,49302737.27,45.41,0.5334,0.1135,3.95225111122955,2.515784849388655,3.492101783094892,17.457175346785068,5826.724254574535,3,5,2,0,0,0,0,1150508.0
2024-05-24,1150508,51851418.44,45.07,0.5233,0.105,3.928483560710163,2.453397714633648,3.4666512221813393,14.377120764334482,5778.3189872139465,4,5,2,0,0,0,0,881108.0
2024-05-25,881108,39649055.02,45.0,0.5228,0.0878,3.784961806493579,2.374337236809855,3.5220798501692148,15.004667362444543,5840.479962286153,5,5,2,1,0,0,0,934051.0
2024-05-26,934051,41308170.54,44.22,0.5271,0.1016,3.9266445188969397,2.504111735165512,3.488234470903735,15.636592027647412,5811.910535011246,6,5,2,1,0,0,0,1180675.0
2024-05-27,1180675,52105547.47,44.13,0.5432,0.1075,3.906024147754042,2.454162416127355,3.59408226011896,14.528195425506668,5840.758520359829,0,5,2,0,0,0,0,1060808.0
2024-05-28,1060808,46021783.61,43.38,0.513,0.1021,3.895307638273225,2.267138083692071,3.4828081110148776,15.345436268154954,5877.43103320558,1,5,2,0,0,0,0,1054661.0
2024-05-29,1054661,48224179.62,45.72,0.5343,0.1078,3.8783316156548717,2.5155293194714257,3.4492415560183054,15.83048952974998,5939.6502484297325,2,5,2,0,0,0,0,1084912.0
2024-05-30,1084912,47734230.79,44.0,0.5078,0.0983,3.9366483047356526,2.4511400676577746,3.4112123294674963,16.25949239342618,5931.148179158261,3,5,2,0,0,0,0,1050574.0
2024-05-31,1050574,48802672.99,46.45,0.5291,0.0955,3.927391373701977,2.54943868615435,3.5169744409782746,16.02323531200489,6040.504911652698,4,5,2,0,1,0,0,840192.0
2024-06-01,840192,37525692.3,44.66,0.5429,0.1028,3.8563768051048766,2.3657889394185774,3.490073747194318,14.833938640315173,6010.773077299225,5,6,2,1,0,0,0,970518.0
2024-06-02,970518,42132443.98,43.41,0.5322,0.1034,3.9013706774048895,2.199446344811699,3.4463822366686445,14.830820924118646,6025.684754539958,6,6,2,1,0,0,0,939864.0
2024-06-03,939864,41958638.55,44.64,0.5292,0.101,3.8440140683080357,2.4760854734318336,3.576946732853927,17.792376341782305,6041.234364823533,0,6,2,0,0,0,0,1020159.0
2024-06-04,1020159,45278597.95,44.38,0.522,0.1104,3.825482440687295,2.477263991331635,3.550506340017626,16.079983251461933,5982.750122725039,1,6,2,0,0,0,0,1106979.0
2024-06-05,1106979,51490040.25,46.51,0.5281,0.0979,3.8533803858412106,2.3188692884951037,3.5153925929777547,13.80060567235407,5969.583563551252,2,6,2,0,0,0,0,1027895.0
2024-06-06,1027895,45687020.75,44.45,0.5255,0.1048,3.9107217993463617,2.376031137110223,3.5846799361974218,14.993469053620625,5980.4775736547035,3,6,2,0,0,0,0,1010023.0
2024-06-07,1010023,45033642.52,44.59,0.5203,0.1033,3.9121231260825913,2.674920534377133,3.5492512968683316,14.438016306922403,5959.46632215972,4,6,2,0,0,0,0,955751.0
2024-06-08,955751,45033912.4,47.12,0.5254,0.0935,3.8922886831750234,2.430250183285845,3.474643306833777,14.644511538767635,6094.086079917606,5,6,2,1,0,0,0,882942.0
2024-06-09,882942,40407433.9,45.76,0.5305,0.0948,3.898531318319809,2.513375542880848,3.4634874372768065,13.298266813948183,6050.498751364136,6,6,2,1,0,0,0,993179.0
2024-06-10,993179,47172896.65,47.5,0.521,0.1027,3.887931917248139,2.4030496770849847,3.556010604471657,14.246129448456262,6117.325536213651,0,6,2,0,0,0,0,1051032.0
2024-06-11,1051032,49285149.39,46.89,0.5208,0.1145,3.839377899374929,2.2880856873207724,3.5345936963985953,16.881112628518565,6166.938721526047,1,6,2,0,0,0,0,1034526.0
2024-06-12,1034526,45181576.36,43.67,0.5154,0.106,3.880061520941947,2.4419005041541184,3.5229272991983853,15.368981774837739,6168.447443271155,2,6,2,0,0,0,0,1005527.0
2024-06-13,1005527,46747273.3,46.49,0.5331,0.0921,3.892543534723084,2.4344878036856805,3.4717803251211414,11.651581272469405,6122.861919155005,3,6,2,0,0,0,0,1067764.0
2024-06-14,1067764,50499252.64,47.29,0.5348,0.0838,3.8884364200795805,2.423964645161096,3.5441686416585014,16.06797222533611,6082.918502544613,4,6,2,0,0,0,0,930293.0
2024-06-15,930293,44009182.75,47.31,0.5318,0.1067,3.9035539935490045,2.4470060754547824,3.4756631121098427,15.882436940329075,6056.863627055798,5,6,2,1,0,0,0,901618.0
2024-06-16,901618,41917079.18,46.49,0.5393,0.1017,3.8820573830168352,2.477544915489126,3.5080062627427093,14.1107691093946,5962.498511346689,6,6,2,1,0,0,0,1028433.0
2024-06-17,1028433,47782452.32,46.46,0.5307,0.1091,3.8655060065013154,2.4446238536356373,3.585121089574965,15.369714242384408,5911.073909652896,0,6,2,0,0,0,0,1073865.0
2024-06-18,1073865,47848797.19,44.56,0.5339,0.0969,3.8919720154223842,2.3557460878587566,3.4794012061525534,13.444866069055639,5834.883415283308,1,6,2,0,0,0,0,1103218.0
2024-06-19,1103218,48273486.66,43.76,0.5332,0.1042,3.8458181618074185,2.495998322792002,3.433463241004942,13.879050067485855,5908.170051212574,2,6,2,0,0,0,0,1029663.0
2024-06-20,1029663,45805922.9,44.49,0.5294,0.1071,3.809312110983516,2.3013943148322267,3.4591558817295387,16.208893085439755,5943.339810069252,3,6,2,0,0,0,0,1081674.0
2024-06-21,1081674,45991868.5,42.52,0.5252,0.0993,3.8357675818597814,2.2935595030610063,3.5611694729886687,14.051914690483832,5987.738881922526,4,6,2,0,0,0,0,954462.0
2024-06-22,954462,44890560.79,47.03,0.5528,0.0993,3.8101923964943816,2.516970083149211,3.523863133036164,12.101742820151355,6021.775432348556,5,6,2,1,0,0,0,958755.0
2024-06-23,958755,42755738.12,44.6,0.5263,0.102,3.8106746915884,2.4986482797392333,3.504355507239026,14.236967834744966,6033.055324659729,6,6,2,1,0,0,0,1052201.0
2024-06-24,1052201,49410269.17,46.96,0.5243,0.105,3.829589474431849,2.4537494845205043,3.485018242716439,14.186221340546343,6115.14416775519,0,6,2,0,0,0,0,1004210.0
2024-06-25,1004210,43358552.28,43.18,0.5355,0.1016,3.801356901400371,2.346963101338726,3.534415243276247,15.68625422811718,6083.864244104637,1,6,2,0,0,0,0,1030727.0
2024-06-26,1030727,48083533.97,46.65,0.5338,0.1075,3.8184137922701047,2.4022273575407054,3.4673670796764022,14.23319299669283,6091.952222750364,2,6,2,0,0,0,0,1070151.0
2024-06-27,1070151,47392814.58,44.29,0.5174,0.0988,3.7526613001513613,2.4381050979631316,3.5247814356958274,13.677964652018733,6135.309654230855,3,6,2,0,0,0,0,1128148.0
2024-06-28,1128148,48627919.06,43.1,0.5428,0.0936,3.8346063465749656,2.331721249986477,3.4726120258679507,15.405905692257479,6065.021075078691,4,6,2,0,0,0,0,899768.0
2024-06-29,899768,42715459.36,47.47,0.5308,0.1133,3.823786606735314,2.4005417000176057,3.463969145390476,14.264866199458705,6238.723456180511,5,6,2,1,0,0,0,961832.0
2024-06-30,961832,44914349.02,46.7,0.5208,0.0978,3.7887137098185075,2.5121249111547654,3.476655867849896,13.18807895604979,6242.625621921209,6,6,2,1,1,1,0,1014442.0
2024-07-01,1014442,46011029.15,45.36,0.5439,0.0979,3.8454210269442344,2.5744006416809393,3.4894387580826525,15.442404078379854,6252.909498978364,0,7,3,0,0,0,0,1042783.0
2024-07-02,1042783,47021084.18,45.09,0.5385,0.1009,3.8542030285653617,2.426942368481555,3.5054472965890926,14.257218446718932,6326.371159248358,1,7,3,0,0,0,0,1107965.0
2024-07-03,1107965,50637398.55,45.7,0.5197,0.1016,3.7500419289460534,2.5213003316207114,3.519342004564852,13.996873203706702,6381.028702510912,2,7,3,0,0,0,0,907923.0
2024-07-04,907923,41163983.17,45.34,0.5503,0.0988,3.781474510342894,2.3079437213229195,3.3228321463842767,14.175514102794933,6385.564304285558,3,7,3,0,0,0,1,990794.0
2024-07-05,990794,43457459.0,43.86,0.5392,0.101,3.7788520628580664,2.514115009739308,3.466549850212863,12.646012120678439,6395.398700161847,4,7,3,0,0,0,0,889223.0
2024-07-06,889223,39512309.77,44.43,0.5327,0.1008,3.769650965462017,2.397336511195421,3.4870366186471324,13.266551765140397,6311.725518386579,5,7,3,1,0,0,0,964566.0
2024-07-07,964566,46296233.98,48.0,0.5489,0.102,3.83805049302565,2.4865365687196825,3.581551732399356,13.873093382563574,6282.502978615066,6,7,3,1,0,0,0,1048653.0
2024-07-08,1048653,51454638.32,49.07,0.5347,0.0868,3.794737940716393,2.442428292648735,3.451982787809059,13.604395443743984,6314.135302505647,0,7,3,0,0,0,0,979190.0
2024-07-09,979190,46419940.94,47.41,0.533,0.1121,3.7895249565022118,2.5681841759476707,3.5138078129604557,15.33424701088725,6341.740246893218,1,7,3,0,0,0,0,1004821.0
2024-07-10,1004821,46003952.41,45.78,0.5268,0.0999,3.717560696325812,2.392901745291926,3.5801053386973596,14.037708289852228,6414.178763221002,2,7,3,0,0,0,0,1066364.0
2024-07-11,1066364,47520156.36,44.56,0.5393,0.1042,3.820736629610378,2.5133735864892515,3.4393920164527594,14.77234529699148,6409.579200966647,3,7,3,0,0,0,0,1086803.0
2024-07-12,1086803,47684292.08,43.88,0.5384,0.0924,3.7433493667537583,2.44111588526057,3.524426603820867,13.727529094936248,6332.373316991792,4,7,3,0,0,0,0,906397.0
2024-07-13,906397,39861800.12,43.98,0.534,0.0978,3.792911878445439,2.451126328412761,3.4643024314968147,14.953753415016042,6395.231402752929,5,7,3,1,0,0,0,1021230.0
2024-07-14,1021230,45190053.98,44.25,0.526,0.0965,3.7991995978780606,2.4493995947852465,3.4788732990806204,14.133355302464688,6480.801966094938,6,7,3,1,0,0,0,1079657.0
2024-07-15,1079657,52159462.01,48.31,0.5354,0.1093,3.8401158876558044,2.3967740232764037,3.463639191078751,13.642707221578988,6535.802848436013,0,7,3,0,0,0,0,1033041.0
2024-07-16,1033041,49377075.94,47.8,0.5335,0.0969,3.73091682756005,2.463622716126293,3.466892398757765,13.581113130397366,6528.5776837623,1,7,3,0,0,0,0,1013344.0
2024-07-17,1013344,46828494.43,46.21,0.521,0.1049,3.6600643331403977,2.4600643043023425,3.6392721890347084,12.42234988522134,6592.647969918157,2,7,3,0,0,0,0,995732.0
2024-07-18,995732,43469333.9,43.66,0.5198,0.0964,3.7857690530673254,2.4847036480684688,3.545091479997202,14.146775328848252,6801.761789140739,3,7,3,0,0,0,0,1057161.0
2024-07-19,1057161,49094979.19,46.44,0.5403,0.0976,3.848000846411064,2.472495813961607,3.5576484727621565,13.461211444321751,6811.308904785064,4,7,3,0,0,0,0,892409.0
2024-07-20,892409,39932821.11,44.75,0.5087,0.0987,3.8230986570299055,2.529908618904048,3.526854937047317,12.878231450394571,6733.8350413942635,5,7,3,1,0,0,0,981546.0
2024-07-21,981546,41107194.57,41.88,0.5369,0.1079,3.779482659097226,2.5402860458958605,3.421636897296725,14.779728180080706,6700.849345300317,6,7,3,1,0,0,0,1119204.0
2024-07-22,1119204,50973834.77,45.54,0.5302,0.0888,3.748981390376753,2.3826944121184543,3.521392901445109,11.92325818889894,6741.142861804725,0,7,3,0,0,0,0,1072568.0
2024-07-23,1072568,47038325.51,43.86,0.5482,0.0922,3.7984773726610292,2.5365875892664813,3.5549875432861557,12.888260335823487,6646.909533563252,1,7,3,0,0,0,0,987714.0
2024-07-24,987714,43371779.13,43.91,0.5303,0.0883,3.7247913274210305,2.3725229470328624,3.458367943126163,14.60045401385439,6659.485933728541,2,7,3,0,0,0,0,1009966.0
2024-07-25,1009966,45198519.19,44.75,0.542,0.0934,3.7803232683668666,2.514804935389373,3.5490019003015716,13.717956728652094,6684.7636005163695,3,7,3,0,0,0,0,1099400.0
2024-07-26,1099400,48797425.55,44.39,0.5316,0.095,3.779018621669571,2.5177046719331564,3.5356508246090836,13.254241189605288,6780.238884638917,4,7,3,0,0,0,0,889119.0
2024-07-27,889119,40087314.49,45.09,0.5368,0.0901,3.798734144805219,2.315571794853973,3.592735261793605,13.585427291270719,6863.16941054794,5,7,3,1,0,0,0,962376.0
2024-07-28,962376,43325673.17,45.02,0.5431,0.0954,3.864233158729857,2.4762695056832404,3.478944153830478,13.472283003629485,6919.307804311967,6,7,3,1,0,0,0,1076359.0
2024-07-29,1076359,45567008.77,42.33,0.5313,0.0876,3.7670594799772292,2.4317079099458097,3.444653600912125,11.409969086453401,6788.409101438135,0,7,3,0,0,0,0,1051879.0
2024-07-30,1051879,49894558.47,47.43,0.546,0.0936,3.7285154558191658,2.4088451952537047,3.4811543919901697,12.784046543951428,6847.413176545019,1,7,3,0,0,0,0,1002263.0
2024-07-31,1002263,43782421.1,43.68,0.5262,0.1068,3.7453572633600687,2.5779757735839506,3.5707167976064063,15.116405285929101,6893.54366882219,2,7,3,0,1,0,0,1040088.0
2024-08-01,1040088,45488690.05,43.74,0.5392,0.102,3.6731185101079764,2.417976752033475,3.4072212086422953,12.359033944333397,6911.960669814939,3,8,3,0,0,0,0,1049885.0
2024-08-02,1049885,46905366.99,44.68,0.5456,0.1006,3.7135894069948323,2.4061267205864163,3.3949267770827305,12.742133659951774,6807.64174405132,4,8,3,0,0,0,0,956657.0
2024-08-03,956657,43061585.77,45.01,0.5431,0.0934,3.7224980961627456,2.4770605277880633,3.502520193588232,12.448253522629871,6762.6787832386835,5,8,3,1,0,0,0,866938.0
2024-08-04,866938,41066151.81,47.37,0.5558,0.0902,3.7153923947796503,2.52622240657737,3.475626639588325,12.96811852032068,6694.469972524807,6,8,3,1,0,0,0,1028609.0
2024-08-05,1028609,46894898.72,45.59,0.5291,0.0925,3.7399317382082917,2.460415841475175,3.4978489824465124,12.347365696471881,6576.552785156589,0,8,3,0,0,0,0,1034704.0
2024-08-06,1034704,47639829.11,46.04,0.523,0.099,3.698417434353844,2.565432051280973,3.5444354700595957,13.60602029716937,6578.773374369508,1,8,3,0,0,0,0,1064025.0
2024-08-07,1064025,48530189.04,45.61,0.527,0.1044,3.773627222442088,2.514977288247742,3.4692495192221373,13.23376819354598,6534.080221192993,2,8,3,0,0,0,0,995891.0
2024-08-08,995891,45364226.38,45.55,0.5437,0.1046,3.7262611183229764,2.298621276381007,3.4029366124996097,13.900558123634998,6692.7367097583865,3,8,3,0,0,0,0,985010.0
2024-08-09,985010,44990219.42,45.67,0.5421,0.1029,3.723342738848738,2.430901861179539,3.5985207130763115,11.686730803543782,6685.00718701802,4,8,3,0,0,0,0,942417.0
2024-08-10,942417,39880602.85,42.32,0.5383,0.0947,3.7080559551212793,2.4286949468828634,3.4461457668277364,12.51526418909025,6765.757804088734,5,8,3,1,0,0,0,841346.0
2024-08-11,841346,37732555.93,44.85,0.5262,0.0992,3.7248314394870885,2.512376318598663,3.442766687053435,12.628874510393556,6673.306285088981,6,8,3,1,0,0,0,1096857.0
2024-08-12,1096857,51522071.82,46.97,0.5452,0.0971,3.749074887493578,2.2644292068963665,3.5506167229200893,13.422846148851063,6643.955629316936,0,8,3,0,0,0,0,1034374.0
2024-08-13,1034374,52907190.92,51.15,0.5253,0.0977,3.6788279696519295,2.6787244494555473,3.4759192635386413,11.900794819580744,6652.164685226499,1,8,3,0,0,0,0,964286.0
2024-08-14,964286,41884293.75,43.44,0.5493,0.1111,3.684625816883191,2.5176768046681586,3.491688043770584,13.928300321950775,6600.408170966213,2,8,3,0,0,0,0,1010414.0
2024-08-15,1010414,46361063.08,45.88,0.5664,0.0883,3.69623381046366,2.487497819388358,3.5187116799265277,14.230337924533057,6577.75877892437,3,8,3,0,0,0,0,1061537.0
2024-08-16,1061537,47130895.6,44.4,0.5416,0.0974,3.65197546707522,2.5705079347968787,3.548466787941231,11.59738664053284,6567.24713999178,4,8,3,0,0,0,0,885906.0
2024-08-17,885906,42818981.02,48.33,0.5438,0.106,3.670462519502181,2.6638715392749015,3.477330880038056,12.172653799144115,6555.809606980083,5,8,3,1,0,0,0,912866.0
2024-08-18,912866,39470729.97,43.24,0.5332,0.0899,3.681601606569058,2.5464374701082217,3.56971862088834,12.101327608976213,6668.59748076024,6,8,3,1,0,0,0,1056797.0
2024-08-19,1056797,48838049.66,46.21,0.5201,0.0948,3.733038694386896,2.5530831064606527,3.3866489591670077,15.876732063979027,6693.757031311351,0,8,3,0,0,0,0,1033593.0
2024-08-20,1033593,44622351.05,43.17,0.5323,0.0954,3.7059733442984544,2.4880353484181015,3.5311470707064427,12.180493433575544,6725.13788383371,1,8,3,0,0,0,0,989409.0
2024-08-21,989409,44337539.94,44.81,0.5275,0.0972,3.700617330230634,2.466661912252256,3.4509009155818355,14.688313427601216,6760.323007649867,2,8,3,0,0,0,0,1035175.0
2024-08-22,1035175,46837234.16,45.25,0.524,0.0889,3.724307573903796,2.440325872252235,3.561211272427599,11.134280854406834,6800.155491825535,3,8,3,0,0,0,0,1112724.0
2024-08-23,1112724,52196767.61,46.91,0.5558,0.102,3.682169784893288,2.412707763746595,3.4994211732621037,11.446024038161653,6797.537972541568,4,8,3,0,0,0,0,992912.0
2024-08-24,992912,43386349.6,43.7,0.5414,0.1024,3.7006713311990405,2.4242444613715386,3.458395756167409,11.789337853289728,6780.389653237421,5,8,3,1,0,0,0,827919.0
2024-08-25,827919,38344515.79,46.31,0.5426,0.1014,3.6783070280294914,2.3715716003323277,3.524905982701896,11.578388868002298,6793.026257106612,6,8,3,1,0,0,0,1092517.0
2024-08-26,1092517,49551051.16,45.35,0.5358,0.0931,3.690428633674788,2.4739584423657894,3.5361470836381215,12.251987442243768,6866.593995114625,0,8,3,0,0,0,0,1060786.0
2024-08-27,1060786,48524145.57,45.74,0.5372,0.0988,3.65387711601177,2.345668396956686,3.5233069446966927,11.703481531033573,6939.048015923097,1,8,3,0,0,0,0,1091440.0
2024-08-28,1091440,51057097.53,46.78,0.5487,0.0928,3.577003180150353,2.4961303045441783,3.439452833998877,11.551656884977165,6926.544494833814,2,8,3,0,0,0,0,1011520.0
2024-08-29,1011520,43926276.71,43.43,0.5388,0.0962,3.6665481862137357,2.478367219227308,3.4664630334753324,13.906188948928058,6977.087133821118,3,8,3,0,0,0,0,954675.0
2024-08-30,954675,44462640.34,46.57,0.5445,0.111,3.7261878469514746,2.4934466538230446,3.490187328820434,13.966037318499994,6967.384609974956,4,8,3,0,0,0,0,933857.0
2024-08-31,933857,41568096.5,44.51,0.5373,0.0986,3.7036801895474265,2.4403409143260926,3.4880559074999096,13.618412137907507,6972.014627494608,5,8,3,1,1,0,0,858964.0
2024-09-01,858964,40386300.06,47.02,0.5359,0.0909,3.7025962085192785,2.728681298510807,3.527334922884396,13.09013765546942,6944.859804461025,6,9,3,1,0,0,0,974730.0
2024-09-02,974730,44724097.54,45.88,0.5254,0.0991,3.7107693580235424,2.591764160000306,3.3888321870763387,12.555026569228168,6936.005678523985,0,9,3,0,0,0,0,985454.0
2024-09-03,985454,44419952.84,45.08,0.5197,0.0898,3.662209337780569,2.383815268346681,3.5060240427092593,11.830009629019868,7022.7642111092455,1,9,3,0,0,0,0,1072824.0
2024-09-04,1072824,47754757.83,44.51,0.537,0.0907,3.6638896530693477,2.5024332281806143,3.4745399063086255,11.265686740074544,7031.129520524229,2,9,3,0,0,0,0,1046387.0
2024-09-05,1046387,48805009.13,46.64,0.5402,0.0916,3.6286200259202017,2.4355897062680527,3.446846071103957,12.828419693512988,7042.219383248299,3,9,3,0,0,0,0,1084802.0
2024-09-06,1084802,51318027.88,47.31,0.5269,0.0951,3.638007351516367,2.4034995110161756,3.451379735842681,10.968139353342199,6953.580274870049,4,9,3,0,0,0,0,948182.0
2024-09-07,948182,42311812.61,44.62,0.5395,0.1034,3.6726003635748348,2.3778810611273977,3.4775110102966895,11.167785571794944,6936.737283573425,5,9,3,1,0,0,0,884750.0
2024-09-08,884750,38692321.15,43.73,0.5404,0.1012,3.6934392354849916,2.5200943172717887,3.3079183041391818,13.728307320094274,6924.1655099005,6,9,3,1,0,0,0,1027731.0
2024-09-09,1027731,47770964.56,46.48,0.5184,0.1008,3.6370154367843295,2.431437907276149,3.4526435947716294,14.61023878780699,6875.146009794221,0,9,3,0,0,0,0,1014859.0
2024-09-10,1014859,43919641.76,43.28,0.5309,0.091,3.621890237272153,2.5638069123330522,3.443653695195366,12.786392323234994,6878.944939545962,1,9,3,0,0,0,0,1023220.0
2024-09-11,1023220,44510004.68,43.5,0.5442,0.0943,3.6372185373900514,2.566317043577794,3.5138208102322563,13.627496509147868,6854.873447464992,2,9,3,0,0,0,0,996893.0
2024-09-12,996893,43736732.87,43.87,0.544,0.0992,3.658540392183023,2.5971623563631923,3.4466433802521608,11.990373077426097,6862.259779335853,3,9,3,0,0,0,0,1069733.0
2024-09-13,1069733,47980617.97,44.85,0.5287,0.0937,3.574027725729101,2.4194940780053225,3.475902941301582,10.666160302621435,6872.219307879987,4,9,3,0,0,0,0,957041.0
2024-09-14,957041,41612733.45,43.48,0.5419,0.0958,3.5372195703270704,2.5261511280295914,3.5635122329907825,12.992290402676174,6815.789168499841,5,9,3,1,0,0,0,870767.0
2024-09-15,870767,37082519.14,42.59,0.5506,0.1001,3.604325319485107,2.539156094087657,3.535856602302207,12.927485339166715,6793.796174535133,6,9,3,1,0,0,0,1100688.0
2024-09-16,1100688,48210439.95,43.8,0.5482,0.0953,3.5747933774131435,2.4510643696278294,3.5309940764559378,12.317334311189637,6800.9502223145455,0,9,3,0,0,0,0,1050738.0
2024-09-17,1050738,48834557.05,46.48,0.5395,0.0987,3.600566444574735,2.427696694859517,3.46062922156324,11.92781720237624,6876.273857698755,1,9,3,0,0,0,0,1045359.0
2024-09-18,1045359,45593086.87,43.61,0.5359,0.1069,3.6122461159132273,2.618640865138776,3.5125176511816245,13.360999525962358,6894.6313220888,2,9,3,0,0,0,0,972333.0
2024-09-19,972333,43775510.66,45.02,0.5343,0.0962,3.5972877677887833,2.5085205466875173,3.473415199863386,11.0114911664509,6856.115629328487,3,9,3,0,0,0,0,964131.0
2024-09-20,964131,46722821.28,48.46,0.5454,0.1043,3.6707718814911203,2.5416408375203314,3.475050341580497,11.254204460913336,6883.224937126722,4,9,3,0,0,0,0,926786.0
2024-09-21,926786,42147306.04,45.48,0.5427,0.1005,3.6229935483548887,2.425440725230186,3.505085042109655,10.961731506650269,6992.30448300234,5,9,3,1,0,0,0,950646.0
2024-09-22,950646,43800127.21,46.07,0.5471,0.0883,3.619188412764076,2.394108257283975,3.4544977299058766,12.2624942323958,7052.733493588625,6,9,3,1,0,0,0,1020107.0
2024-09-23,1020107,45038689.6,44.15,0.5422,0.0905,3.629298508992855,2.446540032671626,3.5587450615637546,10.844472978501788,7090.086233276383,0,9,3,0,0,0,0,1124697.0
2024-09-24,1124697,54913364.95,48.83,0.5491,0.0921,3.5560927889446785,2.4826200671830474,3.4758367599964557,11.318623752334325,7139.066824527087,1,9,3,0,0,0,0,1082213.0
2024-09-25,1082213,48459076.34,44.78,0.5419,0.0919,3.6404415825204635,2.4078506766552743,3.5145105205507376,11.282930593698417,7234.749058359515,2,9,3,0,0,0,0,1005152.0
2024-09-26,1005152,45490673.98,45.26,0.5488,0.0964,3.5930726452820565,2.4926478990269993,3.5561226070917638,11.807584512302181,7307.71101290314,3,9,3,0,0,0,0,1056879.0
2024-09-27,1056879,50291890.38,47.59,0.5497,0.1006,3.6201436569541867,2.358802954736868,3.534676229378181,10.326297937565473,7347.678940619129,4,9,3,0,0,0,0,1029236.0
2024-09-28,1029236,46672976.65,45.35,0.533,0.1044,3.547666469754982,2.404728113690803,3.412399410660967,12.206982677504202,7421.309656530134,5,9,3,1,0,0,0,851820.0
2024-09-29,851820,38929726.04,45.7,0.523,0.0987,3.52560184806985,2.5484539688424306,3.504842854310306,13.590648221582015,7352.009905791597,6,9,3,1,0,0,0,1065836.0
2024-09-30,1065836,48194664.5,45.22,0.5566,0.0942,3.6176743390597976,2.5435340680692633,3.5248875926546352,12.248379425334527,7255.836253048291,0,9,3,0,1,1,0,1069307.0
2024-10-01,1069307,48373655.34,45.24,0.5438,0.0843,3.597216803820161,2.4643310108931753,3.5266992080046484,13.927640874010187,7268.664577337186,1,10,4,0,0,0,0,1119627.0
2024-10-02,1119627,51745492.84,46.22,0.5241,0.0972,3.5432751483061122,2.4147108735678984,3.4261966207313703,13.67147978442774,7275.721717926204,2,10,4,0,0,0,0,1147857.0
2024-10-03,1147857,53376336.4,46.5,0.5342,0.0969,3.5417625943011055,2.4143911131647986,3.4487657786809853,12.996952129655524,7242.742064928471,3,10,4,0,0,0,0,1074485.0
2024-10-04,1074485,48047870.14,44.72,0.5491,0.0978,3.618753537112593,2.4671738018054645,3.5311025039432296,12.146643712589912,7299.342997052109,4,10,4,0,0,0,0,1013463.0
2024-10-05,1013463,45143172.49,44.54,0.5386,0.1093,3.523341821106555,2.549049062634172,3.4430444997476526,12.077735134404346,7180.507860171534,5,10,4,1,0,0,0,1055751.0
2024-10-06,1055751,47286651.45,44.79,0.5363,0.1041,3.633802490772134,2.572199990535781,3.465906517043841,12.961372477983545,7148.542201516726,6,10,4,1,0,0,0,1099544.0
2024-10-07,1099544,47953497.9,43.61,0.5555,0.1013,3.529243145691593,2.4586709509450166,3.5594447883818545,11.569250949985022,7119.908505868786,0,10,4,0,0,0,0,1140906.0
2024-10-08,1140906,49445990.23,43.34,0.531,0.0908,3.5879711830780425,2.4065676254657946,3.478021590812933,9.775039244554273,7018.285279809465,1,10,4,0,0,0,0,1064203.0
2024-10-09,1064203,49146519.77,46.18,0.5335,0.0935,3.5464534285127502,2.5207283881673472,3.4438342802193898,12.619643652874117,7115.830932722945,2,10,4,0,0,0,0,1102182.0
2024-10-10,1102182,51972994.05,47.15,0.5437,0.0959,3.58088345880718,2.4338722975920124,3.4360544323546054,10.667497847274806,7031.776959389015,3,10,4,0,0,0,0,1092330.0
2024-10-11,1092330,51409802.67,47.06,0.5455,0.0918,3.53214433009973,2.4587493754777494,3.4963344600221835,10.86611946993231,6997.090076947277,4,10,4,0,0,0,0,998611.0
2024-10-12,998611,42137293.52,42.2,0.5466,0.0994,3.544545239276364,2.606686431189005,3.41280516766997,12.017234253688292,7056.9707614300805,5,10,4,1,0,0,0,1017945.0
2024-10-13,1017945,46227395.87,45.41,0.5507,0.0985,3.549836926748694,2.567288574464702,3.4668607265993487,11.899460528268843,7100.603217840701,6,10,4,1,0,0,0,1098367.0
2024-10-14,1098367,48479913.25,44.14,0.5436,0.0898,3.5052510068073133,2.51421249313151,3.495654891333617,10.31613322767707,7032.591995521718,0,10,4,0,0,0,0,1163477.0
2024-10-15,1163477,53541152.79,46.02,0.5466,0.1035,3.572104967516522,2.400276420723321,3.5437175794276925,12.20659648519112,7078.391191002869,1,10,4,0,0,0,0,1157649.0
2024-10-16,1157649,52310997.69,45.19,0.5391,0.0969,3.519072085371215,2.5193972165567518,3.511905101194354,13.165126258217812,7099.350776796952,2,10,4,0,0,0,0,1139261.0
2024-10-17,1139261,53218664.92,46.71,0.5424,0.0859,3.5275804137808224,2.5879537555063923,3.4425929359412053,10.649870521244981,7252.520158524269,3,10,4,0,0,0,0,1065784.0
2024-10-18,1065784,48821688.1,45.81,0.5428,0.0959,3.4940693682247135,2.4733462639110666,3.536986539197898,13.529352060334157,7281.468515380287,4,10,4,0,0,0,0,947891.0
2024-10-19,947891,40763623.78,43.0,0.5439,0.0979,3.4284640825905495,2.611941946307769,3.462860090659147,10.129028836708102,7274.7481071609145,5,10,4,1,0,0,0,915036.0
2024-10-20,915036,40636355.53,44.41,0.5495,0.102,3.520425559611359,2.6077283544337546,3.415821849307192,14.54125481234323,7221.395341918062,6,10,4,1,0,0,0,1136389.0
2024-10-21,1136389,52138199.2,45.88,0.5474,0.0941,3.6216756861667827,2.637863293510377,3.468776979891233,11.506555680784155,7175.677975968846,0,10,4,0,0,0,0,1038408.0
2024-10-22,1038408,47786351.75,46.02,0.5423,0.1011,3.5536548006469126,2.5296400495646685,3.549060445840148,12.174781349658247,7125.018258509239,1,10,4,0,0,0,0,1136709.0
2024-10-23,1136709,49773104.31,43.79,0.5337,0.0972,3.5185949370943677,2.5526678381578956,3.485187817606224,9.729943826685505,7215.986100158078,2,10,4,0,0,0,0,1045427.0
2024-10-24,1045427,45583502.74,43.6,0.5425,0.0882,3.5059396083292143,2.619267331648771,3.4773266299360244,11.926534358947368,7219.653637100024,3,10,4,0,0,0,0,1130007.0
2024-10-25,1130007,51984607.84,46.0,0.5416,0.0876,3.5144389352772687,2.542379627142659,3.558336733768791,12.276360057085817,7258.987162601676,4,10,4,0,0,0,0,968108.0
2024-10-26,968108,42428265.43,43.83,0.5438,0.1028,3.5325052939407793,2.466945037902371,3.4046849180901355,11.900240873837362,7361.136647910546,5,10,4,1,0,0,0,1031448.0
2024-10-27,1031448,44806743.67,43.44,0.5639,0.1032,3.460463421096904,2.471615858332681,3.411750108638487,11.329762035342,7209.024962603713,6,10,4,1,0,0,0,1152645.0
2024-10-28,1152645,52201013.15,45.29,0.5366,0.0979,3.5493393834397664,2.527039038354439,3.395016040570497,10.871775587616499,7294.997282510862,0,10,4,0,0,0,0,1155385.0
2024-10-29,1155385,52264180.38,45.24,0.5461,0.1049,3.530447530801993,2.4051648969108195,3.494219969986799,13.366848121848077,7301.1533318909815,1,10,4,0,0,0,0,1161505.0
2024-10-30,1161505,51875897.08,44.66,0.5526,0.1023,3.5276206534089734,2.4974040516767984,3.4836923112119678,12.050117083654895,7332.323216992575,2,10,4,0,0,0,0,1091033.0
2024-10-31,1091033,49027755.36,44.94,0.5429,0.1,3.513488386930373,2.5970432480998142,3.552285465942697,13.86535253436272,7280.366014252899,3,10,4,0,1,0,0,1059472.0
2024-11-01,1059472,48763025.91,46.03,0.5653,0.0904,3.493785346679299,2.334473617712228,3.487104293563153,11.388340433038337,7233.543850952418,4,11,4,0,0,0,0,927939.0
2024-11-02,927939,41699037.02,44.94,0.5381,0.1062,3.5169616460549276,2.632986648536613,3.454505474137497,11.502403170966637,7267.936740671215,5,11,4,1,0,0,0,875244.0
2024-11-03,875244,40380336.22,46.14,0.5451,0.099,3.5107614747769746,2.600471853958235,3.4745867693068866,13.007274916279894,7428.153326353579,6,11,4,1,0,0,0,1068118.0
2024-11-04,1068118,48569399.96,45.47,0.5339,0.0935,3.469964193743081,2.4743542388668547,3.480166992149144,10.085763826236926,7498.104543041461,0,11,4,0,0,0,0,1117263.0
2024-11-05,1117263,51736852.94,46.31,0.5384,0.0918,3.458213867397917,2.5550597958214833,3.390479055996017,10.582316062183745,7586.594590882993,1,11,4,0,0,0,0,1073521.0
2024-11-06,1073521,50869151.86,47.39,0.5444,0.0973,3.482259513136216,2.5122930732387077,3.60937010404672,13.360958102517662,7576.0909203085985,2,11,4,0,0,0,0,1102163.0
2024-11-07,1102163,52176041.95,47.34,0.5503,0.0857,3.537168600837984,2.610892788405214,3.4996343794882314,10.643524521437815,7537.8557683602485,3,11,4,0,0,0,0,1139327.0
2024-11-08,1139327,54717275.04,48.03,0.5451,0.0999,3.4226612592695305,2.5915600669235017,3.4839294561738106,9.873217458570737,7487.630933490247,4,11,4,0,0,0,0,954729.0
2024-11-09,954729,45219559.87,47.36,0.5545,0.09,3.410537496936229,2.4013911413907274,3.5039763584596897,14.304908323164224,7457.34618428622,5,11,4,1,0,0,0,932517.0
2024-11-10,932517,43340907.45,46.48,0.5409,0.0979,3.4728371279916455,2.5608286777472555,3.50847873387523,10.397054315677806,7323.335428343054,6,11,4,1,0,0,0,1102506.0
2024-11-11,1102506,50144584.41,45.48,0.5385,0.0925,3.465285614514139,2.497847818060537,3.465771444137877,12.297900492701672,7278.1929606357735,0,11,4,0,0,0,0,1064602.0
2024-11-12,1064602,48507469.4,45.56,0.5689,0.094,3.4671824143160186,2.5213744645749028,3.4410289039712847,12.167542200284474,7244.047677649999,1,11,4,0,0,0,0,1109407.0
2024-11-13,1109407,49748086.85,44.84,0.5458,0.091,3.4670007501097877,2.4569433450464,3.5023562471055802,9.0,7235.08617898829,2,11,4,0,0,0,0,1165270.0
2024-11-14,1165270,53810652.44,46.18,0.5346,0.0946,3.4453036436247464,2.655496701230175,3.4914629172870884,11.780304355964622,7246.133956061462,3,11,4,0,0,0,0,1088614.0
2024-11-15,1088614,51416577.27,47.23,0.5348,0.1069,3.510810624215541,2.5992986950999755,3.431477444067261,12.647940738430519,7272.280115479806,4,11,4,0,0,0,0,1055572.0
2024-11-16,1055572,47616795.38,45.11,0.5323,0.1038,3.3841595257857384,2.4573594203408997,3.5427192154632103,12.544133174926559,7273.771748410932,5,11,4,1,0,0,0,1037927.0
2024-11-17,1037927,47906532.35,46.16,0.5511,0.0976,3.412030651794083,2.410218953982171,3.486231435514068,13.212659727544295,7238.261677912787,6,11,4,1,0,0,0,1082860.0
2024-11-18,1082860,48955199.58,45.21,0.5381,0.0953,3.4380104441303643,2.486579981308875,3.5078521143587325,11.673273076858461,7113.8929558325835,0,11,4,0,0,0,0,1052289.0
2024-11-19,1052289,48986901.84,46.55,0.543,0.1005,3.3733784420839066,2.5526392680223364,3.540755417731889,13.003449294159806,7079.549683771332,1,11,4,0,0,0,0,1107797.0
2024-11-20,1107797,50325134.69,45.43,0.541,0.1022,3.429032441010733,2.537540038884192,3.472052956870879,11.331782712643369,7020.232755963825,2,11,4,0,0,0,0,1163300.0
2024-11-21,1163300,52530558.5,45.16,0.549,0.0905,3.499481313630584,2.619017938128802,3.4866061747922186,10.477301365377803,7052.123488435469,3,11,4,0,0,0,0,1090717.0
2024-11-22,1090717,49365244.94,45.26,0.5332,0.0949,3.4308091280639106,2.5824038317764075,3.51106091196409,10.62382260112432,7112.471805322957,4,11,4,0,0,0,0,1025000.0
2024-11-23,1025000,48224268.33,47.05,0.5308,0.0845,3.4361481426411133,2.5972178943937583,3.434118389206048,10.438146842868656,7175.224991964516,5,11,4,1,0,0,0,1025875.0
2024-11-24,1025875,47356115.08,46.16,0.5438,0.1021,3.3734552347393483,2.5462420746634224,3.4728668384495367,13.416112230491443,7226.707272883804,6,11,4,1,0,0,0,1084023.0
2024-11-25,1084023,49515956.55,45.68,0.5475,0.1078,3.3961443737879486,2.4093901419723402,3.4762454158936524,10.399396031849944,7220.457065827104,0,11,4,0,0,0,0,1076254.0
2024-11-26,1076254,50289618.2,46.73,0.5448,0.0958,3.4027232703374537,2.505317658781729,3.421969710358531,12.558350028814937,7189.033961436253,1,11,4,0,0,0,0,1138895.0
2024-11-27,1138895,52077727.48,45.73,0.5334,0.0826,3.4019501127197853,2.606219300148451,3.5854600496671414,11.923356037004373,7143.255981311867,2,11,4,0,0,0,0,944083.0
2024-11-28,944083,45365104.23,48.05,0.5482,0.099,3.462847360023114,2.5177279209151355,3.3990200320364257,12.132589332431175,7049.358914967538,3,11,4,0,0,0,1,1067426.0
2024-11-29,1067426,47943911.34,44.92,0.534,0.0899,3.430807447946706,2.562533649321513,3.404286925465162,13.90573821425265,7114.952112788117,4,11,4,0,0,0,0,964726.0
2024-11-30,964726,44483346.05,46.11,0.5362,0.0913,3.360954995339716,2.4972222255470404,3.5347117891043824,11.757276095439149,7106.152100526733,5,11,4,1,1,0,0,983381.0
2024-12-01,983381,43561046.88,44.3,0.5319,0.099,3.4121823288766304,2.44077179610028,3.5044730365265653,13.03162623082304,7029.237942191576,6,12,4,1,0,0,0,1048671.0
2024-12-02,1048671,48132108.05,45.9,0.5543,0.0968,3.4191551531173805,2.5137228304138346,3.4173216715410297,12.35743001297913,6979.477065332513,0,12,4,0,0,0,0,1152816.0
2024-12-03,1152816,50623888.35,43.91,0.5476,0.0923,3.441731716841824,2.548746697000637,3.4987954771185255,12.144913382025404,6927.541643567611,1,12,4,0,0,0,0,1082925.0
2024-12-04,1082925,51510849.97,47.57,0.5473,0.0913,3.4562421870182245,2.471999340692545,3.5416355888372646,15.102611729467622,6932.535784438367,2,12,4,0,0,0,0,1004371.0
2024-12-05,1004371,47819077.56,47.61,0.5536,0.096,3.349306933790638,2.5060278023026763,3.4665428809589325,10.628680183162498,7001.790879121352,3,12,4,0,0,0,0,1111772.0
2024-12-06,1111772,52977937.53,47.65,0.5693,0.0927,3.354361886177481,2.450156849479147,3.597811073869449,13.921216879152693,6982.2190971649925,4,12,4,0,0,0,0,952123.0
2024-12-07,952123,44305360.31,46.53,0.524,0.0885,3.333373906363391,2.6152815489254873,3.381481661869231,13.178239931326633,6844.369727694325,5,12,4,1,0,0,0,1068669.0
2024-12-08,1068669,48287319.36,45.18,0.5336,0.0932,3.3711924151381987,2.50261235783764,3.502191677913182,11.83173845221605,6834.995378110733,6,12,4,1,0,0,0,1080483.0
2024-12-09,1080483,48965660.72,45.32,0.5348,0.0972,3.396079093786642,2.642814917803894,3.5256436048365396,14.379288079186495,6827.658152620412,0,12,4,0,0,0,0,1077966.0
2024-12-10,1077966,52635562.88,48.83,0.5324,0.0941,3.4137850552172506,2.649318727470432,3.5117019966419525,10.223630121351036,6816.109081282062,1,12,4,0,0,0,0,1145862.0
2024-12-11,1145862,55805097.42,48.7,0.5301,0.0867,3.368115921786124,2.5209583937034306,3.4567355602260914,11.83281558085823,6779.969653618087,2,12,4,0,0,0,0,1098870.0
2024-12-12,1098870,51368145.82,46.75,0.5378,0.1011,3.3552177284880127,2.447188066765713,3.452250749640803,11.026645047655759,6795.497132251612,3,12,4,0,0,0,0,1084718.0
2024-12-13,1084718,49684100.76,45.8,0.5286,0.0787,3.370935000458619,2.36141272956472,3.488800492387104,12.989524642677598,6801.789565104656,4,12,4,0,0,0,0,1022081.0
2024-12-14,1022081,49718909.09,48.64,0.5441,0.0924,3.3283074069551533,2.4109408652497857,3.507202301883479,11.177858848748112,6802.51360103867,5,12,4,1,0,0,0,940538.0
2024-12-15,940538,42855455.94,45.56,0.5412,0.0914,3.442138511359973,2.4192149703504975,3.4963605274245064,13.05203207502528,6830.074079051831,6,12,4,1,0,0,0,1054582.0
2024-12-16,1054582,49528065.84,46.96,0.5454,0.096,3.291089764500598,2.6398158828574094,3.518062963261836,12.327757248493775,6805.943132610733,0,12,4,0,0,0,0,1200620.0
2024-12-17,1200620,58427124.99,48.66,0.5456,0.0985,3.35962048193948,2.5392194442288454,3.4149407197400214,11.995685587700923,6778.431849771444,1,12,4,0,0,0,0,1141827.0
2024-12-18,1141827,51835006.33,45.4,0.5465,0.1018,3.4300051774234213,2.561535589323849,3.4543207539711864,13.057017838724681,6865.40729569189,2,12,4,0,0,0,0,1113686.0
2024-12-19,1113686,53356474.07,47.91,0.5367,0.0908,3.3461584156301774,2.3531458597458936,3.418534528817665,12.288325130635977,6902.3206023292705,3,12,4,0,0,0,0,1128950.0
2024-12-20,1128950,53581948.3,47.46,0.5616,0.0986,3.3351057836990163,2.4353530795483618,3.4460566469744167,11.324635941254938,6956.162327526771,4,12,4,0,0,0,0,995324.0
2024-12-21,995324,46418555.51,46.64,0.5427,0.0962,3.325225888315073,2.6025661473095973,3.5159512292748536,16.01326634702053,7035.651195046646,5,12,4,1,0,0,0,1037186.0
2024-12-22,1037186,46902362.46,45.22,0.5216,0.0848,3.32911984186689,2.5549495609782022,3.470418218864763,12.087931044057578,7071.345400793598,6,12,4,1,0,0,0,1098232.0
2024-12-23,1098232,50122586.53,45.64,0.5302,0.1065,3.388056702805647,2.520637549654854,3.5951917590539484,10.032603104221993,7133.007097540381,0,12,4,0,0,0,0,1143396.0
2024-12-24,1143396,53940035.17,47.18,0.5227,0.0864,3.2414709998936386,2.5780061515317696,3.474349837928387,11.704704847358693,7034.629776017711,1,12,4,0,0,0,0,931693.0
2024-12-25,931693,41573309.48,44.62,0.5402,0.0976,3.3880810019360172,2.6640858070051365,3.4674957735519367,11.21626493821579,7049.864157117638,2,12,4,0,0,0,1,1108566.0
2024-12-26,1108566,52066640.57,46.97,0.5388,0.0974,3.2665790175814835,2.515940211803987,3.469652927403978,13.750427256004592,7040.571949656233,3,12,4,0,0,0,0,1126327.0
2024-12-27,1126327,53611188.5,47.6,0.5352,0.0967,3.3096603398995166,2.539573204181636,3.4322868913225473,13.167370545235665,7150.009752308955,4,12,4,0,0,0,0,988014.0
2024-12-28,988014,47701078.95,48.28,0.5599,0.0921,3.299941272664186,2.549829747347814,3.461119983170623,13.282454231811625,7212.295730020296,5,12,4,1,0,0,0,1021299.0
2024-12-29,1021299,45672177.35,44.72,0.5453,0.1,3.3374332912038893,2.7261874795207355,3.5202366469214748,12.382857474022384,7173.815826159587,6,12,4,1,0,0,0,1148275.0
2024-12-30,1148275,56043782.16,48.81,0.547,0.0857,3.2467417994047,2.3672652416171225,3.469382155359373,12.514821090494948,7200.258152753,0,12,4,0,0,0,0,1053855.0
2024-12-31,1053855,52050930.37,49.39,0.5303,0.0946,3.3259248030096997,2.590264915583518,3.4238479571111,12.428349725714737,7213.466740615872,1,12,4,0,1,1,0,901242.0
2025-01-01,901242,42789679.34,47.48,0.5296,0.0916,3.385176921782337,2.5268145021057355,3.417104980149541,12.799726896064444,7245.364686249624,2,1,1,0,0,0,1,1111873.0
2025-01-02,1111873,50391984.57,45.32,0.5398,0.0909,3.2464397426181324,2.581730282184825,3.4406883307212195,13.923513782074176,7181.549847861639,3,1,1,0,0,0,0,1213754.0
2025-01-03,1213754,56320727.3,46.4,0.5411,0.0976,3.305312648882455,2.4841868349162293,3.4667317583620783,13.34861962236999,7207.180853520109,4,1,1,0,0,0,0,961386.0
2025-01-04,961386,45029755.48,46.84,0.5207,0.1015,3.2679983559168613,2.5332457436428726,3.5225590225977066,13.56993774383639,7194.714290862688,5,1,1,1,0,0,0,989437.0
2025-01-05,989437,46831049.99,47.33,0.5374,0.0929,3.3082619217419222,2.594460289826161,3.3956973214188317,13.594001219838507,7215.347945358502,6,1,1,1,0,0,0,1098663.0
2025-01-06,1098663,51608443.65,46.97,0.5393,0.0997,3.2887366929028112,2.7869629262269346,3.4465734463686464,14.08084178499169,7170.764708340189,0,1,1,0,0,0,0,1105022.0
2025-01-07,1105022,52354004.91,47.38,0.5369,0.0953,3.259051219926433,2.6029538202068534,3.46962421775141,13.39052055774589,7135.395645249134,1,1,1,0,0,0,0,1139834.0
2025-01-08,1139834,53385288.93,46.84,0.5308,0.0896,3.3009610767508666,2.470844619364226,3.370568335279573,13.50083431158438,7213.489809694992,2,1,1,0,0,0,0,1187676.0
2025-01-09,1187676,56278591.71,47.39,0.5335,0.0935,3.3503511819094665,2.5051661411260775,3.4204195673793008,14.522503833175199,7147.832184601345,3,1,1,0,0,0,0,1157785.0
2025-01-10,1157785,53620189.21,46.31,0.537,0.0932,3.267267769706386,2.503168921000967,3.4279518640091453,12.323841682629853,7087.474919395906,4,1,1,0,0,0,0,973439.0
2025-01-11,973439,45276570.58,46.51,0.5396,0.0908,3.300416503309131,2.3961637946059113,3.4219955339862818,12.121203953126061,7086.448570439845,5,1,1,1,0,0,0,1134549.0
2025-01-12,1134549,52383243.06,46.17,0.5447,0.0976,3.2166131407348235,2.5137792759291946,3.471237244436213,11.751422308480544,7039.634927147979,6,1,1,1,0,0,0,1134244.0
2025-01-13,1134244,56629066.96,49.93,0.5493,0.0964,3.2268000954647875,2.599182084193322,3.4534644546449775,13.420690872222671,6986.0107001709,0,1,1,0,0,0,0,1118832.0
2025-01-14,1118832,55116453.7,49.26,0.5355,0.0855,3.280662920179073,2.438984457551521,3.433578751954894,11.003608929207573,6994.845994166769,1,1,1,0,0,0,0,1189371.0
2025-01-15,1189371,56989231.29,47.92,0.5338,0.0851,3.317836064842177,2.6251668912399557,3.48259276500491,13.809792864882716,6902.929127317464,2,1,1,0,0,0,0,1109411.0
2025-01-16,1109411,54456927.12,49.09,0.5426,0.0976,3.2693963575668348,2.5806734792554304,3.5472009013730696,13.151519719406123,6842.763087662125,3,1,1,0,0,0,0,1200738.0
2025-01-17,1200738,58010030.14,48.31,0.5443,0.0901,3.239345556849802,2.4832739843308915,3.542863478952343,14.671682743684405,6972.651095984716,4,1,1,0,0,0,0,967920.0
2025-01-18,967920,45881471.57,47.4,0.5337,0.0968,3.248531252642446,2.5310493575875466,3.364616508533706,12.531595218694395,7003.761959696647,5,1,1,1,0,0,0,1066210.0
2025-01-19,1066210,47859855.76,44.89,0.5459,0.0997,3.1952306787760945,2.670594453583555,3.489464107329439,13.121909174670703,6959.061331233641,6,1,1,1,0,0,0,1133050.0
2025-01-20,1133050,52991540.7,46.77,0.5477,0.0874,3.2661106758048337,2.601767396394517,3.4515656921930384,14.74074149910447,6987.510741283403,0,1,1,0,0,0,0,1181246.0
2025-01-21,1181246,55135412.39,46.68,0.5507,0.0866,3.2739021524144296,2.5441389881111007,3.4680819405302996,15.082274927294613,7025.495799036782,1,1,1,0,0,0,0,1223232.0
2025-01-22,1223232,55650481.44,45.49,0.5555,0.1051,3.217199686080292,2.5247721970374997,3.4402682971036933,12.634949246044961,7090.887827021446,2,1,1,0,0,0,0,1080982.0
2025-01-23,1080982,48623717.51,44.98,0.5289,0.0972,3.2131517951003796,2.5502639772694042,3.4659211149388542,13.698091790495937,7085.006447797791,3,1,1,0,0,0,0,1188660.0
2025-01-24,1188660,57014641.07,47.97,0.5376,0.0925,3.2392545139007822,2.503540359181889,3.4674722477447153,13.862278615103037,7149.793605480491,4,1,1,0,0,0,0,940144.0
2025-01-25,940144,44872383.95,47.73,0.5375,0.0894,3.207812231103907,2.376445458957892,3.430815444962456,13.986577776475665,7022.022574874014,5,1,1,1,0,0,0,953985.0
2025-01-26,953985,43413523.17,45.51,0.5363,0.092,3.219293094056952,2.7085413918273535,3.41480677127498,13.252514080436896,6957.762438048756,6,1,1,1,0,0,0,1086247.0
2025-01-27,1086247,50136807.91,46.16,0.5307,0.0879,3.3025804008084148,2.557932643105617,3.4370534418706864,15.134866486818568,6970.212993444666,0,1,1,0,0,0,0,1165459.0
2025-01-28,1165459,57145749.21,49.03,0.5222,0.1004,3.205359394651952,2.57769563391358,3.4710652286066948,11.359351149650172,6993.107926472531,1,1,1,0,0,0,0,1135733.0
2025-01-29,1135733,52233103.36,45.99,0.5379,0.0904,3.197551483317777,2.5415461484182083,3.489167084440884,13.15161238845832,6938.122667365012,2,1,1,0,0,0,0,1122666.0
2025-01-30,1122666,53416025.96,47.58,0.5292,0.1017,3.1826238677032457,2.487702027135405,3.501750681327102,14.224640354410418,6956.509119232239,3,1,1,0,0,0,0,1134938.0
2025-01-31,1134938,53404514.02,47.06,0.5376,0.0927,3.2349294637684336,2.5319676835815383,3.434240660076922,14.266126575410478,6919.715024322271,4,1,1,0,1,0,0,1031526.0
2025-02-01,1031526,49632375.17,48.12,0.5287,0.0888,3.194544868146274,2.419217981112471,3.4730102825646108,15.371276554217232,6904.634873280162,5,2,1,1,0,0,0,1030772.0
2025-02-02,1030772,47506289.59,46.09,0.5255,0.0926,3.172446779733246,2.729662032305793,3.5068120414938067,15.21651777995718,6970.774993667959,6,2,1,1,0,0,0,1192164.0
2025-02-03,1192164,56655998.45,47.52,0.5387,0.0794,3.2478975557114578,2.4490573145697394,3.5168364796020466,13.466848722674603,7030.212749668432,0,2,1,0,0,0,0,1215173.0
2025-02-04,1215173,57912649.64,47.66,0.5378,0.0944,3.248449045758933,2.465581726681075,3.4554858808597015,15.400362422599995,6969.567227809801,1,2,1,0,0,0,0,1145319.0
2025-02-05,1145319,54707855.07,47.77,0.542,0.0941,3.1642633632517616,2.513236622390816,3.447252692330318,13.014849125501476,6905.700008405354,2,2,1,0,0,0,0,1111272.0
2025-02-06,1111272,52847851.46,47.56,0.5579,0.1001,3.110229948518368,2.651819302024156,3.4677282120827027,15.02010755508437,6882.317699700542,3,2,1,0,0,0,0,1156947.0
2025-02-07,1156947,55499746.18,47.97,0.5387,0.0838,3.221799206591895,2.5502473868360753,3.400560315871273,16.107171520864394,6882.783899822827,4,2,1,0,0,0,0,954223.0
2025-02-08,954223,48434452.22,50.76,0.5407,0.1021,3.1507164615757173,2.4505067453499145,3.4482398709065483,15.424134908192643,6844.258693371758,5,2,1,1,0,0,0,976527.0
2025-02-09,976527,50123866.65,51.33,0.5249,0.1001,3.2063255689129306,2.6500531211117173,3.495025291642451,14.124936691984864,6910.787170253105,6,2,1,1,0,0,0,1187754.0
2025-02-10,1187754,55283253.64,46.54,0.5227,0.1027,3.092491188964221,2.6084920285876354,3.4897699222672407,13.631838041964617,6934.557527144802,0,2,1,0,0,0,0,1142682.0
2025-02-11,1142682,50326305.88,44.04,0.5513,0.0949,3.2035899500733627,2.593390166174292,3.4440367489625365,12.2277707310542,6962.083506115856,1,2,1,0,0,0,0,1084186.0
2025-02-12,1084186,52506405.36,48.43,0.5261,0.1013,3.116025824241038,2.6078749470753126,3.4683145724199242,14.46698028400225,6885.283309186546,2,2,1,0,0,0,0,1076569.0
2025-02-13,1076569,51494386.5,47.83,0.5248,0.0864,3.1902858530112925,2.7424634272098576,3.416075648820894,12.788466557552587,6960.127672837335,3,2,1,0,0,0,0,1143697.0
2025-02-14,1143697,56224846.37,49.16,0.5347,0.0995,3.1582047518309975,2.7260177455997643,3.492363247483554,13.207499633341149,6787.765461643701,4,2,1,0,0,0,0,1070770.0
2025-02-15,1070770,51410751.63,48.01,0.5341,0.0906,3.116050759414169,2.496565999187993,3.453179013747471,12.763037198874212,6840.996199252643,5,2,1,1,0,0,0,1061992.0
2025-02-16,1061992,50646366.97,47.69,0.5258,0.0854,3.1344973692242717,2.681704474918898,3.4431549301708126,13.67226671031138,6900.865325185808,6,2,1,1,0,0,0,1144287.0
2025-02-17,1144287,56427023.06,49.31,0.5317,0.0886,3.1747980364293538,2.582734938302381,3.4387497003419405,14.224111514537666,6876.153546584073,0,2,1,0,0,0,0,1228206.0
2025-02-18,1228206,60843234.8,49.54,0.5469,0.0953,3.1481435560280833,2.5922942974208705,3.453575560848714,14.619079144679176,6957.494312442979,1,2,1,0,0,0,0,1141365.0
2025-02-19,1141365,52014098.01,45.57,0.5264,0.0904,3.1638427928064043,2.4172674386968516,3.4342117071128646,13.603327682958831,6955.654155481555,2,2,1,0,0,0,0,1125739.0
2025-02-20,1125739,52283062.84,46.44,0.5204,0.0976,3.216078421277768,2.539298023987055,3.4893990499026653,15.640394936065494,6961.672093075169,3,2,1,0,0,0,0,1029023.0
2025-02-21,1029023,48905773.98,47.53,0.5436,0.0845,3.071001699163085,2.48818006776472,3.4366150034768848,14.140849602979834,6985.0904630364475,4,2,1,0,0,0,0,992283.0
2025-02-22,992283,47479788.88,47.85,0.539,0.0826,3.194806486693837,2.6197250027242753,3.535915642937171,13.478990791598761,7190.489007959862,5,2,1,1,0,0,0,1045719.0
2025-02-23,1045719,49545117.46,47.38,0.5277,0.1036,3.1308349085987204,2.639438335949298,3.529417195497903,14.729488459070303,7280.217351376169,6,2,1,1,0,0,0,1203820.0
2025-02-24,1203820,58247889.81,48.39,0.518,0.1008,3.0872480770223163,2.388061825230266,3.4114697033921333,16.847997308739753,7328.509081673848,0,2,1,0,0,0,0,1102484.0
2025-02-25,1102484,54292190.08,49.25,0.5262,0.0891,3.0665217554593127,2.552524003854865,3.4594232747295104,14.927836881853276,7270.736680541517,1,2,1,0,0,0,0,1162452.0
2025-02-26,1162452,58531610.94,50.35,0.533,0.0954,3.108700453395006,2.6442989786422797,3.4232973898118537,14.124239913766688,7282.325541608033,2,2,1,0,0,0,0,1196330.0
2025-02-27,1196330,58204776.74,48.65,0.5451,0.1016,3.149658362477382,2.5398761956198,3.439390979018641,12.76084579282429,7231.395465908229,3,2,1,0,0,0,0,1140575.0
2025-02-28,1140575,53062438.98,46.52,0.5229,0.098,3.104213616136496,2.6133932311485433,3.555738843965966,14.364745868311157,7287.280855145621,4,2,1,0,1,0,0,907417.0
2025-03-01,907417,43189966.64,47.6,0.5323,0.0964,3.1662811487357243,2.583416160126199,3.440133990663382,14.944302383183206,7298.681381391721,5,3,1,1,0,0,0,1026927.0
2025-03-02,1026927,49006268.32,47.72,0.5397,0.1021,3.0443034558737163,2.5829076643831765,3.4734199322579165,14.231744634516076,7227.343794361664,6,3,1,1,0,0,0,1187118.0
2025-03-03,1187118,57721131.56,48.62,0.509,0.0912,3.09837863274691,2.5341186944470304,3.4823717423544855,12.732936726848356,7234.7792043693125,0,3,1,0,0,0,0,1108355.0
2025-03-04,1108355,53699633.38,48.45,0.543,0.0957,3.0452743492702856,2.458743582885453,3.4051722350568987,13.745378442480709,7181.8196440695165,1,3,1,0,0,0,0,1124050.0
2025-03-05,1124050,57281414.0,50.96,0.5207,0.0955,3.10641946201187,2.4665908816005384,3.4123479351724484,16.546262306332885,7193.738443523941,2,3,1,0,0,0,0,1080593.0
2025-03-06,1080593,51013322.12,47.21,0.5357,0.094,3.1238499994246967,2.613301816472244,3.3947015751231886,16.556475915234138,7140.452197660444,3,3,1,0,0,0,0,1032688.0
2025-03-07,1032688,50079885.46,48.49,0.5347,0.0933,3.0680405809282916,2.5583476576028654,3.41060512178829,13.806664360205191,7144.335963883337,4,3,1,0,0,0,0,1058181.0
2025-03-08,1058181,54460654.3,51.47,0.543,0.0961,2.977195293400038,2.545944443636426,3.312304098191943,15.712993132285657,7194.882643761931,5,3,1,1,0,0,0,1019607.0
2025-03-09,1019607,47996041.88,47.07,0.5375,0.0959,3.085810829162716,2.523345674427544,3.481937649649366,13.526547218125542,7193.573431064132,6,3,1,1,0,0,0,1205056.0
2025-03-10,1205056,58065958.97,48.19,0.5081,0.0894,3.0918077762306546,2.5330702378072214,3.5573221287899246,16.661258696188558,7170.426210389252,0,3,1,0,0,0,0,1177651.0
2025-03-11,1177651,54839557.31,46.57,0.5239,0.1005,3.086991645190908,2.6414637542132815,3.46190836234631,15.305700981957436,7185.672978693438,1,3,1,0,0,0,0,1120821.0
2025-03-12,1120821,53938410.55,48.12,0.5329,0.0899,3.1167290682804905,2.531113731534614,3.383609753025187,16.186420069389065,7233.029557168971,2,3,1,0,0,0,0,1152077.0
2025-03-13,1152077,53971615.05,46.85,0.5295,0.0944,3.020929878751697,2.450867495409063,3.4221912297518426,13.024263463198354,7163.416481180889,3,3,1,0,0,0,0,1162304.0
2025-03-14,1162304,57655418.23,49.6,0.536,0.094,3.0874512502389995,2.6178611806958805,3.4312940422296894,15.931157629706867,7182.346870463904,4,3,1,0,0,0,0,1055620.0
2025-03-15,1055620,50956745.08,48.27,0.539,0.098,3.1044098365026445,2.5421922084374176,3.4032674642525036,15.144493911345387,7270.149594035278,5,3,1,1,0,0,0,1023038.0
2025-03-16,1023038,47739508.9,46.66,0.537,0.0831,2.982029327778584,2.5613042354148097,3.4970656370780238,16.211819160321372,7309.918621174978,6,3,1,1,0,0,0,1183809.0
2025-03-17,1183809,58415128.47,49.35,0.5287,0.1012,3.062418579824889,2.687605962151785,3.4944802931957772,16.323238805942594,7315.85447732964,0,3,1,0,0,0,0,1129668.0
2025-03-18,1129668,54642457.1,48.37,0.5122,0.0918,3.025921385179916,2.5575588765650514,3.39610647123538,15.340323938370737,7360.242919758116,1,3,1,0,0,0,0,1100476.0
2025-03-19,1100476,54525012.45,49.55,0.526,0.1032,3.0392801546875687,2.5825393158583303,3.4900458675813195,14.576463431219937,7392.429349554459,2,3,1,0,0,0,0,1135804.0
2025-03-20,1135804,52715710.75,46.41,0.5345,0.0931,3.0528970313880848,2.465288506293315,3.5300461878028986,16.26926319552466,7444.901116369066,3,3,1,0,0,0,0,1151768.0
2025-03-21,1151768,56095779.12,48.7,0.5193,0.0957,3.015946182952293,2.542223441213535,3.5487481893280575,15.297703651243918,7312.638160436412,4,3,1,0,0,0,0,961402.0
2025-03-22,961402,47423538.18,49.33,0.5364,0.1075,3.0048488147555523,2.6087505266156596,3.5967965901819774,14.358901416957632,7213.199810965794,5,3,1,1,0,0,0,959611.0
2025-03-23,959611,45628581.34,47.55,0.539,0.0943,3.0296815219688003,2.4357468093522194,3.408353052372334,14.338508715367311,7280.833281266672,6,3,1,1,0,0,0,1169892.0
2025-03-24,1169892,54180312.02,46.31,0.531,0.1035,2.9812603661189323,2.576429385796213,3.594581388170001,13.706636676011557,7184.935562742123,0,3,1,0,0,0,0,1126985.0
2025-03-25,1126985,54269909.65,48.15,0.4989,0.0963,2.9777484842015296,2.568606925530047,3.4355787159487514,14.903522694454153,7213.026956409614,1,3,1,0,0,0,0,1126565.0
2025-03-26,1126565,56414045.31,50.08,0.5166,0.0986,3.0447842299680126,2.56402527457172,3.4235854179726455,16.875837307780962,7192.278934406272,2,3,1,0,0,0,0,1122852.0
2025-03-27,1122852,56074657.69,49.94,0.5481,0.0965,2.9680818865830694,2.6438703915026225,3.4694829520179513,15.802835317209347,7130.132074055329,3,3,1,0,0,0,0,1211807.0
2025-03-28,1211807,57711772.3,47.62,0.5236,0.1012,3.037107053957299,2.5878249114998417,3.423947896584134,14.990650393162532,7154.657406275498,4,3,1,0,0,0,0,1060510.0
2025-03-29,1060510,49164361.62,46.36,0.5091,0.0921,3.025375684810883,2.6794844683305965,3.472925788131654,16.629231825239046,7169.667638165205,5,3,1,1,0,0,0,964164.0
2025-03-30,964164,45945899.45,47.65,0.5411,0.0903,2.9342538331249615,2.481917163137777,3.3868933276283526,14.701568550240724,7309.233359360825,6,3,1,1,0,0,0,1117398.0
2025-03-31,1117398,53204062.88,47.61,0.5288,0.0924,2.9725941922341597,2.5724406058776843,3.440884151238858,15.852201286635028,7270.322445281343,0,3,1,0,1,1,0,1130846.0
2025-04-01,1130846,55415073.53,49.0,0.5395,0.0969,3.0438684543459056,2.5684829942302714,3.5170264760994705,15.559571729943254,7367.266393074891,1,4,2,0,0,0,0,1118092.0
2025-04-02,1118092,53883745.32,48.19,0.5311,0.095,2.9532613978016786,2.476340983947376,3.449820871859399,16.74754117127861,7392.77496487369,2,4,2,0,0,0,0,1099814.0
2025-04-03,1099814,51951627.58,47.24,0.5327,0.1006,2.9703324474934174,2.638537303753225,3.459681287121445,13.957478080402629,7351.013125663901,3,4,2,0,0,0,0,1043213.0
2025-04-04,1043213,52201926.35,50.04,0.5316,0.1042,3.003788328065038,2.748156582994975,3.47629297896749,14.867596610565375,7406.182137269544,4,4,2,0,0,0,0,941223.0
2025-04-05,941223,45753165.27,48.61,0.5348,0.0905,3.013035479868271,2.560967889198537,3.5109926710241557,13.959737761220477,7446.096790215587,5,4,2,1,0,0,0,941293.0
2025-04-06,941293,46188618.19,49.07,0.5504,0.092,2.9680289815389287,2.602872347519974,3.3696288849367613,15.652034970779194,7450.605877276611,6,4,2,1,0,0,0,1098277.0
2025-04-07,1098277,50350760.33,45.85,0.5372,0.0878,2.950577534614011,2.5693710395688467,3.4815478445652523,17.45530551844806,7470.592714853287,0,4,2,0,0,0,0,1172094.0
2025-04-08,1172094,52524808.44,44.81,0.5115,0.1087,3.0277568879497534,2.505658291869416,3.4388471971515426,15.433223670592923,7432.656450385522,1,4,2,0,0,0,0,1065431.0
2025-04-09,1065431,49339412.45,46.31,0.5316,0.0984,3.036798994601287,2.4172163373708413,3.4605195520025256,15.465237260533272,7379.6974691716605,2,4,2,0,0,0,0,1040742.0
2025-04-10,1040742,49707197.73,47.76,0.5384,0.0994,3.002775026070097,2.506543952610572,3.505119660097396,17.162558529247356,7432.398086137921,3,4,2,0,0,0,0,1083286.0
2025-04-11,1083286,53474353.25,49.36,0.5389,0.0885,2.963407925193196,2.451774397424712,3.3923483049220913,17.437317397637685,7419.514211681299,4,4,2,0,0,0,0,1007623.0
2025-04-12,1007623,45344668.4,45.0,0.5224,0.0966,2.9240358836853786,2.6995810233106603,3.401361893073055,16.087482922991203,7416.244887902617,5,4,2,1,0,0,0,894422.0
2025-04-13,894422,45544577.05,50.92,0.5381,0.0997,2.9195168852098417,2.5541624108762777,3.3551600868352542,17.054282162619682,7437.024157569214,6,4,2,1,0,0,0,1164031.0
2025-04-14,1164031,56808957.37,48.8,0.5356,0.0952,2.9700002288220255,2.535812497280094,3.4244120996818204,14.979285364120479,7456.882757951495,0,4,2,0,0,0,0,1073502.0
2025-04-15,1073502,54324158.43,50.6,0.5519,0.1032,2.9621974692673114,2.634729722514248,3.518331118457497,17.96436151010524,7363.623557520369,1,4,2,0,0,0,0,1046455.0
2025-04-16,1046455,49446652.89,47.25,0.5185,0.1106,2.9978842512190877,2.4739652048615204,3.4457205890450937,18.928561255539783,7451.434469910707,2,4,2,0,0,0,0,1017716.0
2025-04-17,1017716,50227000.19,49.35,0.5207,0.0911,2.964193988194216,2.502460538251272,3.3846851439161143,17.015059017109706,7461.637404078513,3,4,2,0,0,0,0,1137432.0
2025-04-18,1137432,55439569.11,48.74,0.5226,0.0907,2.8744053781137064,2.569356290781175,3.4273498849343014,13.928058731218941,7450.105671824247,4,4,2,0,0,0,0,955556.0
2025-04-19,955556,47640235.57,49.86,0.5206,0.0916,2.972956048166385,2.646309344451593,3.3771841639171027,15.799212687349288,7481.12047779431,5,4,2,1,0,0,0,966249.0
2025-04-20,966249,46665098.44,48.3,0.5164,0.1065,2.8873022382068623,2.604236400886835,3.3952623646243287,17.244493101353942,7499.1354132144,6,4,2,1,0,0,0,1053460.0
2025-04-21,1053460,52011303.16,49.37,0.4975,0.1032,2.908209317922565,2.5840578254354263,3.4709080297563153,16.043524090769235,7553.168242132542,0,4,2,0,0,0,0,1070027.0
2025-04-22,1070027,53856168.75,50.33,0.5206,0.0962,2.9299166874056923,2.5705278827186806,3.3927198265914025,18.116336254215405,7591.918331951506,1,4,2,0,0,0,0,1063508.0
2025-04-23,1063508,50748224.86,47.72,0.5285,0.0972,2.996072913253796,2.5963804038855858,3.5069926111761407,17.33608060819025,7643.2262031076125,2,4,2,0,0,0,0,1088546.0
2025-04-24,1088546,53419414.06,49.07,0.5197,0.0922,3.036977533962769,2.580573249742158,3.4477532789398144,15.823321260986887,7738.850319690951,3,4,2,0,0,0,0,1062520.0
2025-04-25,1062520,48764483.26,45.9,0.5438,0.1024,2.9331813552059733,2.4821191163430143,3.455538421006408,16.750822342782243,7802.776967496357,4,4,2,0,0,0,0,898282.0
2025-04-26,898282,44731593.28,49.8,0.5244,0.0949,2.897913291874922,2.5682755050078945,3.437290424721563,15.680737015034811,7793.645927935308,5,4,2,1,0,0,0,1086094.0
2025-04-27,1086094,56141504.32,51.69,0.537,0.0956,2.922947208721349,2.478762720421824,3.4898028474852953,16.575693999060206,7717.385624579483,6,4,2,1,0,0,0,1032277.0
2025-04-28,1032277,48422737.45,46.91,0.5265,0.1009,2.9333961481628608,2.571209428371883,3.4902708277609573,16.17097685777781,7836.233965887992,0,4,2,0,0,0,0,1093261.0
2025-04-29,1093261,53191889.14,48.65,0.532,0.0961,2.8813833165529896,2.526332356505946,3.4678189243300475,18.288137169234638,7821.613744768003,1,4,2,0,0,0,0,993125.0
2025-04-30,993125,49783563.5,50.13,0.5264,0.0959,2.962335728376618,2.7679924328408525,3.479260031126995,19.459820750527772,7790.495796909529,2,4,2,0,1,0,0,999947.0
2025-05-01,999947,48868048.01,48.87,0.5371,0.0974,2.89604453930738,2.5617043971400806,3.440371457350129,15.245620397074859,7671.752407528245,3,5,2,0,0,0,0,1098419.0
2025-05-02,1098419,53918285.58,49.09,0.5238,0.1021,2.9030630697560706,2.452607150404104,3.4780424523020455,14.697891826839996,7697.241001376814,4,5,2,0,0,0,0,960131.0
2025-05-03,960131,46344576.83,48.27,0.528,0.1073,2.9060991762994695,2.5542585792658112,3.4339957705638056,16.75452249779604,7709.644595214213,5,5,2,1,0,0,0,1015676.0
2025-05-04,1015676,48985287.93,48.23,0.5265,0.101,2.892631773858452,2.6065846783365716,3.450959594267549,15.269890042480059,7607.280425568098,6,5,2,1,0,0,0,1095292.0
2025-05-05,1095292,53403554.94,48.76,0.5198,0.1023,2.905629296380552,2.6989443687876533,3.4370751761206626,17.190992286790152,7640.434063845738,0,5,2,0,0,0,0,1070832.0
2025-05-06,1070832,52434170.43,48.97,0.5266,0.0963,2.8436822001584496,2.5179546171414313,3.4279067838227792,18.07810991985563,7608.2974790314065,1,5,2,0,0,0,0,1032264.0
2025-05-07,1032264,48668185.26,47.15,0.5447,0.0933,2.842338213770455,2.4385483987667973,3.4162734650312356,19.016512726386814,7796.855586505848,2,5,2,0,0,0,0,1146859.0
2025-05-08,1146859,56008021.12,48.84,0.5194,0.1015,2.8169593967845916,2.6305176866393705,3.474075901322304,17.509688504216967,7759.082241223506,3,5,2,0,0,0,0,1124818.0
2025-05-09,1124818,57707290.24,51.3,0.5262,0.0987,2.87483824428708,2.4547471698391194,3.51618503021615,17.081027299839413,7730.8176411216455,4,5,2,0,0,0,0,905779.0
2025-05-10,905779,43783508.96,48.34,0.5344,0.0892,2.884705651959963,2.5303232132855893,3.5091741689858016,14.983885548603451,7672.238956330258,5,5,2,1,0,0,0,952892.0
2025-05-11,952892,44906503.76,47.13,0.533,0.0958,2.8681464921338216,2.5446228240210944,3.387756136955284,17.434848392277043,7763.053387401816,6,5,2,1,0,0,0,1084800.0
2025-05-12,1084800,52906815.12,48.77,0.5215,0.0973,2.913100070611164,2.5596748231590767,3.5150108873351846,17.534804265992495,7739.109574967298,0,5,2,0,0,0,0,1060245.0
2025-05-13,1060245,50830200.21,47.94,0.4974,0.0948,2.8421787597421857,2.620387905292893,3.4346101384929577,18.262205475728756,7690.823172170786,1,5,2,0,0,0,0,1119201.0
2025-05-14,1119201,52627086.15,47.02,0.5262,0.1068,2.865431946769743,2.510569458720802,3.48052304106756,16.691843691774373,7741.9636107415,2,5,2,0,0,0,0,1121579.0
2025-05-15,1121579,55242161.14,49.25,0.4987,0.1008,2.7912913998841287,2.5433635076028778,3.405144948498452,17.066922870062747,7648.401208397035,3,5,2,0,0,0,0,1080486.0
2025-05-16,1080486,51858303.17,48.0,0.5354,0.1062,2.815750097143595,2.5641180506239634,3.4575250337618524,15.862734535723948,7693.583040685139,4,5,2,0,0,0,0,950362.0
2025-05-17,950362,45749737.51,48.14,0.5222,0.0996,2.8553277634789955,2.5772215219643133,3.4660835184758514,14.934542127559528,7819.985592841438,5,5,2,1,0,0,0,1023786.0
2025-05-18,1023786,50495201.23,49.32,0.5303,0.0985,2.8577400449475476,2.5730700321620477,3.3761394394081075,16.40206867575705,7862.032889422041,6,5,2,1,0,0,0,1130812.0
2025-05-19,1130812,52930631.0,46.81,0.5111,0.0925,2.8082845512417056,2.600110650338473,3.480756355515335,15.896471863083006,7909.375638984735,0,5,2,0,0,0,0,1079711.0
2025-05-20,1079711,50217910.37,46.51,0.5045,0.0982,2.8134441109688613,2.632719827625223,3.517614064411755,18.2339518381016,7973.642863923877,1,5,2,0,0,0,0,1010845.0
2025-05-21,1010845,50688429.91,50.14,0.5224,0.0983,2.7518555884044704,2.5966020142147617,3.441560232287882,17.25761774956158,8099.403588195516,2,5,2,0,0,0,0,1098335.0
2025-05-22,1098335,50806182.46,46.26,0.5193,0.09,2.794549454963924,2.6014528757976643,3.5182773504946376,17.283433660828635,8190.21861896197,3,5,2,0,0,0,0,1119245.0
2025-05-23,1119245,53392526.69,47.7,0.5145,0.095,2.8407036840125333,2.4385590517389244,3.440761582585781,16.79843106390114,8224.835181915832,4,5,2,0,0,0,0,844607.0
2025-05-24,844607,39261256.3,46.48,0.5201,0.0964,2.824351964689991,2.5691221058352185,3.492703796130535,14.151536496398203,8294.174837144275,5,5,2,1,0,0,0,951761.0
2025-05-25,951761,46132325.57,48.47,0.5467,0.1009,2.8176234940125333,2.6034275837731853,3.33927538270184,19.891966937270738,8230.441924641336,6,5,2,1,0,0,0,1064801.0
2025-05-26,1064801,53087830.23,49.86,0.5272,0.1012,2.7958386308240626,2.6233414623756786,3.5711230805704024,16.933550127970282,8290.295025791931,0,5,2,0,0,0,0,1072103.0
2025-05-27,1072103,52960475.84,49.4,0.5292,0.095,2.7903787675506657,2.5095933803242287,3.5249384137351116,17.69136406856169,8217.732164239687,1,5,2,0,0,0,0,1048241.0
2025-05-28,1048241,55381892.55,52.83,0.527,0.1013,2.759929715895944,2.512209656122455,3.4359165354661756,16.493314629265974,8192.747598016058,2,5,2,0,0,0,0,1066372.0
2025-05-29,1066372,54268603.66,50.89,0.5331,0.0975,2.810539803754159,2.518952172252753,3.351526667960988,19.458953389330464,7970.633952622273,3,5,2,0,0,0,0,1138245.0
2025-05-30,1138245,54497883.15,47.88,0.5162,0.0814,2.795667498285068,2.607736830745138,3.464516845797963,18.51874910842004,8001.54131742607,4,5,2,0,0,0,0,930855.0
2025-05-31,930855,44211040.51,47.5,0.4974,0.0958,2.7947490790640135,2.6474737520394442,3.3779044576564674,17.409550062728595,7957.350951227514,5,5,2,1,1,0,0,981682.0
2025-06-01,981682,52388174.79,53.37,0.5159,0.1052,2.7502645302110467,2.5321020565554386,3.4723297191122233,17.98563442551348,8039.386600000266,6,6,2,1,0,0,0,1018863.0
2025-06-02,1018863,51874940.33,50.91,0.5257,0.0887,2.6814076831898594,2.6372674886034817,3.470652635068254,20.525825820019673,8069.732798622141,0,6,2,0,0,0,0,1098802.0
2025-06-03,1098802,55181484.92,50.22,0.5077,0.0995,2.8076608850572446,2.574436559873376,3.4029924972379004,18.480735752242843,8153.869549217592,1,6,2,0,0,0,0,1066033.0
2025-06-04,1066033,52728983.99,49.46,0.5155,0.1084,2.7408525788129854,2.5545390103087433,3.5061003131957262,18.407107908937782,8076.794947984499,2,6,2,0,0,0,0,1087451.0
2025-06-05,1087451,54128604.87,49.78,0.5101,0.0944,2.721724294235982,2.547490849705935,3.4903210032741403,17.55303001206817,8154.704628062102,3,6,2,0,0,0,0,1074952.0
2025-06-06,1074952,50691618.46,47.16,0.5319,0.099,2.78020169979648,2.6240462237818334,3.4988247409476783,16.467311138236326,8312.842893128902,4,6,2,0,0,0,0,965108.0
2025-06-07,965108,47898835.9,49.63,0.5242,0.0912,2.733007250607625,2.5902752701271097,3.450468765081484,18.60751431840054,8372.33261299545,5,6,2,1,0,0,0,814045.0
2025-06-08,814045,40308713.65,49.52,0.523,0.1088,2.787308442481579,2.746202805641079,3.37924298226329,19.249536819693184,8434.231869158135,6,6,2,1,0,0,0,994780.0
2025-06-09,994780,47817285.56,48.07,0.5225,0.0986,2.765812497801127,2.4958625160265093,3.4989071048533917,20.238501864371823,8449.248642794782,0,6,2,0,0,0,0,1095555.0
2025-06-10,1095555,53278226.96,48.63,0.5157,0.0995,2.7646943710625784,2.6053883220656107,3.4364902268656072,16.281512298230496,8411.564739038044,1,6,2,0,0,0,0,981968.0
2025-06-11,981968,50793691.45,51.73,0.5179,0.1074,2.678930797538687,2.5214997790537166,3.380516095206805,17.690971752413493,8471.518549985845,2,6,2,0,0,0,0,1043318.0
2025-06-12,1043318,51415182.82,49.28,0.5039,0.1032,2.778262326789188,2.4941845435026373,3.5176043761884532,18.406258377048353,8359.562435327342,3,6,2,0,0,0,0,1059991.0
2025-06-13,1059991,55744378.75,52.59,0.4937,0.0941,2.7364482676253243,2.56274573608929,3.554971089428196,19.161721490783645,8330.278280835098,4,6,2,0,0,0,0,896621.0
2025-06-14,896621,42039127.09,46.89,0.5169,0.0955,2.7074390015843908,2.574486865332227,3.447937612464257,19.055308499148985,8200.601004515876,5,6,2,1,0,0,0,896859.0
2025-06-15,896859,43702518.62,48.73,0.5184,0.1024,2.7241556526428874,2.7968320601094687,3.5579563821531197,19.147481387077935,8150.8657677135425,6,6,2,1,0,0,0,1073889.0
2025-06-16,1073889,50693001.73,47.21,0.5271,0.0957,2.6435789417647615,2.548521961522778,3.4545673663616294,19.848099019842266,8200.14379398288,0,6,2,0,0,0,0,1114552.0
2025-06-17,1114552,53193305.51,47.73,0.5305,0.0868,2.7271809354063468,2.4727107154796197,3.430981140223998,18.340033328718942,8239.575978995577,1,6,2,0,0,0,0,1014007.0
2025-06-18,1014007,48988990.04,48.31,0.5303,0.0993,2.6658646936974613,2.584833188017459,3.4184843182082205,20.611289489062468,8245.398444401342,2,6,2,0,0,0,0,1037088.0
2025-06-19,1037088,51897732.89,50.04,0.5045,0.0908,2.6491357574333074,2.396884367932484,3.531865666773013,20.07753846280806,8260.09908205498,3,6,2,0,0,0,0,1032396.0
2025-06-20,1032396,51602496.97,49.98,0.5107,0.1094,2.638549524655343,2.555358186094879,3.4110096577133495,19.241421023910767,8123.0931781942245,4,6,2,0,0,0,0,811748.0
2025-06-21,811748,39433255.24,48.58,0.5189,0.1008,2.7401510834412512,2.5638518205022187,3.4867866226231103,21.614888974068656,8097.899346823628,5,6,2,1,0,0,0,928072.0
2025-06-22,928072,42941444.19,46.27,0.5392,0.0944,2.6666710269131815,2.6259888033071266,3.4220722706200606,21.630840332422636,8050.375832854162,6,6,2,1,0,0,0,1094867.0
2025-06-23,1094867,56759865.89,51.84,0.5285,0.0957,2.7493870680139714,2.6401574270947576,3.427023429370781,20.95272552192268,8004.733183528504,0,6,2,0,0,0,0,1125407.0
2025-06-24,1125407,55381940.41,49.21,0.5247,0.0886,2.6628007057181327,2.521824846080975,3.5015605571690522,16.281867104636365,8050.019524880646,1,6,2,0,0,0,0,1013602.0
2025-06-25,1013602,48631339.97,47.98,0.5095,0.0934,2.612131683228304,2.549899951217454,3.431056534934557,21.87053300187846,7989.872210015439,2,6,2,0,0,0,0,1001185.0
2025-06-26,1001185,50138791.03,50.08,0.5043,0.1061,2.63195671896951,2.5004939455207076,3.4298299128226195,21.001957260567664,7948.450259246917,3,6,2,0,0,0,0,1048784.0
2025-06-27,1048784,52426141.84,49.99,0.5209,0.1135,2.722240339293198,2.471369024489383,3.506722220917923,22.52917451321596,7802.44547154974,4,6,2,0,0,0,0,958485.0
2025-06-28,958485,47167665.72,49.21,0.5018,0.1045,2.6627606334082596,2.5862319000757727,3.529965154657535,21.68047175080689,7783.713007397141,5,6,2,1,0,0,0,928790.0
2025-06-29,928790,46375583.91,49.93,0.5102,0.0997,2.643252288093744,2.4593756293487434,3.4823440837164434,22.164352030970775,7709.750559743195,6,6,2,1,0,0,0,1067571.0
2025-06-30,1067571,51232215.64,47.99,0.5113,0.0977,2.6677702871669,2.527910338163309,3.417386407888105,21.400352686787485,7717.118777281684,0,6,2,0,1,1,0,1090591.0
2025-07-01,1090591,55484417.81,50.88,0.5282,0.0946,2.6776252299363383,2.4812804467413074,3.424610774321574,22.040826674386146,7653.193762462869,1,7,3,0,0,0,0,998974.0
2025-07-02,998974,48204439.46,48.25,0.5085,0.1127,2.6984328451536084,2.60467874309086,3.4541542645254757,22.892575109230144,7662.247797036729,2,7,3,0,0,0,0,1030628.0
2025-07-03,1030628,50350720.11,48.85,0.4875,0.0993,2.7078584689729204,2.704624067180482,3.4662233058524388,20.837529226311034,7654.121009237071,3,7,3,0,0,0,0,961746.0
2025-07-04,961746,48808054.83,50.75,0.5167,0.1132,2.6317080220643847,2.456184033218686,3.400802807959305,18.769829672353005,7772.043092372517,4,7,3,0,0,0,1,912566.0
2025-07-05,912566,47084356.46,51.6,0.5045,0.1089,2.589235815123357,2.411866842610423,3.486368300370678,20.36720201603914,7808.774698678327,5,7,3,1,0,0,0,856782.0
2025-07-06,856782,44708285.6,52.18,0.5118,0.0902,2.621916783102135,2.5499104519401774,3.454513368933109,21.284544066517483,7682.391320401687,6,7,3,1,0,0,0,1015016.0
2025-07-07,1015016,52171785.4,51.4,0.5103,0.0967,2.6450430149224418,2.560946135516479,3.3644745846275237,20.987733031321046,7597.246944126183,0,7,3,0,0,0,0,1011203.0
2025-07-08,1011203,49896188.94,49.34,0.5082,0.0967,2.5922566067396224,2.576967788504608,3.4038369735043603,19.48405467609725,7602.83649104869,1,7,3,0,0,0,0,1072134.0
2025-07-09,1072134,50959744.9,47.53,0.5187,0.1003,2.588694886285784,2.523549953516314,3.4251011598792562,19.105509027366832,7541.272101495407,2,7,3,0,0,0,0,1007997.0
2025-07-10,1007997,52378941.93,51.96,0.4953,0.1005,2.636905213211234,2.542980815928798,3.4466900038235226,20.257052974968346,7344.2170012571905,3,7,3,0,0,0,0,1049618.0
2025-07-11,1049618,54501328.23,51.92,0.5052,0.1189,2.6173792209986173,2.588204967875811,3.5448231214126245,22.200186613621565,7435.726404427437,4,7,3,0,0,0,0,869026.0
2025-07-12,869026,42472705.58,48.87,0.5171,0.0945,2.616807680165196,2.641806587596302,3.4622950388791964,23.212546196929587,7485.853001314726,5,7,3,1,0,0,0,816104.0
2025-07-13,816104,41847051.85,51.28,0.5039,0.1024,2.5813253666129916,2.4019319976094007,3.408376169465847,22.502041937420806,7522.811731925828,6,7,3,1,0,0,0,1051240.0
2025-07-14,1051240,51941199.04,49.41,0.4938,0.1048,2.5986174516983485,2.528580325091051,3.461475592905311,22.757872770133343,7483.568784363956,0,7,3,0,0,0,0,1050709.0
2025-07-15,1050709,54818087.61,52.17,0.5164,0.1011,2.56703140168078,2.5749555587535315,3.4328699522698902,21.479550581533935,7514.196741247261,1,7,3,0,0,0,0,1076786.0
2025-07-16,1076786,52935914.54,49.16,0.5207,0.1019,2.6357748843636464,2.4841639321441904,3.4667435366742008,19.5743619232046,7468.466286658537,2,7,3,0,0,0,0,1011632.0
2025-07-17,1011632,53529519.42,52.91,0.5089,0.095,2.63774214147582,2.695842542870109,3.479566292081413,21.207681682033993,7484.002001851098,3,7,3,0,0,0,0,1010667.0
2025-07-18,1010667,51683369.4,51.14,0.4895,0.102,2.518648899940657,2.506258916644199,3.5110327209709737,21.533259230116247,7423.987038748851,4,7,3,0,0,0,0,933884.0
2025-07-19,933884,49185440.01,52.67,0.516,0.1045,2.5514792790692287,2.553526806217348,3.4493911424213333,21.337878237916122,7527.750004309779,5,7,3,1,0,0,0,979177.0
2025-07-20,979177,48261804.83,49.29,0.4922,0.1034,2.524960921605303,2.6010462789721807,3.5325887697576825,22.091263391784082,7423.843649487857,6,7,3,1,0,0,0,1040176.0
2025-07-21,1040176,52636903.63,50.6,0.5117,0.1049,2.5549826186842584,2.5089917907347985,3.496078150114051,22.647333466959918,7508.381175549347,0,7,3,0,0,0,0,1057873.0
2025-07-22,1057873,51364801.88,48.55,0.4996,0.1101,2.5738066741263537,2.4082945619178298,3.4153423106477825,23.233947436093455,7512.753564064853,1,7,3,0,0,0,0,1028777.0
2025-07-23,1028777,52762928.44,51.29,0.4967,0.1073,2.515318160330305,2.5214496415887826,3.561245339219481,21.96997060031014,7481.462518106174,2,7,3,0,0,0,0,981386.0
2025-07-24,981386,50425482.6,51.38,0.5037,0.1021,2.5325885389234095,2.6378146092061607,3.467141546628673,20.1132597963087,7494.44663017455,3,7,3,0,0,0,0,1088292.0
2025-07-25,1088292,58377182.09,53.64,0.5061,0.0947,2.5254628118614235,2.5282208755478726,3.4090758576320503,21.9130306484143,7545.8136741714425,4,7,3,0,0,0,0,950782.0
2025-07-26,950782,48281456.86,50.78,0.5013,0.0982,2.5700692150674334,2.4871666195656714,3.5335189939290133,22.640289275465417,7640.963261766542,5,7,3,1,0,0,0,932171.0
2025-07-27,932171,47686105.63,51.16,0.5134,0.1006,2.560708977302066,2.6286397726168267,3.5548044756705472,24.151182232852246,7664.287227240538,6,7,3,1,0,0,0,1035400.0
2025-07-28,1035400,51123505.6,49.38,0.5029,0.1035,2.5252216773769156,2.5278243877661217,3.449307584605062,22.099024361948114,7604.835792576575,0,7,3,0,0,0,0,1063280.0
2025-07-29,1063280,54127216.67,50.91,0.517,0.0991,2.557319310870312,2.513169646684054,3.425820582316952,23.492613464928695,7610.383865603687,1,7,3,0,0,0,0,1077543.0
2025-07-30,1077543,53377050.99,49.54,0.5098,0.0965,2.524533916928702,2.565630877418454,3.4424295909950273,23.323400482992323,7737.61026129608,2,7,3,0,0,0,0,1110052.0
2025-07-31,1110052,55826020.33,50.29,0.4999,0.095,2.531688935192109,2.6150220291145962,3.4868311645818864,23.126255438344902,7833.815276923019,3,7,3,0,1,0,0,1062571.0
2025-08-01,1062571,53544133.82,50.39,0.498,0.0923,2.6056466446308124,2.7435824581875305,3.515034645917173,24.289018911349835,7899.944384804011,4,8,3,0,0,0,0,902867.0
2025-08-02,902867,44793568.72,49.61,0.49,0.1009,2.588479853822202,2.6189033664276535,3.479714410100888,22.47867546980017,7958.52454978157,5,8,3,1,0,0,0,842341.0
2025-08-03,842341,42325196.34,50.25,0.5092,0.0935,2.4790304695614926,2.645186513897016,3.456325429612854,22.68124558739651,8010.594087883976,6,8,3,1,0,0,0,1034770.0
2025-08-04,1034770,51325957.03,49.6,0.5026,0.0964,2.5603548068765023,2.511592593869162,3.5261900783786344,23.457426880489596,8096.399858665928,0,8,3,0,0,0,0,1044119.0
2025-08-05,1044119,51794748.16,49.61,0.4822,0.1001,2.5557726746161245,2.469666746854823,3.4356988817266934,22.804199483358495,8065.0116238837245,1,8,3,0,0,0,0,1056325.0
2025-08-06,1056325,54719967.44,51.8,0.5004,0.0945,2.47353712166982,2.5563847391824974,3.502938882450318,24.283060185232905,7969.04148075579,2,8,3,0,0,0,0,1090823.0
2025-08-07,1090823,55044788.49,50.46,0.4966,0.1049,2.548369165655235,2.559629588728875,3.4370429801951183,22.919060476289907,7975.781387153169,3,8,3,0,0,0,0,1020112.0
2025-08-08,1020112,51750781.25,50.73,0.5212,0.1071,2.5732853366580595,2.4644284670703493,3.473051466809125,24.148249782268806,7919.082021472179,4,8,3,0,0,0,0,991481.0
2025-08-09,991481,47625958.9,48.04,0.4882,0.0994,2.463015888484936,2.5363351396800087,3.4458773834633485,23.858589712931405,7845.997594411847,5,8,3,1,0,0,0,814241.0
2025-08-10,814241,41418391.08,50.87,0.4907,0.1002,2.467366837003728,2.581949049052473,3.4488190891421433,24.339109536711312,7797.038650207956,6,8,3,1,0,0,0,1044650.0
2025-08-11,1044650,53317924.5,51.04,0.516,0.1061,2.5409223534574576,2.5784757729203216,3.432799552526462,23.63216843161386,7975.180858790635,0,8,3,0,0,0,0,988600.0
2025-08-12,988600,49090830.47,49.66,0.5183,0.0986,2.5072243555520584,2.5896237100493567,3.518969753407551,23.879838725184083,7986.7305338165725,1,8,3,0,0,0,0,936887.0
2025-08-13,936887,50023144.79,53.39,0.4971,0.0983,2.514571973457598,2.5721899592824653,3.4151399164834952,24.505036812800654,8014.562650274329,2,8,3,0,0,0,0,1013745.0
2025-08-14,1013745,47486288.12,46.84,0.4981,0.1102,2.5022846290552243,2.507979904515814,3.4148347651566873,24.735557285439295,7928.628367651075,3,8,3,0,0,0,0,956766.0
2025-08-15,956766,49238671.88,51.46,0.5104,0.1084,2.5004368214680497,2.50705207954705,3.5579572080857367,24.59139482821595,7799.868785473122,4,8,3,0,0,0,0,877428.0
2025-08-16,877428,45070895.22,51.37,0.4808,0.1068,2.427897837697906,2.451867265121442,3.500862052405107,26.746333318334642,7744.288522635419,5,8,3,1,0,0,0,897363.0
2025-08-17,897363,45874008.64,51.12,0.4853,0.1088,2.5189970109773867,2.690180341145289,3.33277712573762,23.614531900301778,7846.904100375262,6,8,3,1,0,0,0,1071554.0
2025-08-18,1071554,54202906.6,50.58,0.5009,0.0915,2.5200353517165337,2.548085040986232,3.4238340020800604,24.829909137749805,7872.2726269815985,0,8,3,0,0,0,0,964202.0
2025-08-19,964202,49324422.88,51.16,0.5191,0.1115,2.4602234687562152,2.5286271529870357,3.3615625921426995,23.12211877001631,7916.529570965161,1,8,3,0,0,0,0,1061435.0
2025-08-20,1061435,54815054.47,51.64,0.4991,0.1058,2.4638072920113894,2.4719141275488967,3.404693635681694,25.560435559551127,7971.066772124497,2,8,3,0,0,0,0,1030233.0
2025-08-21,1030233,50751030.35,49.26,0.5043,0.1096,2.400449294189089,2.780667933080723,3.295369539459398,23.879011528412892,7930.483769712476,3,8,3,0,0,0,0,1070011.0
2025-08-22,1070011,54366880.25,50.81,0.5144,0.1059,2.4784109894616675,2.4595425746768664,3.445513887123625,24.986570431140674,8031.916104793538,4,8,3,0,0,0,0,873921.0
2025-08-23,873921,43780055.25,50.1,0.524,0.104,2.476870310323355,2.5106902084943363,3.395335358833684,24.97712636088626,7988.034834783301,5,8,3,1,0,0,0,827959.0
2025-08-24,827959,40355235.92,48.74,0.497,0.1021,2.447647621795848,2.577849923140027,3.4554977866848695,25.86351813950504,8091.525938152539,6,8,3,1,0,0,0,967130.0
2025-08-25,967130,49775404.58,51.47,0.5024,0.106,2.491256710981944,2.5921806551564455,3.371317524943795,24.965687653474454,8125.555200743834,0,8,3,0,0,0,0,963367.0
2025-08-26,963367,47739516.95,49.55,0.5207,0.102,2.4290668936716693,2.6203745315794205,3.4567912342947147,25.016958277266543,7997.493636295721,1,8,3,0,0,0,0,1028384.0
2025-08-27,1028384,49531668.29,48.16,0.4871,0.1091,2.461161746423066,2.68792070437519,3.4319728708953914,27.556298666513996,7945.543436615456,2,8,3,0,0,0,0,1082191.0
2025-08-28,1082191,53690271.73,49.61,0.5124,0.0945,2.3939386104261904,2.5833723999094267,3.527890365351064,26.276310736099653,7820.60077810616,3,8,3,0,0,0,0,996384.0
2025-08-29,996384,49054660.97,49.23,0.4918,0.1008,2.4299309486090652,2.4579607942031525,3.5234355812979437,25.362699005873665,7904.601711620046,4,8,3,0,0,0,0,917221.0
2025-08-30,917221,47680340.93,51.98,0.5028,0.1164,2.4200469190703253,2.521446825889393,3.4922110280089225,25.835614165982754,7904.531296023823,5,8,3,1,0,0,0,807307.0
2025-08-31,807307,40914484.85,50.68,0.4992,0.1005,2.4321816930854947,2.5661839104113833,3.4366900566977727,28.21117499103501,7749.236699981224,6,8,3,1,1,0,0,1018603.0
2025-09-01,1018603,53510849.45,52.53,0.4919,0.1028,2.404536845958865,2.706565995775977,3.552367751282961,26.054119950785484,7777.141597929929,0,9,3,0,0,0,0,1049338.0
2025-09-02,1049338,51910394.57,49.47,0.4915,0.0991,2.410207854312644,2.4288297733622155,3.375525941021813,25.60814279080136,7741.277526575956,1,9,3,0,0,0,0,948942.0
2025-09-03,948942,49145872.09,51.79,0.5039,0.1064,2.444657796182635,2.636402338851076,3.3830797341183296,25.711577948083836,7640.204437013828,2,9,3,0,0,0,0,1006384.0
2025-09-04,1006384,55097212.44,54.75,0.511,0.1001,2.3902948352283815,2.554127082770132,3.4491494582537774,25.97221488805818,7758.10019879547,3,9,3,0,0,0,0,1046676.0
2025-09-05,1046676,53413539.8,51.03,0.4996,0.1034,2.339652188347224,2.6062937992140176,3.566122452991222,26.01461022096333,7767.2333550200265,4,9,3,0,0,0,0,755547.0
2025-09-06,755547,39136736.78,51.8,0.5014,0.1097,2.470048896536358,2.530636911188366,3.4433865228160783,25.28847079712295,7748.379101705458,5,9,3,1,0,0,0,948066.0
2025-09-07,948066,48878613.38,51.56,0.5063,0.1005,2.451474399913345,2.470926719764395,3.444425112599334,25.570200865370715,7722.197083591664,6,9,3,1,0,0,0,1032041.0
2025-09-08,1032041,49942300.74,48.39,0.4907,0.1095,2.3406768818451256,2.597911704389599,3.381576749204595,26.018353224283782,7619.334438772804,0,9,3,0,0,0,0,1036840.0
2025-09-09,1036840,53306620.01,51.41,0.5076,0.1098,2.4161073393137587,2.589712627031263,3.501054623834696,27.816775186310196,7531.974666657343,1,9,3,0,0,0,0,992565.0
2025-09-10,992565,50623219.73,51.0,0.5083,0.1112,2.3645521863965113,2.6146346767426207,3.5015038198157296,26.74176460721229,7621.17237586571,2,9,3,0,0,0,0,932711.0
2025-09-11,932711,46786576.78,50.16,0.526,0.1058,2.3913633566985673,2.535313435980287,3.493386614316985,27.04197317059504,7590.3183305378325,3,9,3,0,0,0,0,1026460.0
2025-09-12,1026460,50536952.67,49.23,0.496,0.1245,2.388746092958988,2.4878954459678706,3.4225606520206044,28.904900392535268,7593.403843407021,4,9,3,0,0,0,0,869850.0
2025-09-13,869850,44892864.71,51.61,0.4951,0.1114,2.3637546724405705,2.410677364017301,3.4187761625732347,29.023891826949097,7456.516486641815,5,9,3,1,0,0,0,881319.0
2025-09-14,881319,43289402.06,49.12,0.5072,0.1071,2.337934839521549,2.600425016763812,3.389546187354217,27.21923390000426,7370.108552418505,6,9,3,1,0,0,0,1060892.0
2025-09-15,1060892,57061606.48,53.79,0.5075,0.1,2.3378189588755496,2.5682768627317087,3.4584877070355655,26.88741150238092,7412.199450457048,0,9,3,0,0,0,0,1050292.0
2025-09-16,1050292,53318741.8,50.77,0.4938,0.1048,2.324948740396006,2.456589360760434,3.4003664803799922,26.69250977882567,7438.971838420115,1,9,3,0,0,0,0,1092256.0
2025-09-17,1092256,53266868.54,48.77,0.495,0.114,2.3244800540464285,2.4902480645859666,3.395609768930136,28.645201433352547,7558.846495397324,2,9,3,0,0,0,0,1017051.0
2025-09-18,1017051,50689786.68,49.84,0.5043,0.1157,2.3512230735328927,2.495470961814503,3.4333907877730456,27.65088359722117,7652.331221652799,3,9,3,0,0,0,0,981865.0
2025-09-19,981865,49291514.19,50.2,0.4905,0.1144,2.321437833808985,2.413646343324575,3.4302132259837257,27.513969271326257,7638.0216507532305,4,9,3,0,0,0,0,875030.0
2025-09-20,875030,47466684.48,54.25,0.4945,0.1103,2.373509137794289,2.466339661666485,3.42786880074173,27.081117511640585,7672.169627509894,5,9,3,1,0,0,0,901203.0
2025-09-21,901203,44436821.23,49.31,0.4994,0.0982,2.4018765447928865,2.4405127064453596,3.478187630393496,27.212140344150704,7651.898712253112,6,9,3,1,0,0,0,1052601.0
2025-09-22,1052601,53123529.39,50.47,0.5083,0.1087,2.315345062019052,2.497681423477469,3.4589164445657232,28.596460548194003,7796.3093299312395,0,9,3,0,0,0,0,950468.0
2025-09-23,950468,47375360.17,49.84,0.4921,0.0984,2.344284742520816,2.471040283681035,3.440655886982835,26.70889396239164,7878.948887588129,1,9,3,0,0,0,0,1003382.0
2025-09-24,1003382,51581497.36,51.41,0.4796,0.097,2.3508582435085605,2.399427760589816,3.4643149487190663,29.554623178354348,7892.588414112732,2,9,3,0,0,0,0,1079432.0
2025-09-25,1079432,53845957.29,49.88,0.4787,0.1074,2.3459141403310397,2.690843176997763,3.4056895433858263,27.79181339514154,7908.433558994669,3,9,3,0,0,0,0,994968.0
2025-09-26,994968,48719045.74,48.97,0.4852,0.1092,2.3262364324267386,2.6286827569729745,3.4606323987101995,28.322749547122555,8013.558940566585,4,9,3,0,0,0,0,926933.0
2025-09-27,926933,46706853.56,50.39,0.4845,0.1115,2.349070680482447,2.4655972224924243,3.4630021427564084,26.96601898547989,8057.089033681702,5,9,3,1,0,0,0,898770.0
2025-09-28,898770,45154096.74,50.24,0.4959,0.1092,2.3348195217054295,2.549147505669539,3.3804242038573653,28.621782619683543,8172.547708793233,6,9,3,1,0,0,0,1050923.0
2025-09-29,1050923,52344322.8,49.81,0.4855,0.1095,2.262190292342387,2.5601817611360382,3.5054667409483073,28.306970995397254,8014.385742954274,0,9,3,0,0,0,0,967298.0
2025-09-30,967298,48263690.38,49.9,0.4902,0.1004,2.342631331194301,2.6214979270001324,3.4117168516444503,28.70325541937736,8049.331474134642,1,9,3,0,1,1,0,1008928.0
2025-10-01,1008928,52956420.94,52.49,0.4893,0.1058,2.339526123180358,2.4601449082479623,3.4604114873876592,30.589817602768854,8013.6756149458015,2,10,4,0,0,0,0,1052220.0
2025-10-02,1052220,52861695.52,50.24,0.4925,0.0974,2.2696735762048337,2.61241985447084,3.514225021391324,29.095396013100892,8142.977568059983,3,10,4,0,0,0,0,778064.0
2025-10-03,778064,38143566.0,49.02,0.51,0.0945,2.297894221987999,2.480632640984929,3.5023976851694134,27.9848940554335,8258.740000850825,4,10,4,0,0,0,0,731038.0
2025-10-04,731038,36580143.44,50.04,0.5033,0.1111,2.319882741880868,2.417005581418046,3.457940905175607,28.139122631850448,8262.817742505844,5,10,4,1,0,0,0,746567.0
2025-10-05,746567,37940652.89,50.82,0.4967,0.1022,2.280351116247054,2.5812107645246885,3.438210649169239,29.75894041694236,8379.464508791012,6,10,4,1,0,0,0,914570.0
2025-10-06,914570,44577066.77,48.74,0.4918,0.112,2.3278181189072877,2.6259415401462864,3.5038235329655762,30.653107610400408,8516.702902106123,0,10,4,0,0,0,0,854819.0
2025-10-07,854819,45468728.16,53.19,0.4919,0.1135,2.3756304936704753,2.7291103738296294,3.4902959988586093,29.480648252038705,8524.08556714129,1,10,4,0,0,0,0,870194.0
2025-10-08,870194,45302346.0,52.06,0.4994,0.1032,2.245814046185902,2.4254921907226485,3.4257572851520277,30.014214247130273,8717.561345258027,2,10,4,0,0,0,0,1102941.0
2025-10-09,1102941,58357104.27,52.91,0.5019,0.1105,2.218190921456096,2.576772112002683,3.417046113287736,29.962561969332025,8716.810627216642,3,10,4,0,0,0,0,1002547.0
2025-10-10,1002547,51490617.32,51.36,0.4868,0.1031,2.2817660197254335,2.487458535347594,3.3532892688731013,30.974542261467324,8701.698631882593,4,10,4,0,0,0,0,925846.0
2025-10-11,925846,44104897.31,47.64,0.4961,0.0961,2.294657726368926,2.582291204914199,3.4647258247337245,26.97058170426924,8771.48571342737,5,10,4,1,0,0,0,1030547.0
2025-10-12,1030547,54708852.41,53.09,0.4753,0.108,2.2527439291039095,2.401358996011989,3.4530075219930145,30.146781537191288,8745.302974961765,6,10,4,1,0,0,0,1043369.0
2025-10-13,1043369,51641557.63,49.5,0.4976,0.1045,2.3162938037739984,2.4173480122331408,3.51407112600049,30.56020332253153,8753.722646391356,0,10,4,0,0,0,0,1113371.0
2025-10-14,1113371,55248985.99,49.62,0.503,0.1047,2.200805401353727,2.455666828150342,3.4753344309202574,27.804394823929144,8867.188548607523,1,10,4,0,0,0,0,1099967.0
2025-10-15,1099967,56138925.79,51.04,0.4925,0.1193,2.2782541248808363,2.5234169463759004,3.524214225405721,28.376717376959487,8870.437773221714,2,10,4,0,0,0,0,992608.0
2025-10-16,992608,52484823.23,52.88,0.5133,0.0984,2.222492211826903,2.465172122662494,3.4227566137407393,28.44472056820366,8737.830760208433,3,10,4,0,0,0,0,1067826.0
2025-10-17,1067826,55947765.71,52.39,0.4862,0.1099,2.311692571216376,2.568537568918141,3.5146553706247663,28.61471032285458,8768.4529424998,4,10,4,0,0,0,0,928653.0
2025-10-18,928653,48456469.98,52.18,0.4971,0.1017,2.3188104525171687,2.597315188125417,3.4314260330692514,28.93222938547147,8715.35031690537,5,10,4,1,0,0,0,935318.0
2025-10-19,935318,47100546.67,50.36,0.4944,0.1132,2.204637558876464,2.5624760228197125,3.496876621574465,29.81985299901186,8785.1695858406,6,10,4,1,0,0,0,1012192.0
2025-10-20,1012192,50953417.05,50.34,0.4937,0.1096,2.2095171489513494,2.6433548389705805,3.385184833331088,30.583364708473344,8842.078944422969,0,10,4,0,0,0,0,994470.0
2025-10-21,994470,51071476.61,51.36,0.4934,0.1102,2.2620802172599928,2.5464557777520254,3.470006419907368,30.8553253161901,8961.660195267046,1,10,4,0,0,0,0,1039393.0
2025-10-22,1039393,52641963.61,50.65,0.4955,0.1023,2.2084104259283692,2.415171545455471,3.3591431268492578,28.562891472951563,9036.877862855883,2,10,4,0,0,0,0,1052301.0
2025-10-23,1052301,54910340.15,52.18,0.5028,0.1034,2.2182798634018774,2.6209228575817973,3.445149485096542,28.562495487680057,9127.720420453998,3,10,4,0,0,0,0,1099499.0
2025-10-24,1099499,57281277.8,52.1,0.508,0.1137,2.2173142464744133,2.4627655153056556,3.480653860533842,31.160293852893496,9074.640239355735,4,10,4,0,0,0,0,1002252.0
2025-10-25,1002252,51861099.96,51.74,0.4941,0.1188,2.1357159455062424,2.5833325994045993,3.4327185001797433,30.359861861666026,9142.271013036434,5,10,4,1,0,0,0,984605.0
2025-10-26,984605,46348948.96,47.07,0.5022,0.1111,2.208155315771569,2.6357147939011143,3.4063767781368193,29.682947172045143,9307.43629312526,6,10,4,1,0,0,0,1089499.0
2025-10-27,1089499,55629289.85,51.06,0.4869,0.1029,2.177327487422981,2.545663870774632,3.5013372792777737,30.148519609491956,9251.671303410654,0,10,4,0,0,0,0,1011855.0
2025-10-28,1011855,51310261.08,50.71,0.5014,0.1104,2.181401304274483,2.388744738786169,3.453991876433246,29.539012106817395,9404.514440840268,1,10,4,0,0,0,0,1032887.0
2025-10-29,1032887,52810674.48,51.13,0.4861,0.123,2.2550829891700572,2.4342849294861644,3.434821107026288,30.195784437759666,9359.887253015817,2,10,4,0,0,0,0,1064716.0
2025-10-30,1064716,52969982.65,49.75,0.5045,0.1092,2.143290825212615,2.612861768700177,3.4615300216888873,29.151745935338578,9290.13102085005,3,10,4,0,0,0,0,1022835.0
2025-10-31,1022835,50015849.03,48.9,0.5156,0.1174,2.2222946274671975,2.4928085592148594,3.5914052312405813,29.86356542521164,9316.669399917122,4,10,4,0,1,0,0,968502.0
2025-11-01,968502,49960775.88,51.59,0.4921,0.1043,2.1748251757805637,2.511996278421919,3.51738442685709,27.711543111789826,9378.63973415675,5,11,4,1,0,0,0,969096.0
2025-11-02,969096,48804516.66,50.36,0.4713,0.1085,2.1710125401074327,2.565624234061048,3.5179764391646584,28.67927794259721,9457.673440916393,6,11,4,1,0,0,0,1090389.0
2025-11-03,1090389,56440366.48,51.76,0.4877,0.1126,2.210039084224284,2.559907863263545,3.4817645037007945,28.669846355229602,9377.90208424782,0,11,4,0,0,0,0,1111719.0
2025-11-04,1111719,55471997.69,49.9,0.5054,0.1113,2.1882495561559994,2.5257856460800463,3.4684518434268727,29.00785201222533,9416.392573150019,1,11,4,0,0,0,0,1029976.0
2025-11-05,1029976,54621560.51,53.03,0.4985,0.1044,2.193697381432688,2.486063696390185,3.3404648169176947,28.31738529090133,9360.201214629866,2,11,4,0,0,0,0,1109606.0
2025-11-06,1109606,58158510.46,52.41,0.4953,0.1042,2.2058276929871643,2.4770150786461813,3.426462224471214,28.758253677431497,9237.310782878774,3,11,4,0,0,0,0,1041698.0
2025-11-07,1041698,53502925.12,51.36,0.5028,0.1151,2.150077530730561,2.5699277368431988,3.4365257899491155,27.54774208141618,9162.10622695393,4,11,4,0,0,0,0,889608.0
2025-11-08,889608,45014129.83,50.6,0.4975,0.1164,2.1350720972048216,2.5448445632662935,3.3669541340033695,29.987246541104046,9102.066724638098,5,11,4,1,0,0,0,961250.0
2025-11-09,961250,50179448.69,52.2,0.5047,0.1184,2.112389413595717,2.4792340693536192,3.402973131496213,29.190798411809528,9146.570238093263,6,11,4,1,0,0,0,1130619.0
2025-11-10,1130619,58245178.9,51.52,0.5017,0.1202,2.11901507553237,2.5856420270086584,3.361948237886089,27.20182496201708,9243.601768667506,0,11,4,0,0,0,0,1090344.0
2025-11-11,1090344,55922479.88,51.29,0.5076,0.1103,2.2662335562165072,2.488001194619059,3.459220966112024,28.20179915440608,9123.514318562198,1,11,4,0,0,0,0,1065032.0
2025-11-12,1065032,55912872.48,52.5,0.4959,0.1077,2.1942974916466196,2.4294377464541537,3.5022235083550544,29.560311481634113,9154.125441681834,2,11,4,0,0,0,0,1085806.0
2025-11-13,1085806,57632082.42,53.08,0.5012,0.1177,2.0867101360052205,2.4360957812553883,3.516772942518394,28.45484573793309,9059.336572244409,3,11,4,0,0,0,0,1080135.0
2025-11-14,1080135,52994236.73,49.06,0.489,0.114,2.0840998938675757,2.4177528127756753,3.4823234007285193,28.21752756810151,9112.424352508851,4,11,4,0,0,0,0,887977.0
2025-11-15,887977,43838432.73,49.37,0.486,0.1039,2.1525202815012667,2.4734938522282905,3.41356527526498,28.90905118258985,9063.133886032816,5,11,4,1,0,0,0,878555.0
2025-11-16,878555,43732021.07,49.78,0.509,0.1036,2.1513860093375303,2.5932151067465434,3.3652837021585746,29.352922741262624,8979.402599195919,6,11,4,1,0,0,0,1074855.0
2025-11-17,1074855,52342240.69,48.7,0.494,0.1129,2.1477029268212426,2.4293360037169416,3.3741963453260038,27.156384185077002,9045.888060450367,0,11,4,0,0,0,0,1069757.0
2025-11-18,1069757,54407310.1,50.86,0.4998,0.1089,2.111803901167839,2.5080440814129195,3.3987444234854216,29.47694226041922,8999.846893079166,1,11,4,0,0,0,0,1076088.0
2025-11-19,1076088,55802345.37,51.86,0.4929,0.1099,2.1132409514622834,2.4396492297071584,3.4179052907239043,27.790619459515295,8975.898797587079,2,11,4,0,0,0,0,1100362.0
2025-11-20,1100362,56038305.98,50.93,0.4857,0.1166,2.1276337470836024,2.4705739713223047,3.4545165246102303,28.661067811469607,8799.914182071514,3,11,4,0,0,0,0,1063247.0
2025-11-21,1063247,53333310.32,50.16,0.4916,0.1148,2.114216211712574,2.3698056813850217,3.4119523624714687,28.569139563930964,8876.784122990768,4,11,4,0,0,0,0,971600.0
2025-11-22,971600,51158878.45,52.65,0.5058,0.1183,2.0182729087037954,2.472172176261839,3.4797669412866274,27.90570625939455,8944.202406548175,5,11,4,1,0,0,0,941868.0
2025-11-23,941868,48202840.84,51.18,0.4969,0.0988,2.0941199030065003,2.473521039133713,3.4513629934157355,27.233843789548988,8946.230858646255,6,11,4,1,0,0,0,1155547.0
2025-11-24,1155547,59492149.06,51.48,0.4741,0.1119,2.065525153524,2.531438724845266,3.463663424188265,28.040999387580076,8825.641954956867,0,11,4,0,0,0,0,1065600.0
2025-11-25,1065600,56160502.51,52.7,0.489,0.1147,2.1028619738824967,2.5052723733396167,3.520309083735408,30.253376444794046,8923.806072359414,1,11,4,0,0,0,0,1186225.0
2025-11-26,1186225,60247409.56,50.79,0.5089,0.1014,2.211538592477401,2.3907287387286087,3.4044463337059234,26.585728428358596,8872.021510516546,2,11,4,0,0,0,0,907637.0
2025-11-27,907637,49072771.79,54.07,0.4889,0.1067,2.103104848633213,2.5725221805831993,3.4845554598126576,30.16490780983153,8837.452129381905,3,11,4,0,0,0,1,1066728.0
2025-11-28,1066728,53663377.05,50.31,0.4729,0.1057,2.072144403909859,2.501792786966344,3.463084825475094,27.734530848135236,9024.857857333118,4,11,4,0,0,0,0,903500.0
2025-11-29,903500,48768333.06,53.98,0.5098,0.1109,2.11784034571593,2.5000182646939777,3.447273373717009,27.99841259295422,8969.459277260637,5,11,4,1,0,0,0,886698.0
2025-11-30,886698,43909254.93,49.52,0.4976,0.1206,2.096561205506469,2.482586458094522,3.5083756488843214,26.559428541070833,9031.15507197473,6,11,4,1,1,0,0,1049361.0
2025-12-01,1049361,54314998.55,51.76,0.49,0.1231,2.0903456092089963,2.4410707437629435,3.508229629192758,26.84325538117924,9078.543043780508,0,12,4,0,0,0,0,1052781.0
2025-12-02,1052781,52661922.24,50.02,0.4869,0.1061,2.0941067531003124,2.499081856744564,3.4171214131733705,27.068406489205877,9112.066428371678,1,12,4,0,0,0,0,1112223.0
2025-12-03,1112223,58576850.61,52.67,0.5014,0.1143,2.1483881568951695,2.5188671180932305,3.4555058975036537,26.318046473221877,9136.810775821421,2,12,4,0,0,0,0,1072358.0
2025-12-04,1072358,53908789.11,50.27,0.4851,0.1145,2.017187371834834,2.3402268120405436,3.4788434260934906,27.221066045257363,9169.404954394997,3,12,4,0,0,0,0,1103028.0
2025-12-05,1103028,56724672.77,51.43,0.5019,0.1136,2.0776675220715153,2.436032081872011,3.4513023606992137,26.88018328256251,9193.465797345096,4,12,4,0,0,0,0,1010010.0
2025-12-06,1010010,50516169.75,50.02,0.4958,0.1137,2.0179691830689217,2.457887737090955,3.4943745610396832,29.484365874126265,9190.758720984546,5,12,4,1,0,0,0,965353.0
2025-12-07,965353,50582938.56,52.4,0.4928,0.1132,2.07355000754374,2.4979237604264055,3.479354831151466,25.757121746927485,9318.227600986407,6,12,4,1,0,0,0,1184965.0
2025-12-08,1184965,59260157.25,50.01,0.4917,0.1216,2.0108900233614273,2.572037688170852,3.5570959669231783,27.17046339328657,9210.374640792028,0,12,4,0,0,0,0,1042151.0
2025-12-09,1042151,55775747.7,53.52,0.4885,0.1182,2.027253726593331,2.4139723238889617,3.389127560886381,27.23372253004632,9297.033016577501,1,12,4,0,0,0,0,1095923.0
2025-12-10,1095923,54250005.87,49.5,0.5006,0.1053,2.02845867546734,2.4350095155231988,3.4596942684066105,25.5391700628879,9367.70096854582,2,12,4,0,0,0,0,1067869.0
2025-12-11,1067869,52302154.78,48.98,0.4814,0.1165,2.0756117956086513,2.4329747087599083,3.4205664292648965,27.533219029245732,9428.379544318095,3,12,4,0,0,0,0,1141513.0
2025-12-12,1141513,59843351.82,52.42,0.4738,0.1171,2.069637165523755,2.4089823122178453,3.496373350592453,26.114777325924177,9525.264025312086,4,12,4,0,0,0,0,884006.0
2025-12-13,884006,44297949.69,50.11,0.4961,0.1137,1.979393183924853,2.4444527965049576,3.385486741625995,23.483967763736363,9518.949248206238,5,12,4,1,0,0,0,897594.0
2025-12-14,897594,45766204.44,50.99,0.4962,0.1187,2.027745188994126,2.5330112127363504,3.483839264565632,27.147092539605264,9361.762456227223,6,12,4,1,0,0,0,1103001.0
2025-12-15,1103001,55718779.34,50.52,0.4947,0.1131,1.9934936542760255,2.3861556443903793,3.4352004343182587,24.89380442763613,9357.259369488253,0,12,4,0,0,0,0,1176047.0
2025-12-16,1176047,57662122.13,49.03,0.4939,0.1133,1.9678687781925877,2.5037992219565233,3.4301749225991784,24.854138198431365,9275.725733814732,1,12,4,0,0,0,0,1108928.0
2025-12-17,1108928,56426885.85,50.88,0.4866,0.1129,2.00586354481425,2.332529623354162,3.394739198215374,26.812811304282857,9216.385376661241,2,12,4,0,0,0,0,1042656.0
2025-12-18,1042656,55153626.35,52.9,0.4976,0.1001,1.9985433172931653,2.4228786462423053,3.4439923353127924,25.44517407022525,9115.439184994435,3,12,4,0,0,0,0,1039168.0
2025-12-19,1039168,54561186.9,52.5,0.4892,0.1118,2.104292863718069,2.4405265866970733,3.521654114382983,26.836164635535805,9077.888141450934,4,12,4,0,0,0,0,1036583.0
2025-12-20,1036583,53226137.05,51.35,0.4848,0.1084,2.020887369701247,2.5999707176830316,3.466353539220895,27.058791922227908,9030.788780596962,5,12,4,1,0,0,0,949325.0
2025-12-21,949325,49999355.73,52.67,0.4865,0.1053,1.944812269538239,2.443090148866961,3.4991818093678213,24.703170895808075,8841.079489417267,6,12,4,1,0,0,0,1058776.0
2025-12-22,1058776,52314625.18,49.41,0.5097,0.1211,1.9736772461230667,2.288063428972888,3.5512156234576766,26.298284223134598,8898.458239237458,0,12,4,0,0,0,0,1177180.0
2025-12-23,1177180,59460905.45,50.51,0.4721,0.1156,2.033478041960315,2.3033365601081353,3.4813579835513186,24.307946306040872,9079.577224222076,1,12,4,0,0,0,0,1135750.0
2025-12-24,1135750,58596576.51,51.59,0.4944,0.1125,2.072518215245034,2.465051005639836,3.4404178249767727,27.761268614295012,9130.770869409364,2,12,4,0,0,0,0,998106.0
2025-12-25,998106,50706851.48,50.8,0.4726,0.1094,1.921902279473461,2.5105074816567914,3.4919089401772063,24.115966090177984,9115.623623288564,3,12,4,0,0,0,1,1059597.0
2025-12-26,1059597,53645194.14,50.63,0.4883,0.1146,1.9065090806566105,2.4905156728296842,3.4415209737549035,26.04381381281506,9112.64289435308,4,12,4,0,0,0,0,902643.0
2025-12-27,902643,44406931.3,49.2,0.485,0.1188,2.052912466571891,2.472954428510211,3.4437050236148776,25.689115477851047,9079.68261378332,5,12,4,1,0,0,0,981929.0
2025-12-28,981929,47009646.12,47.87,0.4684,0.108,1.9900296123793437,2.5515954367683893,3.393122818802966,24.919050397205933,9088.542955291708,6,12,4,1,0,0,0,1130225.0
2025-12-29,1130225,59023500.33,52.22,0.4931,0.113,1.9360879267137352,2.4145094616783416,3.5156225578721707,23.597444622549823,9087.012406401782,0,12,4,0,0,0,0,1125994.0
2025-12-30,1125994,57830953.47,51.36,0.4854,0.1183,1.9885828177654838,2.5283279440465445,3.450202701830474,24.081999488320097,9019.970538618056,1,12,4,0,0,0,0,1195332.0
2025-12-31,1195332,62572136.87,52.35,0.4682,0.1016,1.8581492132759085,2.325228507314765,3.4788018121871045,21.5402342110373,9159.128623091026,2,12,4,0,1,1,0,876776.0
2026-01-01,876776,44134390.4,50.34,0.4976,0.1129,1.9600990842627324,2.3824447368847297,3.418093793961438,24.254045508193798,9038.835103734807,3,1,1,0,0,0,1,1164123.0
2026-01-02,1164123,58116087.97,49.92,0.5035,0.1108,1.9694653470879553,2.309324392760717,3.4918851828051336,24.263873918524546,9098.946208061672,4,1,1,0,0,0,0,946030.0
2026-01-03,946030,48247857.92,51.0,0.504,0.1126,1.9897152592153309,2.4309435052088753,3.432187569988685,23.86357573765789,9092.144612700986,5,1,1,1,0,0,0,1054799.0
2026-01-04,1054799,55134823.04,52.27,0.4927,0.1105,1.908584108460626,2.4482699495559177,3.463396945247592,19.993950884202125,9250.530972815402,6,1,1,1,0,0,0,1113976.0
2026-01-05,1113976,56412317.91,50.64,0.4895,0.1144,1.948966487463709,2.460134985510096,3.514572350402053,21.901251177858995,9280.459493448847,0,1,1,0,0,0,0,1097544.0
2026-01-06,1097544,57279522.42,52.19,0.5023,0.1252,1.904924653937516,2.454989863886435,3.5104185992346353,22.38001064934248,9251.94601406978,1,1,1,0,0,0,0,1101737.0
2026-01-07,1101737,54508471.5,49.48,0.5058,0.1117,1.9485632325786062,2.3748635779076626,3.469979631257234,23.48507695252437,9232.835610399532,2,1,1,0,0,0,0,1065894.0
2026-01-08,1065894,54084083.14,50.74,0.5003,0.1155,1.8989439000120258,2.432873553651179,3.3828760001829723,23.339373632756217,9237.642640778695,3,1,1,0,0,0,0,1135627.0
2026-01-09,1135627,57775877.72,50.88,0.4795,0.1258,1.9148472387629143,2.32731840163851,3.6211254121260557,22.64474583532312,9144.591740523,4,1,1,0,0,0,0,961850.0
2026-01-10,961850,50803556.62,52.82,0.4909,0.1106,1.8877558464134214,2.5551901131835306,3.558981078001556,23.46797517369491,9083.154256508047,5,1,1,1,0,0,0,1043593.0
2026-01-11,1043593,53524243.76,51.29,0.4933,0.1249,1.9500547936915524,2.42085572459783,3.508026029844368,21.33072603361122,8939.83745151656,6,1,1,1,0,0,0,1158521.0
2026-01-12,1158521,62089770.01,53.59,0.4708,0.1141,1.9547719838206046,2.4050453005162726,3.4344371710629993,23.150956456435335,8867.302911538849,0,1,1,0,0,0,0,1205144.0
2026-01-13,1205144,58993190.1,48.95,0.4936,0.1248,1.907477446097073,2.5702781694763566,3.4666237352103004,22.844794217996036,8876.218213691514,1,1,1,0,0,0,0,1151199.0
2026-01-14,1151199,58901407.75,51.17,0.5116,0.1187,1.9148238742215975,2.342786356481246,3.4453392157457468,22.584620190517043,8901.649520147968,2,1,1,0,0,0,0,1162453.0
2026-01-15,1162453,59560728.92,51.24,0.4953,0.1161,1.8517865602318404,2.351118638117148,3.5359108380873137,21.769627692862723,8745.871421539643,3,1,1,0,0,0,0,1190316.0
2026-01-16,1190316,61772254.26,51.9,0.5036,0.1139,1.8941828111338017,2.3524639107961245,3.48605189870054,24.041610058897888,8736.465066824541,4,1,1,0,0,0,0,976881.0
2026-01-17,976881,48592925.35,49.74,0.4907,0.1107,1.9006051713258563,2.433724166682296,3.433928182558091,22.293361142353927,8782.269317440398,5,1,1,1,0,0,0,944844.0
2026-01-18,944844,50536857.24,53.49,0.4881,0.1149,2.003892398088837,2.4726731683779466,3.449809149292174,20.39654706576541,8770.789410623844,6,1,1,1,0,0,0,1146624.0
2026-01-19,1146624,58451467.96,50.98,0.4926,0.1199,1.8510331720095243,2.496301866124128,3.5296177467613195,21.713802043448407,8722.2793301629,0,1,1,0,0,0,0,1066249.0
2026-01-20,1066249,52591802.35,49.32,0.4806,0.1145,1.9505340018977941,2.641869084197714,3.5537755731245984,22.17640840057954,8691.353799743538,1,1,1,0,0,0,0,1256834.0
2026-01-21,1256834,64007742.72,50.93,0.4792,0.1128,1.9283002237645848,2.2551329416710364,3.5504005050256127,20.42564357775496,8650.517196381723,2,1,1,0,0,0,0,1199726.0
2026-01-22,1199726,60561011.89,50.48,0.5015,0.1133,1.8961142110062117,2.4827609231146424,3.5120496802357164,22.29684320897213,8602.436672858401,3,1,1,0,0,0,0,1237529.0
2026-01-23,1237529,68213240.49,55.12,0.5025,0.1208,1.9517003979630287,2.3884626366610946,3.461781886881994,21.306940244091226,8617.254824061712,4,1,1,0,0,0,0,1032895.0
2026-01-24,1032895,54244937.54,52.52,0.4789,0.1223,1.892710583175441,2.3850873553312564,3.312553394741955,17.896792531108602,8799.475525771319,5,1,1,1,0,0,0,1038372.0
2026-01-25,1038372,52971157.32,51.01,0.4985,0.111,1.8898674997138962,2.3813827698920753,3.489703944368464,20.927165055376218,8742.138854663906,6,1,1,1,0,0,0,1128967.0
2026-01-26,1128967,57315294.41,50.77,0.4879,0.111,1.8686550752482802,2.3572234374258834,3.4749722630214164,19.940682352137692,8718.501328605502,0,1,1,0,0,0,0,1179694.0
2026-01-27,1179694,61767473.72,52.36,0.4922,0.1174,1.9162054478316137,2.5636439767707335,3.482281463310154,20.933498511717474,8715.800607567293,1,1,1,0,0,0,0,1084988.0
2026-01-28,1084988,56882705.74,52.43,0.4934,0.1244,1.9076082944477502,2.49521927304692,3.4781967822464774,21.283552031065177,8663.393629884878,2,1,1,0,0,0,0,1034099.0
2026-01-29,1034099,48145335.64,46.56,0.4987,0.1221,1.8352133271527478,2.428641190074496,3.409409261190132,20.24698471095329,8750.803444724344,3,1,1,0,0,0,0,1102496.0
2026-01-30,1102496,57203920.81,51.89,0.4896,0.1078,1.8039655049164576,2.533813335014566,3.5038141486331447,21.87411104966387,8567.381423818506,4,1,1,0,0,0,0,957114.0
2026-01-31,957114,48774007.07,50.96,0.5029,0.1138,1.8451152411276708,2.303672868891164,3.5077767842199923,19.525136920738138,8527.846740826732,5,1,1,1,1,0,0,1094759.0
2026-02-01,1094759,53585017.76,48.95,0.4919,0.1099,1.8177361171213922,2.317158445385116,3.5105060506850245,20.35393776248439,8592.207818077119,6,2,1,1,0,0,0,1240159.0
2026-02-02,1240159,64773358.8,52.23,0.4951,0.1139,1.8437040081029665,2.2483136758237703,3.523941999267608,20.435487770330415,8570.813001539851,0,2,1,0,0,0,0,1098283.0
2026-02-03,1098283,59609020.9,54.27,0.4805,0.1252,1.8922540052374661,2.365530748733372,3.5070406623890227,19.219004721780898,8509.034452114394,1,2,1,0,0,0,0,1215928.0
2026-02-04,1215928,62907801.59,51.74,0.5105,0.1071,1.8209800787267927,2.433349201015041,3.4565624332673806,20.137507970258284,8544.163640110894,2,2,1,0,0,0,0,1209205.0
2026-02-05,1209205,63540840.0,52.55,0.4936,0.106,1.8340790699103273,2.427568011845911,3.473748776893994,18.357457695171625,8615.461081114323,3,2,1,0,0,0,0,1095708.0
2026-02-06,1095708,58728608.74,53.6,0.496,0.1109,1.8346369886637262,2.430209295481816,3.4820744689351653,18.43302809281816,8633.126245228625,4,2,1,0,0,0,0,1026415.0
2026-02-07,1026415,50954053.88,49.64,0.4728,0.1176,1.8627816211566603,2.304296633856173,3.4831316942373265,17.235157013898835,8572.402351456085,5,2,1,1,0,0,0,1008450.0
2026-02-08,1008450,48503645.09,48.1,0.4807,0.1197,1.7355013700953317,2.4803494288091334,3.527886989802898,18.970884869632716,8608.980229830368,6,2,1,1,0,0,0,1197985.0
2026-02-09,1197985,62132578.47,51.86,0.5013,0.1187,1.797645758628393,2.4341797618366767,3.510389817973028,18.9435915934731,8579.187208767287,0,2,1,0,0,0,0,1102929.0
2026-02-10,1102929,55700991.42,50.5,0.4918,0.1232,1.8269062327290757,2.472563066445534,3.5823047127921757,19.84157312545875,8638.2268478482,1,2,1,0,0,0,0,1159901.0
2026-02-11,1159901,56612595.25,48.81,0.4699,0.1056,1.8630034637325281,2.2614035765481386,3.5889930365492275,19.2500911398059,8755.638285339288,2,2,1,0,0,0,0,1139302.0
2026-02-12,1139302,57816413.46,50.75,0.4994,0.1234,1.7918739518826932,2.4366463203147637,3.4828849987483608,17.834357270304565,8553.9965664283,3,2,1,0,0,0,0,1202513.0
2026-02-13,1202513,62471515.66,51.95,0.4836,0.1144,1.7330420276568796,2.315605018102437,3.2873035586469936,16.638832091335356,8563.841616794316,4,2,1,0,0,0,0,1027027.0
2026-02-14,1027027,51999341.39,50.63,0.5032,0.1208,1.829451039485801,2.3777362584551907,3.5412126592829836,18.449773935366757,8432.36824699508,5,2,1,1,0,0,0,1010173.0
2026-02-15,1010173,50174264.33,49.67,0.4882,0.1085,1.7758109091869874,2.4511638984897606,3.4525878014494884,19.142154955292867,8621.024129396483,6,2,1,1,0,0,0,1158752.0
2026-02-16,1158752,58527058.78,50.51,0.4912,0.1165,1.750205956410943,2.4145915005605527,3.439768886302744,18.595583795494655,8586.0657321319,0,2,1,0,0,0,0,1259427.0
2026-02-17,1259427,63990728.08,50.81,0.5009,0.118,1.7693904376456062,2.338066847654091,3.4601581632676557,18.87207856625777,8645.228767390678,1,2,1,0,0,0,0,1155698.0
2026-02-18,1155698,55402952.11,47.94,0.4802,0.1236,1.7835592991815437,2.4055746720637763,3.4579864989772227,17.19903391932635,8643.772019372958,2,2,1,0,0,0,0,1132309.0
2026-02-19,1132309,57310110.16,50.61,0.4793,0.1072,1.7633310342084438,2.2814295185269002,3.5111712448491526,16.777224643741746,8582.801510553714,3,2,1,0,0,0,0,1205992.0
2026-02-20,1205992,58859079.12,48.81,0.4873,0.117,1.6958831499964782,2.494850021376205,3.4028259461821926,16.338039222622875,8513.138825698985,4,2,1,0,0,0,0,1039466.0
2026-02-21,1039466,53849412.99,51.8,0.4976,0.1103,1.8165778928594156,2.3852789670660095,3.4271525554523112,17.04170213137927,8636.784806575597,5,2,1,1,0,0,0,980023.0
2026-02-22,980023,47500728.31,48.47,0.476,0.1199,1.8282841974611546,2.4900555272806004,3.498438253900487,16.9022448651845,8712.70346891878,6,2,1,1,0,0,0,1276306.0
2026-02-23,1276306,66781082.21,52.32,0.4727,0.1216,1.7999485412064373,2.3573156353563625,3.51267013603841,17.133676134196573,8867.76183356828,0,2,1,0,0,0,0,1164179.0
2026-02-24,1164179,58424298.56,50.18,0.4976,0.1248,1.7249832320741103,2.356415536627533,3.5138434989996443,16.62096185008139,8873.500031123804,1,2,1,0,0,0,0,1163888.0
2026-02-25,1163888,58169048.09,49.98,0.4834,0.1139,1.759038543029711,2.3360269363061503,3.4426589579753197,16.507580520347037,8897.836277586934,2,2,1,0,0,0,0,1190244.0
2026-02-26,1190244,60974095.94,51.23,0.4856,0.1227,1.763449461880147,2.466112886885826,3.4333427165844355,15.629086731698294,8877.772707784337,3,2,1,0,0,0,0,1252927.0
2026-02-27,1252927,61996433.39,49.48,0.471,0.1254,1.7842787811095677,2.3381184139141835,3.4571703554598274,17.5856297501694,8856.166652146745,4,2,1,0,0,0,0,972595.0
2026-02-28,972595,49789227.76,51.19,0.4828,0.1074,1.783681913264225,2.4452913277870385,3.4947427028562577,16.443467351614636,8774.798742374904,5,2,1,1,1,0,0,1068183.0
2026-03-01,1068183,53056092.16,49.67,0.4896,0.121,1.7242072432015996,2.361975152168735,3.5572707708018956,16.03967210852857,8782.72289468526,6,3,1,1,0,0,0,1286317.0
2026-03-02,1286317,64220746.72,49.93,0.499,0.1232,1.7534845480769752,2.2333388064715023,3.380873748158079,15.250857447583394,8721.834386282993,0,3,1,0,0,0,0,1199304.0
2026-03-03,1199304,61599418.59,51.36,0.482,0.1159,1.7651311177681228,2.344632158854568,3.4724587417243273,14.449660437252657,8757.870983341938,1,3,1,0,0,0,0,1123135.0
2026-03-04,1123135,55078644.27,49.04,0.5064,0.1103,1.8017126310759595,2.2947669399640045,3.417111695665608,17.5191192253838,8772.56085327579,2,3,1,0,0,0,0,1155172.0
2026-03-05,1155172,56424062.7,48.84,0.483,0.1233,1.7683045128643067,2.390643038595438,3.4013847870110574,16.51816278252202,8796.58433599634,3,3,1,0,0,0,0,1206957.0
2026-03-06,1206957,61683660.47,51.11,0.4831,0.1105,1.7683357238363064,2.2915303479627362,3.532596920319864,13.80836209434301,8931.506082917513,4,3,1,0,0,0,0,1111723.0
2026-03-07,1111723,56350095.78,50.69,0.5053,0.1167,1.7367804339140769,2.4596700553376682,3.511733346954842,16.578738622220712,8929.770568026419,5,3,1,1,0,0,0,1036656.0
2026-03-08,1036656,52842066.88,50.97,0.4921,0.1176,1.7865043697259362,2.377132005127917,3.5072276861957303,16.677290198698284,8992.09755077906,6,3,1,1,0,0,0,1225788.0
2026-03-09,1225788,62766392.17,51.2,0.4845,0.1222,1.7431398887045957,2.369033379170642,3.5310620555290795,15.628352306366175,9160.991292155593,0,3,1,0,0,0,0,1116360.0
2026-03-10,1116360,56702589.42,50.79,0.4886,0.1142,1.688973986280003,2.434532384640272,3.4612804318050454,17.3070673647863,9270.695304376417,1,3,1,0,0,0,0,1122557.0
2026-03-11,1122557,57936546.7,51.61,0.5037,0.1139,1.776225195112224,2.4579905052745756,3.463890972861705,15.561077583677509,9368.76345488685,2,3,1,0,0,0,0,1177065.0
2026-03-12,1177065,59839545.6,50.84,0.5049,0.1187,1.7446842034382009,2.3780839814412156,3.5950667094578588,13.513952435830642,9344.28483154831,3,3,1,0,0,0,0,1256197.0
2026-03-13,1256197,59887204.25,47.67,0.4821,0.1242,1.695728785221992,2.316806794836828,3.4737098127311,15.56691692949049,9364.963658310058,4,3,1,0,0,0,0,1066741.0
2026-03-14,1066741,51262306.84,48.06,0.4899,0.1319,1.6909581127768871,2.2353932050368868,3.5230540137653845,15.338610368643883,9255.83816776465,5,3,1,1,0,0,0,1080323.0
2026-03-15,1080323,57863449.27,53.56,0.4913,0.1092,1.7186929650158032,2.321231779761162,3.48687638263953,14.23824146781612,9298.825033741363,6,3,1,1,0,0,0,1203481.0
2026-03-16,1203481,60970496.02,50.66,0.4806,0.1202,1.722054287428285,2.325540809271548,3.394405130336621,15.569374936661815,9323.156865441084,0,3,1,0,0,0,0,1253925.0
2026-03-17,1253925,65303548.8,52.08,0.49,0.1119,1.708120393540939,2.382281468853841,3.384848210627144,12.800252591261108,9326.451751608585,1,3,1,0,0,0,0,1161073.0
2026-03-18,1161073,58201779.46,50.13,0.4907,0.1246,1.7093877261448955,2.3449012729584373,3.4583929054779503,15.911914399221029,9414.415280928097,2,3,1,0,0,0,0,1227731.0
2026-03-19,1227731,62063299.23,50.55,0.5021,0.1129,1.7616452334598296,2.4263408916065643,3.540410485347434,13.592704397352392,9313.961702740637,3,3,1,0,0,0,0,1163286.0
2026-03-20,1163286,58106391.82,49.95,0.5028,0.1145,1.7332251206806182,2.3210579144672083,3.5272841614627493,13.38915994480874,9453.362869383598,4,3,1,0,0,0,0,1155486.0
2026-03-21,1155486,62767272.86,54.32,0.4875,0.1151,1.6947101849498878,2.364320709497279,3.5338384412305683,14.360574191305163,9531.751113241839,5,3,1,1,0,0,0,1025660.0
2026-03-22,1025660,52302441.99,50.99,0.4888,0.1182,1.721463475462432,2.4623875417860352,3.439048125922353,14.944218468820496,9527.044679383842,6,3,1,1,0,0,0,1155916.0
2026-03-23,1155916,57568742.61,49.8,0.4976,0.1207,1.6392413247602329,2.393796236238337,3.569460757623066,14.550259437030526,9515.648075632298,0,3,1,0,0,0,0,1226710.0
2026-03-24,1226710,59029589.91,48.12,0.4852,0.1217,1.6931955427007495,2.3604260304248386,3.440690011686598,13.392665418843421,9558.248685237384,1,3,1,0,0,0,0,1203772.0
2026-03-25,1203772,64461725.49,53.55,0.497,0.1188,1.746391858902494,2.3158494474693385,3.4998442844693947,13.608254606614686,9691.346598525031,2,3,1,0,0,0,0,1221252.0
2026-03-26,1221252,61472701.0,50.34,0.4903,0.111,1.6620438908753776,2.31211962719761,3.4889546810679484,12.789008553117185,9701.580948108374,3,3,1,0,0,0,0,1212476.0
2026-03-27,1212476,62671098.56,51.69,0.4816,0.1234,1.6336114819327494,2.2934993945159716,3.4810486776855827,13.813525754648538,9715.532930400988,4,3,1,0,0,0,0,1014471.0
2026-03-28,1014471,52597848.1,51.85,0.4818,0.1187,1.6381893994518055,2.3170354137135725,3.5569428897843136,15.309025990849735,9718.483706146233,5,3,1,1,0,0,0,1142704.0
2026-03-29,1142704,56975934.34,49.86,0.5059,0.1261,1.6174487657566037,2.4195339434463254,3.455029510976045,13.951112130870918,9876.994198135506,6,3,1,1,0,0,0,1236935.0
2026-03-30,1236935,63769903.8,51.55,0.49,0.1149,1.62640977220409,2.340091545939651,3.423077367173129,14.926111341298549,9845.637861889445,0,3,1,0,0,0,0,1255367.0
2026-03-31,1255367,62305161.08,49.63,0.508,0.1096,1.6397511274582393,2.248619924132876,3.49183083501263,15.58123276140842,9844.401844784026,1,3,1,0,1,1,0,1131360.0
2026-04-01,1131360,55484913.74,49.04,0.4866,0.1191,1.5951250275530011,2.496811718770032,3.4711139914070444,13.07040674895595,9976.314201986492,2,4,2,0,0,0,0,1171224.0
2026-04-02,1171224,61215187.88,52.27,0.4947,0.1271,1.6487537649763873,2.3797090527565317,3.6602495770729737,13.494750019980376,9990.917612910089,3,4,2,0,0,0,0,1150581.0
2026-04-03,1150581,57843073.53,50.27,0.5158,0.1204,1.6810065204647993,2.2403072969962063,3.525481742416308,16.26799938968714,10095.092595389673,4,4,2,0,0,0,0,1067717.0
2026-04-04,1067717,54751261.37,51.28,0.4814,0.1183,1.6053966788983038,2.3162630688362915,3.4714661106830933,15.341020829343792,10014.030609374106,5,4,2,1,0,0,0,1085275.0
2026-04-05,1085275,55466433.88,51.11,0.4731,0.1143,1.6992748783184575,2.359227403037573,3.439405164101551,11.547464229569659,9996.935747037238,6,4,2,1,0,0,0,1159014.0
2026-04-06,1159014,59618962.07,51.44,0.505,0.1301,1.6557369147247887,2.485466677737757,3.3984747563060997,13.966757865969093,10132.797374369005,0,4,2,0,0,0,0,1087875.0
2026-04-07,1087875,52368432.36,48.14,0.484,0.1135,1.6733352907091552,2.259190453030121,3.441507486864316,13.451960325801862,10072.702984890537,1,4,2,0,0,0,0,1229461.0
2026-04-08,1229461,60963657.29,49.59,0.4921,0.1154,1.6026106591504337,2.4246601813352195,3.4987956229817527,14.39340744347306,10060.390089497636,2,4,2,0,0,0,0,1181754.0
2026-04-09,1181754,59049118.75,49.97,0.4866,0.1232,1.6599221738405325,2.4572706598817198,3.5646958880217294,12.45931999561712,10085.05345295057,3,4,2,0,0,0,0,1134705.0
2026-04-10,1134705,55824334.93,49.2,0.4952,0.1087,1.5788860930247408,2.293751584295828,3.5496956602914844,12.29863902395196,9997.052206066634,4,4,2,0,0,0,0,1047950.0
2026-04-11,1047950,53527453.73,51.08,0.4831,0.1275,1.655000805465583,2.320572396447867,3.5053485180394177,12.448990658325346,9961.264235972061,5,4,2,1,0,0,0,963387.0
2026-04-12,963387,50293913.17,52.21,0.4909,0.1237,1.62309711868722,2.258595690971819,3.478018790881603,12.529287586915332,9972.741979631532,6,4,2,1,0,0,0,1198900.0
2026-04-13,1198900,62861796.25,52.43,0.4973,0.1254,1.6351914278764057,2.3239478851401345,3.507902012987993,14.150524890491912,9978.306426669853,0,4,2,0,0,0,0,1099444.0
2026-04-14,1099444,54858281.45,49.9,0.4829,0.1234,1.5628806340817536,2.336019338349769,3.4688145384479596,11.712423965211185,10095.341237092829,1,4,2,0,0,0,0,1150832.0
2026-04-15,1150832,58500407.35,50.83,0.486,0.1191,1.5709498799074046,2.390437723602382,3.5809505022791583,12.341641205545423,10237.777025840285,2,4,2,0,0,0,0,1177753.0
2026-04-16,1177753,60128515.03,51.05,0.4897,0.1138,1.6274952843800214,2.4235970299020244,3.4858594774665037,10.902046049975237,10160.594159130616,3,4,2,0,0,0,0,1201196.0
2026-04-17,1201196,61629594.61,51.31,0.479,0.1194,1.562530954873816,2.275248749975048,3.4912895963809953,14.21864325918609,10172.167869722087,4,4,2,0,0,0,0,1029524.0
2026-04-18,1029524,50495633.56,49.05,0.4891,0.1144,1.6158570939271455,2.176421980880183,3.385103688379142,14.497724181519034,10235.483293974323,5,4,2,1,0,0,0,1061438.0
2026-04-19,1061438,56346791.06,53.09,0.4947,0.1232,1.5395125553430862,2.330817436023347,3.4864122040613714,12.543518626161026,10377.544181446849,6,4,2,1,0,0,0,1159027.0
2026-04-20,1159027,59960962.78,51.73,0.4896,0.1252,1.624999529859389,2.3547065481435268,3.5382981053070326,12.543105871189853,10446.293299597732,0,4,2,0,0,0,0,1157140.0
2026-04-21,1157140,59896616.14,51.76,0.491,0.1293,1.5386514010258643,2.3498809967694334,3.4433785356822697,13.410256591843382,10475.108344001716,1,4,2,0,0,0,0,1155597.0
2026-04-22,1155597,60239355.98,52.13,0.4936,0.1227,1.606929391905,2.3024952802197927,3.4595202268760383,14.602607867529997,10539.571831014538,2,4,2,0,0,0,0,1148849.0
2026-04-23,1148849,58722009.37,51.11,0.4874,0.1261,1.6067529909320035,2.337308402180572,3.536984185328599,13.291482545685005,10605.120115321939,3,4,2,0,0,0,0,1088288.0
2026-04-24,1088288,53065955.21,48.76,0.5009,0.1188,1.550752548219567,2.4472604626816703,3.423808974712443,11.933087624754592,10518.371673249914,4,4,2,0,0,0,0,1004836.0
2026-04-25,1004836,50324936.25,50.08,0.5085,0.1178,1.598805468853596,2.3552578186877176,3.5508258971442572,10.797594366040421,10538.069619594013,5,4,2,1,0,0,0,1049679.0
2026-04-26,1049679,50178666.96,47.8,0.4896,0.1235,1.5828484093062194,2.2935413954448487,3.471623471393665,11.373115700801062,10678.82126239028,6,4,2,1,0,0,0,1151275.0
2026-04-27,1151275,58590854.49,50.89,0.4992,0.1184,1.547788693949324,2.282084419268556,3.479097881089987,12.771245677960891,10660.35515662118,0,4,2,0,0,0,0,1160320.0
2026-04-28,1160320,58021547.88,50.0,0.4921,0.1224,1.5259171763980406,2.307199035962973,3.442628803965057,11.870120902945162,10674.226519039916,1,4,2,0,0,0,0,1145432.0
2026-04-29,1145432,57485582.63,50.19,0.4983,0.1145,1.4846766870029147,2.4504110200807037,3.5180222740583558,12.864610387084891,10652.39399342138,2,4,2,0,0,0,0,1125139.0
2026-04-30,1125139,58555075.07,52.04,0.5104,0.1156,1.5740954319065714,2.303489997444641,3.622411600623943,11.942266328328628,10434.26377325062,3,4,2,0,1,0,0,1138219.0
2026-05-01,1138219,56387244.04,49.54,0.5,0.1248,1.4944504079190812,2.3152503841651293,3.538791706008745,11.312103466023013,10437.605771044742,4,5,2,0,0,0,0,1017444.0
2026-05-02,1017444,50705323.81,49.84,0.4773,0.1263,1.5577947577896376,2.276926383984253,3.456802224734283,11.146510571832641,10467.405007448868,5,5,2,1,0,0,0,1012208.0
2026-05-03,1012208,50849129.06,50.24,0.4997,0.1151,1.54038692323908,2.4021053505963694,3.5570979608352618,14.411795939651906,10420.639039307409,6,5,2,1,0,0,0,1162317.0
2026-05-04,1162317,55130501.25,47.43,0.5076,0.1251,1.5750398246422992,2.4696465631612905,3.4847841967253617,13.58271788839535,10314.29871976916,0,5,2,0,0,0,0,1133872.0
2026-05-05,1133872,56445317.46,49.78,0.4931,0.118,1.532746963587436,2.3475792300171383,3.5696444630818758,14.572443736907237,10234.251629177286,1,5,2,0,0,0,0,1103979.0
2026-05-06,1103979,51268731.42,46.44,0.5054,0.1213,1.5286109586711445,2.316820338239723,3.5415568704260187,13.124567986315252,10306.2659650101,2,5,2,0,0,0,0,1094770.0
2026-05-07,1094770,53948965.12,49.28,0.4887,0.1298,1.5680292097744735,2.311807183183161,3.35436960345905,11.942344676407574,10492.27134286103,3,5,2,0,0,0,0,1267551.0
2026-05-08,1267551,65187944.71,51.43,0.4809,0.1261,1.549127647356875,2.1167838088928614,3.45162712539273,14.028941420500512,10625.054494590267,4,5,2,0,0,0,0,972644.0
2026-05-09,972644,49414882.43,50.8,0.4973,0.1261,1.5453479502656184,2.365801975666431,3.549355586165403,12.38472697326952,10498.68097100657,5,5,2,1,0,0,0,1000120.0
2026-05-10,1000120,49235724.69,49.23,0.4784,0.1329,1.5484542505203474,2.3155825476108767,3.510025198068473,12.673761203450734,10581.159887821861,6,5,2,1,0,0,0,1180402.0
2026-05-11,1180402,59222457.67,50.17,0.4937,0.1172,1.4652479539743792,2.3377737137202343,3.4515613367438167,12.342558602678016,10519.600676732896,0,5,2,0,0,0,0,1189737.0
2026-05-12,1189737,57685434.21,48.49,0.5091,0.1156,1.55393514285148,2.2452442912849593,3.471377247025706,9.0,10466.015476426077,1,5,2,0,0,0,0,1170574.0
2026-05-13,1170574,58625736.11,50.08,0.4773,0.1172,1.545160576576229,2.2700574497557224,3.4080532682399616,14.292538917922547,10423.981172070233,2,5,2,0,0,0,0,1134626.0
2026-05-14,1134626,61802946.22,54.47,0.4838,0.1201,1.4769982087805695,2.266582568873793,3.499255597851485,12.943750519208075,10491.830959502095,3,5,2,0,0,0,0,1162709.0
2026-05-15,1162709,61427117.71,52.83,0.4864,0.1075,1.504911511449311,2.3798428110678627,3.614518696814657,12.738829846323702,10584.211759651313,4,5,2,0,0,0,0,1029869.0
2026-05-16,1029869,51626435.57,50.13,0.4962,0.1204,1.510117130039812,2.266458453189164,3.5445416123994455,12.258203398079164,10576.285189944649,5,5,2,1,0,0,0,1007727.0
2026-05-17,1007727,50666712.43,50.28,0.4933,0.1185,1.5033297431958974,2.462016207318115,3.614127308091179,12.518525392043351,10569.976731403654,6,5,2,1,0,0,0,1170230.0
2026-05-18,1170230,56822140.24,48.56,0.5111,0.1265,1.5190897152340384,2.328514404617391,3.549038609264092,11.596528304883254,10615.644967897266,0,5,2,0,0,0,0,1201189.0
2026-05-19,1201189,58630907.69,48.81,0.5068,0.1239,1.5600212058017873,2.1906307304458235,3.5566057990097844,13.044771934250273,10671.467401447806,1,5,2,0,0,0,0,1162955.0
2026-05-20,1162955,58780746.43,50.54,0.5023,0.1183,1.5430739444283132,2.2810394890534385,3.6042496223693696,10.728724152059458,10786.466957935414,2,5,2,0,0,0,0,1157639.0
2026-05-21,1157639,56957270.06,49.2,0.499,0.1255,1.444356777982725,2.2378249636730754,3.524723484906188,12.513630746353693,10663.913987127495,3,5,2,0,0,0,0,1204908.0
2026-05-22,1204908,61850686.76,51.33,0.5016,0.1263,1.51877615199935,2.113042103029389,3.496814366379144,12.958073632541582,10667.249370807904,4,5,2,0,0,0,0,1068093.0
2026-05-23,1068093,55880514.5,52.32,0.4892,0.1174,1.5441040346600683,2.415182063832698,3.558124794097812,12.040339229851952,10566.603387599594,5,5,2,1,0,0,0,1094803.0
2026-05-24,1094803,55232586.58,50.45,0.5065,0.1191,1.5034779414714368,2.3421054554788445,3.5795008899670977,12.719049784240188,10563.157199120378,6,5,2,1,0,0,0,1083107.0
2026-05-25,1083107,54253672.1,50.09,0.487,0.1087,1.5287092720331692,2.3271382911375786,3.483128378583915,11.080372699010265,10543.070595266248,0,5,2,0,0,0,0,1202579.0
2026-05-26,1202579,57007357.07,47.4,0.5066,0.1156,1.5626308890892961,2.296339656946073,3.4713666607043456,11.107636583691294,10540.027880189116,1,5,2,0,0,0,0,1184283.0
2026-05-27,1184283,60438728.59,51.03,0.5103,0.1177,1.520164037326185,2.1711696365680013,3.514707190763997,12.548023240925417,10465.818004594743,2,5,2,0,0,0,0,1113926.0
2026-05-28,1113926,53673670.15,48.18,0.5007,0.1227,1.4862691575394968,2.241663383105091,3.54965937575233,13.076225697511,10328.022582545027,3,5,2,0,0,0,0,1177626.0
2026-05-29,1177626,58009618.93,49.26,0.497,0.1166,1.5151870908417,2.346314977490216,3.548309795764132,10.010790488779113,10136.499759206603,4,5,2,0,0,0,0,1073916.0
2026-05-30,1073916,55106054.59,51.31,0.5029,0.1192,1.4762713891159591,2.193492738188522,3.437518440625753,12.886367402016603,10125.873569279218,5,5,2,1,0,0,0,996669.0
2026-05-31,996669,51234186.4,51.41,0.4704,0.115,1.4685299128990874,2.0736646989807657,3.60462946638484,11.608054994787521,10087.99959680781,6,5,2,1,1,0,0,1167382.0
2026-06-01,1167382,57374394.1,49.15,0.5022,0.1234,1.4506207341852946,2.256651760860966,3.4773140227614663,12.029115161789644,10028.135792397014,0,6,2,0,0,0,0,1191948.0
2026-06-02,1191948,58669047.05,49.22,0.4982,0.125,1.5243229529890852,2.262091742729757,3.496442888097183,10.6542690053961,10149.54809961997,1,6,2,0,0,0,0,1103677.0
2026-06-03,1103677,53828894.29,48.77,0.499,0.1249,1.4261639949980396,2.282887649198555,3.464888049867719,11.2415712421511,10072.668713794485,2,6,2,0,0,0,0,1130790.0
2026-06-04,1130790,54290643.4,48.01,0.5067,0.1226,1.5173161869001632,2.3289324343896234,3.6452625995061374,13.425288234146857,10203.273196943243,3,6,2,0,0,0,0,1159075.0
2026-06-05,1159075,56612134.12,48.84,0.4991,0.1133,1.4731419976144626,2.3202659280500346,3.5227758396809707,12.30839556074145,10354.84440326069,4,6,2,0,0,0,0,984674.0
2026-06-06,984674,46635762.52,47.36,0.4886,0.1189,1.3943067639941928,2.288563735769814,3.4684504579003064,11.813234243465848,10175.955148207362,5,6,2,1,0,0,0,975944.0
2026-06-07,975944,49570613.91,50.79,0.4987,0.1202,1.462122189590498,2.3621075337925297,3.55452305120322,12.136969780424568,10185.755239613058,6,6,2,1,0,0,0,1142065.0
2026-06-08,1142065,57498606.38,50.35,0.501,0.1203,1.3605579979048257,2.1435485098181393,3.5501120791335654,12.868567783445306,10150.51082485972,0,6,2,0,0,0,0,1179001.0
2026-06-09,1179001,59635802.53,50.58,0.5016,0.1232,1.4667278574711784,2.304031920171854,3.502598108830624,12.815426866213866,9889.255191048385,1,6,2,0,0,0,0,1174179.0
2026-06-10,1174179,56707724.21,48.3,0.5022,0.1313,1.4742709176426307,2.3123859550789807,3.554344717552251,12.202674933772329,9762.788215182092,2,6,2,0,0,0,0,1104087.0
2026-06-11,1104087,52908936.3,47.92,0.5112,0.1277,1.412327189151272,2.1616936574912557,3.471380456517224,13.610678140585877,9832.403171225988,3,6,2,0,0,0,0,1172709.0
2026-06-12,1172709,58377636.29,49.78,0.4901,0.1169,1.4381287562904352,2.1392230045395193,3.4883305628765227,13.470640400147012,10014.02917755785,4,6,2,0,0,0,0,977546.0
2026-06-13,977546,48664467.52,49.78,0.5029,0.127,1.5085242232898477,2.198369569610691,3.412797814054744,12.809620119595685,10097.036161415184,5,6,2,1,0,0,0,946754.0
2026-06-14,946754,46818319.39,49.45,0.5142,0.1268,1.407304795963108,2.20371219963145,3.4474440094962944,12.3871190769015,10127.812678530903,6,6,2,1,0,0,0,1126419.0
2026-06-15,1126419,55447103.7,49.22,0.4841,0.1181,1.382360763746125,2.3154979514207126,3.6043567663485296,13.118896808152597,10127.19188522187,0,6,2,0,0,0,0,1196157.0
2026-06-16,1196157,62452195.37,52.21,0.5034,0.1281,1.481171675419662,2.2046484901748817,3.5963810639076814,12.716266874726115,10283.06822918851,1,6,2,0,0,0,0,1171884.0
2026-06-17,1171884,58910151.77,50.27,0.4959,0.1221,1.4976023720324256,2.183889244400104,3.5179342141718064,13.621641173608795,10485.186259752632,2,6,2,0,0,0,0,1143853.0
2026-06-18,1143853,60135297.86,52.57,0.4982,0.1146,1.4164461332745142,2.2020503096460966,3.5981272447372685,13.43818333923518,10431.315547090708,3,6,2,0,0,0,0,1133456.0
2026-06-19,1133456,58379717.04,51.51,0.4931,0.1258,1.4539619305110332,2.339053843046208,3.5073135787628438,11.14732003049962,10246.570004640535,4,6,2,0,0,0,0,1006000.0
2026-06-20,1006000,52456144.49,52.14,0.5006,0.1244,1.464373232823688,2.2491873543183587,3.5034841574108873,11.077063408046858,10056.204312768046,5,6,2,1,0,0,0,1028352.0
2026-06-21,1028352,49322354.28,47.96,0.5209,0.1218,1.378231302035343,2.2323828260473344,3.5188183117896483,11.550186890027666,10177.884054706063,6,6,2,1,0,0,0,1095124.0
2026-06-22,1095124,55248742.51,50.45,0.49,0.123,1.3857406046007619,2.236499902894119,3.5100855424559168,13.57498578673771,10174.900874346658,0,6,2,0,0,0,0,1139182.0
2026-06-23,1139182,55703829.39,48.9,0.4911,0.1189,1.4516156801868412,2.347241030632383,3.505911383573077,10.524440817283947,10193.023431036938,1,6,2,0,0,0,0,1134742.0
2026-06-24,1134742,53374127.69,47.04,0.49,0.127,1.4670148307484867,2.182516768632551,3.574181415952511,12.902565425758262,10031.377767804737,2,6,2,0,0,0,0,1082285.0
2026-06-25,1082285,56020245.75,51.76,0.5204,0.1231,1.419368755474436,2.3462639301072326,3.5248593360905054,12.877199450005497,9964.906102435316,3,6,2,0,0,0,0,1103521.0
2026-06-26,1103521,54141101.18,49.06,0.4987,0.1244,1.3589059130622207,2.256434203453014,3.5533184150015895,13.85105646741065,9939.73585109589,4,6,2,0,0,0,0,1033930.0
2026-06-27,1033930,49531013.76,47.91,0.5033,0.1255,1.470831605518978,2.225330669784993,3.5696058556534194,12.686449884365445,9959.642768252788,5,6,2,1,0,0,0,1023443.0
2026-06-28,1023443,49997124.82,48.85,0.4997,0.1165,1.3673667096544766,2.436804484559156,3.5377893496343833,10.872784263146519,9925.270307591192,6,6,2,1,0,0,0,1142203.0
2026-06-29,1142203,55128267.75,48.26,0.4944,0.1181,1.372462132364217,2.1508480290013896,3.4702104504978473,11.348422973669644,9834.319767628964,0,6,2,0,0,0,0,1114860.0
2026-06-30,1114860,53963755.22,48.4,0.5017,0.1102,1.3968289713317987,2.205569605482449,3.4514254043903607,11.096682996602766,9766.3940875244,1,6,2,0,1,1,0,1210600.0
2026-07-01,1210600,59437526.65,49.1,0.5288,0.1269,1.4425754080962088,2.1338337953212725,3.5268531363491946,11.885382925616497,9874.467065861785,2,7,3,0,0,0,0,1097608.0
2026-07-02,1097608,57088272.92,52.01,0.5183,0.1163,1.4118472852054553,2.3071876460102785,3.5111974174811897,12.327675374859535,9897.532630630001,3,7,3,0,0,0,0,1151948.0
2026-07-03,1151948,55755568.34,48.4,0.4961,0.1244,1.3915678450892985,2.364686778261054,3.5244766532408796,11.165266721317305,9953.507325012508,4,7,3,0,0,0,0,802746.0
2026-07-04,802746,41642237.7,51.87,0.5112,0.1258,1.3907954716718005,2.3617050581730616,3.519651948476313,14.345622256927895,9874.593837367544,5,7,3,1,0,0,1,1012713.0
2026-07-05,1012713,51288123.92,50.64,0.4966,0.1273,1.371300951381141,2.324585320515432,3.649981620272099,11.007907918759585,9616.79273729175,6,7,3,1,0,0,0,1148926.0
2026-07-06,1148926,57389531.4,49.95,0.4874,0.1165,1.3891881103864452,2.2094165955946323,3.4546406280947437,14.23136818463638,9572.868586723444,0,7,3,0,0,0,0,1070883.0
2026-07-07,1070883,54040477.77,50.46,0.5155,0.1233,1.2629880250072036,2.1945624113843265,3.422004346390793,14.056413537775953,9499.733982544822,1,7,3,0,0,0,0,1132849.0
2026-07-08,1132849,55902529.68,49.35,0.5171,0.1338,1.3496197632489584,2.088642223837728,3.53847093455599,13.730724660721352,9530.859679860143,2,7,3,0,0,0,0,1191287.0
2026-07-09,1191287,61042108.19,51.24,0.5162,0.1341,1.3684563096532296,2.3837584796904925,3.503382110740152,11.839149876443173,9818.1866141975,3,7,3,0,0,0,0,1214004.0
2026-07-10,1214004,60878485.16,50.15,0.5012,0.1297,1.310087978577611,2.256958325266227,3.5383584887324195,13.101878254680825,9881.091095302707,4,7,3,0,0,0,0,1009151.0
2026-07-11,1009151,47212461.12,46.78,0.5044,0.1259,1.3689123251076205,2.178633715395759,3.5521018129158657,11.177713168254847,10128.736506667829,5,7,3,1,0,0,0,1001958.0
2026-07-12,1001958,49807958.25,49.71,0.5138,0.1178,1.3426171365347002,2.3227837300585934,3.58746617148547,13.82361703479491,10182.041281977496,6,7,3,1,0,0,0,1238215.0
2026-07-13,1238215,62439564.28,50.43,0.5104,0.1282,1.4183573504051021,2.137265666904989,3.4482536275882056,12.662060509281039,10125.799116013104,0,7,3,0,0,0,0,1189802.0
2026-07-14,1189802,58065251.43,48.8,0.5027,0.123,1.4084071942262022,2.2461629942275767,3.4961337111355117,12.280310140784994,10158.875774168217,1,7,3,0,0,0,0,1118329.0
2026-07-15,1118329,55256780.29,49.41,0.4906,0.1273,1.324208012287006,2.1983680737315714,3.545763060514717,11.323986186839203,10324.333044003173,2,7,3,0,0,0,0,1123972.0
2026-07-16,1123972,54272353.79,48.29,0.5082,0.1202,1.3341663048696384,2.26181653421181,3.563204271597124,9.840786722905964,10497.106209596119,3,7,3,0,0,0,0,1186424.0
2026-07-17,1186424,55908787.4,47.12,0.518,0.123,1.3346072387081516,2.204179239831765,3.6347103648446653,11.589182607680641,10444.250220092761,4,7,3,0,0,0,0,957408.0
2026-07-18,957408,44853932.22,46.85,0.4954,0.125,1.316869841195229,2.0917324688756747,3.5731805812516404,14.19274564479508,10469.437493277666,5,7,3,1,0,0,0,1058276.0
2026-07-19,1058276,49584409.95,46.85,0.514,0.1255,1.3401140505267977,2.2123932202991394,3.52291414668557,12.396257609797749,10336.97160268089,6,7,3,1,0,0,0,1152991.0
2026-07-20,1152991,57819880.34,50.15,0.5111,0.127,1.2993643523722676,2.288795501166237,3.48159067960215,12.699041926643233,10415.332768930793,0,7,3,0,0,0,0,1158254.0
2026-07-21,1158254,52576988.6,45.39,0.5155,0.1206,1.2818593596711094,2.201087181590985,3.49825756093263,13.711784749638241,10563.337685321434,1,7,3,0,0,0,0,1113538.0
2026-07-22,1113538,53576275.45,48.11,0.5169,0.1161,1.3493865148029727,2.2639707088605254,3.4971971928515777,15.115104524150526,10568.496950036004,2,7,3,0,0,0,0,1101351.0
2026-07-23,1101351,52809014.5,47.95,0.5014,0.1339,1.347059097609009,2.1168550421187833,3.5599549885264063,14.561784481408136,10506.575004185372,3,7,3,0,0,0,0,1209379.0
2026-07-24,1209379,58847194.02,48.66,0.4924,0.1391,1.2871108885580689,2.196931352065301,3.5404048437078366,11.828743912005661,10542.055797546764,4,7,3,0,0,0,0,1008337.0
2026-07-25,1008337,46667902.02,46.28,0.5034,0.1269,1.3525090978062897,2.1476051223537502,3.461734846994147,10.688513601686596,10583.115644668867,5,7,3,1,0,0,0,974396.0
2026-07-26,974396,48385518.0,49.66,0.5178,0.1163,1.2888488905032784,2.2558571138628487,3.506485294519914,15.87546850292887,10592.226181063275,6,7,3,1,0,0,0,1119449.0
2026-07-27,1119449,52754855.31,47.13,0.5037,0.1196,1.3216614862045628,2.1971496201835023,3.572521474963485,15.79133057728989,10610.65842845136,0,7,3,0,0,0,0,1142706.0
2026-07-28,1142706,57956249.31,50.72,0.5024,0.1273,1.3417772724969248,2.2483668145213387,3.5465916297794777,13.319565797300815,10595.452751262617,1,7,3,0,0,0,0,1096633.0
2026-07-29,1096633,52716770.27,48.07,0.4913,0.1323,1.3050534033084955,2.2787073724064815,3.5578058415369984,11.593983478420942,10692.245921392461,2,7,3,0,0,0,0,1104639.0
2026-07-30,1104639,53956077.88,48.84,0.5273,0.117,1.3220276951018337,2.245548650948563,3.548885477450137,14.299851649369128,10764.731193750718,3,7,3,0,0,0,0,1109414.0
2026-07-31,1109414,54337229.8,48.98,0.5182,0.1236,1.2806267845384276,2.210596291084886,3.611427390930837,13.040067879096128,10671.296662603678,4,7,3,0,1,0,0,1038012.0
2026-08-01,1038012,51198110.63,49.32,0.5178,0.1255,1.2908769776584725,2.1074165279063486,3.5422751492210884,13.05999304211672,10576.056808330764,5,8,3,1,0,0,0,952824.0
2026-08-02,952824,46685122.06,49.0,0.52,0.1296,1.2879586934750382,2.1855763689024728,3.511539676073601,14.295092239525069,10553.248341384418,6,8,3,1,0,0,0,1048578.0
2026-08-03,1048578,50630124.92,48.28,0.5163,0.1223,1.2637931254891792,2.141676847778576,3.4854215604842347,13.649407288322786,10624.851254603176,0,8,3,0,0,0,0,1046993.0
2026-08-04,1046993,51746506.51,49.42,0.5083,0.115,1.2840542402297732,2.155322874708917,3.5440589571876995,11.851835983573658,10640.407095711533,1,8,3,0,0,0,0,1066229.0
2026-08-05,1066229,52877152.82,49.59,0.5093,0.1282,1.2266551807285382,2.151408275730955,3.4099131289605995,12.912015771050802,10580.375822858465,2,8,3,0,0,0,0,1186700.0
2026-08-06,1186700,56640992.22,47.73,0.5069,0.1312,1.2664342269384221,2.1014990997261105,3.523104397236315,14.122213382726585,10606.693030084862,3,8,3,0,0,0,0,1128392.0
2026-08-07,1128392,55856684.8,49.5,0.5377,0.124,1.2721715790557004,2.0218273340119284,3.5223980426848676,13.96848351134626,10576.542517179425,4,8,3,0,0,0,0,1020583.0
2026-08-08,1020583,51675368.9,50.63,0.5171,0.1269,1.270811388021691,2.123483406383239,3.464838350592689,13.698174566798293,10662.08149235115,5,8,3,1,0,0,0,1016792.0
2026-08-09,1016792,50726169.76,49.89,0.5071,0.1217,1.2688964164483403,2.190924805351829,3.4870211266855753,14.531654582013607,10695.487730697141,6,8,3,1,0,0,0,1134128.0
2026-08-10,1134128,56946988.4,50.21,0.5166,0.1195,1.2735892386743053,2.066119070534474,3.574290486732713,13.005493217307349,10666.577490214248,0,8,3,0,0,0,0,1122780.0
2026-08-11,1122780,55078420.87,49.06,0.5021,0.1307,1.2927467153225003,2.173745800271985,3.545717054055313,13.682173798100179,10690.22520652586,1,8,3,0,0,0,0,1191764.0
2026-08-12,1191764,56462456.7,47.38,0.5274,0.1269,1.30606474028864,2.3230299009035247,3.5396454029371074,9.44549721428748,10818.916741414874,2,8,3,0,0,0,0,1136143.0
2026-08-13,1136143,54024586.43,47.55,0.506,0.1275,1.2426142049454294,2.2513693916173754,3.550248544374352,12.985235281943014,10765.003647304356,3,8,3,0,0,0,0,1185028.0
2026-08-14,1185028,58337791.12,49.23,0.5178,0.1336,1.2180032895785253,2.299523879026017,3.539938388776317,14.470319418858981,10805.501830007923,4,8,3,0,0,0,0,1027957.0
2026-08-15,1027957,51549169.23,50.15,0.5236,0.1183,1.2219818091944334,2.1978457466482073,3.597826637994649,13.114175744529033,10800.06772607318,5,8,3,1,0,0,0,971507.0
2026-08-16,971507,51388594.76,52.9,0.517,0.1213,1.2417134818085258,2.258470543875883,3.5422321266755197,13.052377909786012,10843.072962009377,6,8,3,1,0,0,0,1113547.0
2026-08-17,1113547,55870465.46,50.17,0.5143,0.1256,1.244668508895319,2.1056661207477325,3.463527825395115,12.391493153156594,10780.798167982337,0,8,3,0,0,0,0,1089886.0
2026-08-18,1089886,51147064.72,46.93,0.5137,0.1213,1.2254950307197356,2.1105489348453594,3.6183234470713455,14.87484167102602,10792.926248861688,1,8,3,0,0,0,0,1184064.0
2026-08-19,1184064,56263557.42,47.52,0.5133,0.1294,1.2020054661253972,1.9414771288909327,3.555713082667627,14.358700175236356,10902.506789073177,2,8,3,0,0,0,0,1103292.0
2026-08-20,1103292,57448143.72,52.07,0.5083,0.1236,1.233166305184486,2.254011520921956,3.508113154450496,14.720954912961723,10812.37320798699,3,8,3,0,0,0,0,1099785.0
2026-08-21,1099785,53135141.12,48.31,0.5097,0.1188,1.2562349535611435,2.28085670374132,3.4752861764609837,11.689081054048536,10685.183269995432,4,8,3,0,0,0,0,1012476.0
2026-08-22,1012476,49298139.25,48.69,0.5292,0.1251,1.270351561306044,2.111886889133803,3.5581330429838562,13.59824120025199,10563.097499919259,5,8,3,1,0,0,0,994932.0
2026-08-23,994932,46923440.69,47.16,0.5136,0.1258,1.2218316963986122,2.1343346130218417,3.5328604478979115,13.485050287672328,10453.765980149876,6,8,3,1,0,0,0,1142651.0
2026-08-24,1142651,58200248.67,50.93,0.507,0.1304,1.225192681847234,2.09285087490313,3.617808748782519,13.51505426791139,10511.3117139718,0,8,3,0,0,0,0,1215758.0
2026-08-25,1215758,59962273.66,49.32,0.5099,0.1271,1.2022343773087465,2.1822806526096024,3.522189050375973,13.143214431864159,10380.521412853053,1,8,3,0,0,0,0,1168263.0
2026-08-26,1168263,55366463.36,47.39,0.5263,0.1276,1.2356401947919005,2.240170942981014,3.497999021915736,13.497975654103403,10354.094017430978,2,8,3,0,0,0,0,1125589.0
2026-08-27,1125589,52955471.16,47.05,0.5222,0.1267,1.2005618034285332,2.0092620150366023,3.5850421598297406,14.96386972246363,10413.24587376089,3,8,3,0,0,0,0,1073456.0
2026-08-28,1073456,52580061.57,48.98,0.5213,0.1237,1.2550309819265237,2.17994576807468,3.5869013700622623,11.68000725044682,10453.749239515999,4,8,3,0,0,0,0,965673.0
2026-08-29,965673,46903818.45,48.57,0.5133,0.1205,1.158283861834534,2.123563352016842,3.549455407766093,16.139448958124287,10418.914715925772,5,8,3,1,0,0,0,1026093.0
2026-08-30,1026093,51034314.1,49.74,0.5219,0.1266,1.2129517162829564,2.153274565074492,3.5752268916369214,14.61870020286889,10438.214032063583,6,8,3,1,0,0,0,1073647.0
